ticker,signal_date,crsi_weekly,crsi_monthly,monthly_confirmed,ret_4w,exc_4w,ret_8w,exc_8w,ret_12w,exc_12w,sample
8869.KL,2003-07-06,85.54185420785252,,False,0.1661763192210752,0.1690447889659499,0.1588878651786137,0.13380201226129798,0.09329212794730447,0.06969572781875447,in_sample
8869.KL,2003-07-13,88.35850328625965,,False,0.16212748664152998,0.16446206653434622,0.09126720701151138,0.046261052907485355,0.04166547292575239,0.01914856832119426,in_sample
8869.KL,2003-08-10,84.70220150383898,,False,-0.060974618055717834,-0.10842613140150087,-0.10365645344462568,-0.12856609148209966,0.7682969888442827,0.636880959909524,in_sample
8869.KL,2004-12-12,91.2219562329102,,False,-0.040696939581279915,-0.06535508045077582,-0.040696939581279915,-0.05555893185706275,-0.0755802765199232,-0.06562762052169673,in_sample
8869.KL,2005-08-07,91.31069510873692,,False,-0.4487963295763763,-0.412513078982092,-0.45784243602297314,-0.441020486320353,-0.5210838450773221,-0.4812072313165048,in_sample
8869.KL,2006-01-15,93.1357595642271,,False,0.07577461620648934,0.06655214343603949,0.09090863446849501,0.07987672604733036,0.3181987977719857,0.28331559050479305,in_sample
8869.KL,2006-03-26,81.13064729390713,,False,0.11393688052353762,0.09007313623835425,0.06330480032269231,0.04353350700603151,0.06361771546625233,0.09880870760567524,in_sample
8869.KL,2006-04-02,92.31597981946804,,False,0.08331750015869037,0.05892807237538042,0.0,-0.004446213802140522,-0.011917736347338611,0.009978789688325159,in_sample
8869.KL,2006-04-09,91.89774081393693,,False,0.08047156845486372,0.06174761459325237,-0.06896469815544091,-0.05519982232803592,-0.03418522266856011,-0.003434230461664963,in_sample
8869.KL,2006-04-16,94.51256511897412,,False,0.010856809356460438,-0.018695987399762228,-0.15219474097265445,-0.1277681245398273,-0.08668604054158835,-0.07308725796632135,in_sample
8869.KL,2006-10-08,81.15038478993505,,False,0.06096004488056658,0.03311185067840995,0.42680349006062374,0.314411878412638,0.4146226668085437,0.28561896715949997,in_sample
8869.KL,2006-10-15,87.93545299364575,,False,0.0595088620063117,0.020100184543739436,0.29759813709367744,0.1806227315552864,0.34521499816540013,0.2060645320488984,in_sample
8869.KL,2006-10-22,89.09511543524688,,False,0.0813803554856557,0.01847117905666143,0.22091146304434417,0.1084410093294674,0.4185939379917654,0.27547569407192196,in_sample
8869.KL,2006-10-29,85.67934562438789,,False,0.37931897220683947,0.30806932319443253,0.19541273156292582,0.10467635003568185,0.5057673704043073,0.3462967355338795,in_sample
8869.KL,2006-11-26,90.42875410078636,,False,-0.13333119050024603,-0.15152184524893325,0.09167451528282604,0.009321175947450355,0.5666738758627394,0.3765058290371395,in_sample
8869.KL,2007-01-21,86.11212869368626,,False,0.43511078982809515,0.33549941194254407,0.29006808492990654,0.2600618631472861,0.8625983691106787,0.7228131003775293,in_sample
8869.KL,2007-01-28,93.4547937574652,,False,0.23026665510316136,0.13318064305713212,0.14474919507403958,0.0885387744855824,0.7500181614599044,0.6256646080085844,in_sample
8869.KL,2007-02-04,86.31725219908448,,False,0.08387635284501256,0.12091700459722238,0.34193500517338465,0.31102088071309675,0.7032323829145236,0.607910392534974,in_sample
8869.KL,2007-02-11,97.0241231098101,,False,-0.04519732947641235,-0.003258980360649137,0.37854266585967195,0.3478786567548893,0.49153486011242564,0.39278960091603154,in_sample
8869.KL,2007-02-18,93.79199340855803,,False,-0.10106725273493522,-0.037767474738117146,0.29787775432570623,0.2613431279517514,0.4255343769671968,0.3547311951247029,in_sample
8869.KL,2007-04-08,93.66826952600479,,False,0.08196495984568652,0.01590924286111292,0.27048425182506025,0.20703235525972655,0.4720834073111907,0.4130805311777342,in_sample
8869.KL,2007-05-27,95.612831996055,,False,-0.02410242652865057,-0.06330097475352695,0.2034510730446478,0.17113035231308643,-0.2220087513683532,-0.11183616118096232,in_sample
8869.KL,2007-07-08,90.84585068284609,,False,0.08333743079090644,0.11130278543980812,-0.12499685861586061,-0.05227375068842503,-0.1800899983792279,-0.15276518768355665,in_sample
8869.KL,2009-04-26,84.15594063301643,81.08918966319148,True,0.10760080761019943,0.054633066265767104,0.40484577555652573,0.3375330385040698,0.3920744815132799,0.26290895719092244,in_sample
8869.KL,2009-08-16,91.87897022260192,87.62417333738556,True,-0.05456359742766767,-0.0711466206391758,-0.05456359742766767,-0.09263455836797999,-0.04700050814453523,-0.10773741614221208,in_sample
8869.KL,2010-10-31,80.67382187058756,90.20445193907352,True,0.10285473154086783,0.11189394692986995,0.48000132926944733,0.47606955068689016,0.3599973916222166,0.33225539237734253,in_sample
8869.KL,2010-11-07,91.41731365214623,93.9700228452864,True,0.09524192146593272,0.10235955401857612,0.38624598928245935,0.3815030811159559,0.22222275118531923,0.21550861748532438,in_sample
8869.KL,2010-11-14,96.48598825046793,93.9700228452864,True,-0.05041883686118458,-0.055399448012791994,0.13025408680138761,0.08198137258073923,-0.004201369954211301,-0.025543997650231402,in_sample
8869.KL,2010-12-26,89.21917680445523,97.05937686252207,True,-0.0810836688278291,-0.10480063961237221,-0.11583173063643039,-0.11978792396587286,-0.12741436141827703,-0.1223270080331996,in_sample
8869.KL,2011-10-30,92.11608023397118,76.94963652976408,False,-0.12307949618451566,-0.08915506590077643,-0.11795063717827696,-0.1276212305326767,0.01025220542205164,-0.01730855726905754,in_sample
8869.KL,2012-01-29,82.68732393126004,69.28039443805147,False,-0.05911750807168875,-0.0840172348842892,0.03448283896379914,-0.008208942611810814,0.03448283896379914,-0.012167138045182088,in_sample
8869.KL,2013-05-19,84.74504928622828,89.89514547487518,True,0.22549417525995155,0.22943395042939763,0.18137488300145888,0.1720540810865428,0.12255214740610912,0.11380224340099877,in_sample
8869.KL,2013-06-09,90.79110235427805,81.376440625775,True,-0.12451636194447091,-0.12264659113422154,-0.09338763942272114,-0.09728496035746492,-0.17899119706577035,-0.15195229129934548,in_sample
8869.KL,2013-10-20,84.85422361620212,79.1746335555843,False,0.012767739477162606,0.018168953580228756,-0.034153542136464474,-0.056803151514034686,0.021403419378337285,0.0063888771523622784,in_sample
8869.KL,2014-04-13,91.78215564899817,89.89092215694369,True,0.20833583803149605,0.20074678431195442,0.26389275594995115,0.2584735658087697,0.5490597127999155,0.5316523097119121,in_sample
8869.KL,2014-04-20,95.65795596641264,89.89092215694369,True,-0.03794112422972036,-0.05448465033684553,-0.02729053638777706,-0.04027168789652345,0.19253228052231489,0.17609127637636895,in_sample
8869.KL,2014-07-06,91.76223363292821,97.26406559797333,True,0.31136252643918993,0.3228060796954398,0.5214392445697568,0.5314132213045704,0.34042385079008664,0.3639846751129381,in_sample
8869.KL,2014-08-03,90.05042584054839,96.3640940788298,True,0.16019728633011873,0.15871069795544684,0.022161167308790197,0.03441870819734055,-0.007543527087129383,0.016327576031279947,in_sample
8869.KL,2014-08-10,88.2868182529345,96.3640940788298,True,0.2081245704106598,0.19258544759427215,0.02004400320907381,0.01952768891817496,0.11831884977246959,0.11001389923931969,in_sample
8869.KL,2014-08-17,86.0566936473438,96.3640940788298,True,0.18315640755250123,0.18780694510946336,-0.10180002750933534,-0.07206781989964813,0.13649697482216575,0.15801706318008762,in_sample
8869.KL,2014-08-24,88.12332804262887,96.3640940788298,True,0.1882144362435512,0.1997056789077125,-0.14075355474455378,-0.0965630822822891,0.05664962815792911,0.08722165231114742,in_sample
8869.KL,2014-08-31,95.92746237970375,96.3640940788298,True,-0.1189764194828949,-0.10525269175377193,-0.1445795602124169,-0.11925950921279782,0.011808920047036788,0.04234301552695319,in_sample
8869.KL,2014-09-07,95.59380987375387,38.66618865000296,False,-0.15567977989029272,-0.14088684066425272,-0.07433481847626347,-0.0672113388183107,-0.04074748484596254,-0.015288043764231103,in_sample
8869.KL,2014-11-09,80.88860588979189,68.1358886763476,False,-0.09180931352301701,-0.050793877251405654,-0.23084911080509407,-0.19169752891448072,-0.2012667359996261,-0.1777330399375095,in_sample
8869.KL,2015-11-01,81.57994434770147,30.770809363265567,False,-0.09871147555518245,-0.10884529553504979,-0.1053169939717894,-0.10399626513936,-0.18743644293598746,-0.16312248615493677,in_sample
8869.KL,2016-03-13,94.98699409664134,83.80907830303117,True,0.06692899299999604,0.05404395353836198,0.23228387575320306,0.26009344854525396,0.18461798686475397,0.22003128495478902,in_sample
8869.KL,2016-03-20,92.64860276142262,83.80907830303117,True,0.0474466256070348,0.04065891184049411,0.13868613035668645,0.19000460910142064,0.205017538011256,0.2487850879216168,in_sample
8869.KL,2016-07-10,88.97139020898454,92.84755395355624,True,0.05370829234492423,0.04185087353065424,0.07420453754055048,0.0576345548385578,0.10511796874716861,0.10024730000371178,in_sample
8869.KL,2016-07-17,88.23633391796265,92.84755395355624,True,0.06203515685101859,0.052594974778657766,0.03222323286070489,0.02141052803679848,0.07971004231788621,0.08152017147579642,in_sample
8869.KL,2016-07-24,84.20652891022108,92.84755395355624,True,0.0462290446570212,0.02797174779605513,0.061143791970324074,0.06381665316029268,0.07094736638080129,0.07001222217069324,in_sample
8869.KL,2016-07-31,83.08352038334658,92.84755395355624,True,0.002398409265203595,-0.015644703057410652,0.026552321122698737,0.01582806700415661,0.041044907031102904,0.030931573009616888,in_sample
8869.KL,2017-01-15,86.19146098727508,73.17656894572941,False,0.19786109872681817,0.18205246410424716,0.37151932035765456,0.34456568445051705,0.4468175905540455,0.4054304630783355,out_of_sample
8869.KL,2017-02-05,91.08744020951865,76.19691119321907,False,0.18807286956200742,0.17420351864910802,0.2226227874268628,0.1899345803922062,0.351805804216886,0.3025182342043632,out_of_sample
8869.KL,2017-02-12,88.81597175315797,76.19691119321907,False,0.1449735881859876,0.13400203222091403,0.2078341905349778,0.1826537658158644,0.27069503238988163,0.2331421752975254,out_of_sample
8869.KL,2017-02-19,92.44447383348178,76.19691119321907,False,0.04857934323189884,0.02660807444568593,0.16413712035117245,0.15048705957264255,0.1940967258392009,0.15416539253231631,out_of_sample
8869.KL,2017-02-26,85.94169111883127,76.19691119321907,False,0.0857373392091686,0.05782788291603366,0.15727837218531868,0.12330417718921327,0.14886193852281646,0.10768664796657446,out_of_sample
8869.KL,2017-03-05,97.37516342765684,76.4000980476477,False,0.029080638696507302,0.010519217439604236,0.13781388233807582,0.1028801711377792,0.02519748241637486,-0.012218106482242072,out_of_sample
8869.KL,2017-08-20,90.44152280539424,88.01592322913355,True,0.08963497942223639,0.08394312508081694,0.14558920347193435,0.15735577785955884,0.4459751769864954,0.46508313769296955,out_of_sample
8869.KL,2017-08-27,89.51563795393321,88.01592322913355,True,0.06096749490825268,0.0599105048673082,0.1347248029663061,0.1508453673116357,0.30493289799068474,0.331787303494678,out_of_sample
8869.KL,2017-09-03,84.69858143689258,79.44194709991889,False,0.05013906864823862,0.060053615438220284,0.19498580630471016,0.21022979374850556,0.3259053068196076,0.3574478932939369,out_of_sample
8869.KL,2017-09-10,91.47696651246777,79.44194709991889,False,0.013297900727658612,0.02223100045009765,0.3457444358244204,0.36763890751866835,0.3829785859502846,0.4178344981990208,out_of_sample
8869.KL,2017-10-29,93.61316389256598,91.54953279310683,True,0.10955736865171954,0.126108269405528,0.1736984816853141,0.1656177630033684,0.30930489575969,0.26194304358338244,out_of_sample
8869.KL,2017-11-05,98.88078905336062,92.9854638190571,True,0.027668069162815515,0.0409196459910742,0.06843563394255663,0.03633784531302518,0.13583267560344434,0.07093059065550089,out_of_sample
8869.KL,2018-08-12,91.67772498554025,67.97739713202685,False,-0.016971934114204806,-0.01332804317986312,0.019139169441270497,0.03497745025862478,-0.027002877581333573,0.023879030148314773,out_of_sample
8869.KL,2019-03-24,81.9180110782575,64.97505822663538,False,-0.04660996505620525,-0.019855805853862724,-0.08898293469102571,-0.052202759027729,-0.08851817608040889,-0.071700091574848,out_of_sample
8869.KL,2019-08-04,89.58131633108489,77.85465484528771,False,0.014432715218596051,0.02341990142272082,-0.007746758536853208,0.018452554736976264,-0.009813667477936938,0.02507777897076368,out_of_sample
8869.KL,2020-01-12,85.0935842796756,71.58143377084912,False,0.022267401915775586,0.04549762549070402,-0.046558744634998,0.021529669784004793,-0.34019597358931325,-0.17631504480377275,out_of_sample
8869.KL,2020-01-19,94.12776215881588,71.58143377084912,False,-0.03288187792263582,-0.0007038017288434201,-0.16004547621579812,-0.00272095175767581,-0.2880753827162774,-0.13874053092085,out_of_sample
8869.KL,2020-06-14,84.22858572187593,75.22757941547103,False,0.038908819005780096,0.009271462626038642,0.08219646533937874,0.06142054089376502,0.1276658412439872,0.14717401953318682,out_of_sample
8869.KL,2020-06-21,81.74376107493924,75.22757941547103,False,0.010752578317340136,-0.048341370777025244,0.06881716035919412,0.030781283547467286,0.1226014736129553,0.12420042413514308,out_of_sample
8869.KL,2020-11-15,85.05563324595464,86.96867616285476,True,0.26963518548509785,0.20994429094216754,0.3499918614403884,0.3226280347802539,0.2937420164167309,0.300699308046603,out_of_sample
8869.KL,2020-11-22,86.48008439529117,86.96867616285476,True,0.24000173814950299,0.20314527368871868,0.34474728631801027,0.3238782605827162,0.3170209780369594,0.31346330340460643,out_of_sample
8869.KL,2020-11-29,94.77678895898168,86.96867616285476,True,0.1442784312220259,0.12338997157811109,0.24297247095153007,0.24972168923269858,0.27300998689210854,0.28710556635649775,out_of_sample
8869.KL,2020-12-06,96.94816551286213,88.98063137295162,True,0.07285241554639962,0.06954755663081093,0.021703333749840716,0.055892655824369954,0.23908698022010993,0.2662781361530162,out_of_sample
8869.KL,2020-12-13,84.81353323299642,88.98063137295162,True,0.06329115392669914,0.09379728363798558,0.018987210820265995,0.08188119860106059,0.2151894850495116,0.265326589337103,out_of_sample
8869.KL,2020-12-20,87.74133428967217,88.98063137295162,True,0.0844720978575584,0.0998912414646771,0.06211220316706558,0.09422734250387664,0.25125360403450714,0.2735230574324703,out_of_sample
8869.KL,2021-02-28,92.830797136336,78.68374627752958,False,0.02295060499519226,0.007948200339630543,0.09528034490017677,0.07583489808608233,0.03328316974201116,0.0431579636286773,out_of_sample
8869.KL,2022-02-20,85.80204029391821,84.66390511361088,True,-0.08885830852827407,-0.08150355433883448,-0.06446548483448436,-0.055707156251566026,-0.27682605628447315,-0.24024577939835534,out_of_sample
8869.KL,2023-01-22,85.89263615689028,76.58585500880638,False,0.0,0.015616519250363467,-0.09348029348841985,-0.03442663317297655,-0.02126292687528485,0.022194147955992092,out_of_sample
8869.KL,2024-06-09,89.83630934279648,79.00736181314663,False,0.01484467063942021,0.01907245665442952,-0.1349981610401834,-0.13078893614736445,-0.1537285358452916,-0.19139561706883773,out_of_sample
8869.KL,2024-12-15,80.29319545559069,64.47758895658514,False,-0.07004481940110877,-0.06610389270627583,-0.006458024771398059,0.004631309071842035,0.0034773756567665006,0.041693369732135575,out_of_sample
8869.KL,2025-08-24,82.21351004397714,81.80125056457852,True,0.012498187053073349,0.012022428647868096,0.11019531310725181,0.10411689962475071,0.1421689490579424,0.12451598921558914,out_of_sample
8869.KL,2025-10-05,87.03025794613357,91.74503996816078,True,0.06030152858487054,0.0761480621990374,0.12395312419202346,0.1426619708364301,0.20625408669997938,0.18054254370727466,out_of_sample
8869.KL,2025-10-12,90.30880667310551,91.74503996816078,True,0.032733135475363204,0.03465638720425055,0.10146311065877638,0.10499522991829248,0.15727505014984156,0.12798855930957342,out_of_sample
8869.KL,2025-10-19,90.82793697273964,91.74503996816078,True,0.02880000984799845,0.017295393304455564,0.10246650045604697,0.08340827184495352,0.15542341969438123,0.10604501609341421,out_of_sample
8869.KL,2025-12-21,83.76924040773245,90.78001448465845,True,0.05202322070547546,0.02390630784524109,0.09393071893704096,0.049726376798119094,0.09391928733302064,0.07414021854798698,out_of_sample
8869.KL,2025-12-28,95.94936816676154,90.78001448465845,True,0.0320334402267632,0.006459523780039278,0.07242346491630762,0.027268148255896955,0.08502812003892901,0.05902490855099953,out_of_sample
8869.KL,2026-05-03,85.24359107126844,72.75815509821707,False,0.04287365133654568,0.06549247852810763,-0.10526440020505469,-0.07374326300500603,-0.08667245349977072,-0.07447747332426939,out_of_sample
5183.KL,2013-09-22,86.08326850453221,,False,0.021644866456477712,0.02288804161118527,-0.03318881565979212,-0.026551141057196602,-0.018758700423544022,-0.04013697721476464,in_sample
5183.KL,2015-04-05,80.27894323482069,,False,0.05575535080346498,0.06461325359383743,0.1258996111549653,0.17332345994034404,0.12410066272242648,0.19172055648614883,in_sample
5183.KL,2015-04-12,83.91085283276347,,False,0.03900678263266369,0.05888415303948132,0.10638288170480731,0.160050702946607,0.13652472918697986,0.1962056206111156,in_sample
5183.KL,2015-04-19,90.08184567576596,,False,0.09895798023117482,0.11734504191277131,0.07638850294476185,0.13678852847169293,0.07638850294476185,0.14696808662432348,in_sample
5183.KL,2015-04-26,97.37464627511743,,False,0.006441084489347177,0.04675073982018285,-0.0322060763418145,0.04339332870155383,0.030595859710734256,0.10353231279793197,in_sample
5183.KL,2016-01-03,80.25076718154584,,False,-0.01100400381756574,0.0035955913369242355,-0.06740002825446607,-0.05022431396524863,-0.06361348918513955,-0.07027816427231202,in_sample
5183.KL,2016-01-10,92.53299532422544,,False,-0.07549668429292494,-0.07842256892730645,-0.07549668429292494,-0.09653903152239991,-0.0969968066254743,-0.12893439384104266,in_sample
5183.KL,2017-04-09,82.97281449883383,,False,-0.08097694564872189,-0.09304548702438534,-0.07197958956204947,-0.09220671048926019,-0.08740365208741394,-0.10000617925102356,out_of_sample
5183.KL,2017-08-27,87.50153911437208,,False,0.01671317987745352,0.015656189836509044,0.05013936421010604,0.06625992855543564,0.015320414887665728,0.04217482039165899,out_of_sample
5183.KL,2017-12-31,88.30426860363553,,False,0.036363666104648286,0.004579569016356783,0.05324670916632486,0.017244049287584676,0.0823819710283137,0.04430899176031298,out_of_sample
5183.KL,2018-01-07,98.91511801489663,,False,-0.01595084951554776,-0.044834720323004514,-0.00613492428939033,-0.027092352739763362,0.032619554872197316,0.007597144729316288,out_of_sample
5183.KL,2018-07-22,88.3531404832607,,False,0.045767036887631875,0.02935373636016809,0.09823073850511145,0.0702539881242048,0.0773340978770616,0.0909720201710626,out_of_sample
5183.KL,2018-07-29,87.97255692437854,,False,0.05995478474719041,0.037655842410670784,0.09039799225426766,0.06694026722607262,0.07777301769684972,0.0986871339870477,out_of_sample
5183.KL,2018-08-05,94.7534695494636,,False,0.0629607969004741,0.040731544941773196,0.05172452266728874,0.044387781915687693,0.04385886374902613,0.09836729258669365,out_of_sample
5183.KL,2018-08-12,93.71908118517017,,False,0.038881472614215457,0.04252536354855714,0.03447508468389433,0.05031336550124862,0.04438977631022711,0.09527168403987546,out_of_sample
5183.KL,2019-03-03,91.19563851211144,66.46230429147742,False,0.007508847274345546,0.04109971521266528,0.0009095021684792309,0.03758722537729859,-0.037586819999269244,0.0226451133060531,out_of_sample
5183.KL,2019-03-10,89.08743656191889,66.46230429147742,False,-0.016216234371544378,0.00645771364128336,-0.03243259792523144,-0.007073960526082598,-0.10054052392143245,-0.08319424484235372,out_of_sample
5183.KL,2019-09-22,89.4372001290438,72.21749077182311,False,-0.040312089352845124,-0.023872972780555522,-0.03250977907445889,-0.030844562177875734,-0.06371924955977822,-0.0472863992343575,out_of_sample
5183.KL,2020-05-31,89.86227593708487,82.93623689768604,True,0.007936553177967971,-0.002170363264209189,-0.006349077046194765,-0.0853309099676694,-0.0238094756492599,-0.09431346011706068,out_of_sample
5183.KL,2020-06-07,93.48847102873253,40.70560580029602,False,-0.002985057336218451,-0.0006205641088608892,-0.07761183655462414,-0.10808098209849248,-0.1850745922843772,-0.16507883560301317,out_of_sample
5183.KL,2020-06-14,91.39503373200647,40.70560580029602,False,-0.08296944851446464,-0.11260680489420609,-0.1310044367670064,-0.15178036121262012,-0.19213978438233056,-0.17263160609313094,out_of_sample
5183.KL,2020-12-06,96.89567709561554,94.50914834834511,True,0.005412471731154394,0.002107612815565695,-0.09201644690467063,-0.057827124830141394,0.005412471731154394,0.03260362766406069,out_of_sample
5183.KL,2020-12-13,96.70194616857513,94.50914834834511,True,-0.04182519768527313,-0.011319067973986695,-0.06844116643714424,-0.005547178656349641,-0.008872038085712351,0.041265066201879044,out_of_sample
5183.KL,2023-07-23,80.03042451247784,75.60462363286716,False,0.04615398779736301,0.023112258045375974,0.15592060717630157,0.12372438134519026,0.14347461341853135,0.12181238388226934,out_of_sample
5183.KL,2023-07-30,91.19012481861762,75.60462363286716,False,0.007299267370899979,0.011339661379384091,0.08504884021246348,0.08513157549650348,0.06290501201700074,0.06932410856621557,out_of_sample
5183.KL,2023-09-10,87.7089377213921,72.21191412231435,False,-0.00976300662860705,0.01640280495714505,0.002789420472873185,0.006239640500644088,0.00418416568286068,0.0032012770894862632,out_of_sample
5183.KL,2023-09-17,93.39228724849018,72.21191412231435,False,-0.010767170063845002,-0.0005617497849949582,-0.03230151019153501,-0.02280891901257759,-0.04979810248329018,-0.03810536261420643,out_of_sample
5183.KL,2025-12-21,80.22724667963092,75.16735283613274,False,-0.07584270290799383,-0.1039596157682282,-0.06741569076173587,-0.11162003290065772,0.3494750592966684,0.32969599051163473,out_of_sample
5183.KL,2025-12-28,82.77774334954762,75.16735283613274,False,-0.07397260382571856,-0.09954652027244248,-0.054794528692889186,-0.09994984535329984,0.5184794425632198,0.49247623107529026,out_of_sample
5183.KL,2026-03-15,85.23557231151888,86.89115720024154,True,0.2252631940339741,0.2297014417312653,0.13052629169664884,0.10155958850625098,0.14315785859760485,0.14634820615794822,out_of_sample
5183.KL,2026-03-22,91.15614031644554,86.89115720024154,True,0.016423385451576535,0.031242849846439893,0.020073016994806913,0.00873466816872393,-0.02554742080261265,-0.003998201645140517,out_of_sample
5183.KL,2026-03-29,90.7173684036981,86.89115720024154,True,-0.05172416911538982,-0.05621425249297942,-0.017241444513996895,-0.017253133727183838,-0.22586213388567516,-0.22550012465533073,out_of_sample
5183.KL,2026-04-05,84.9204186998396,50.54635988498084,False,0.003389827220887213,-0.01225158801429415,-0.11694916035039286,-0.10961795792577624,-0.3186440820428221,-0.3022713248823237,out_of_sample
5211.KL,2014-09-28,91.88678717273307,,False,-0.03142822569632275,-0.01967054319241756,-0.06285732238905606,-0.045813043596778145,-0.05428584671271956,0.013364253676101404,in_sample
5211.KL,2016-09-25,87.59195821504197,,False,-0.031399450528852096,-0.03079501257798003,-0.031399450528852096,-0.003158741917766352,-0.031399450528852096,-0.011531018422195172,out_of_sample
5211.KL,2017-04-16,82.90693548532333,,False,0.08206674231884284,0.05613937986382611,0.08510686301688097,0.05165778200502436,0.18541087508668477,0.1686920820030552,out_of_sample
5211.KL,2017-04-23,95.94669943563333,,False,0.05882325290368812,0.05185877004233032,0.17647028100409792,0.15639112107972375,0.16470563042336028,0.16530359107307283,out_of_sample
5211.KL,2017-04-30,93.23896255056589,,False,0.03746388403259974,0.035065780973958544,0.12680149961162765,0.12035947151265905,0.18731972721716908,0.19235350668116605,out_of_sample
5211.KL,2017-05-07,89.50423207238113,,False,0.025714034928387218,0.017652743407105834,0.11999967528299847,0.11947205707719953,0.21714262230288284,0.2146805655932399,out_of_sample
5211.KL,2017-05-14,94.23098586984939,,False,0.0028095500759252926,-0.004522078684653449,0.09550624626571368,0.10448209553963428,0.21910120934759517,0.21985574983985912,out_of_sample
5211.KL,2017-05-21,90.36331698155982,,False,0.1111111111111111,0.09808713927672214,0.10000004932768827,0.10751018860249283,0.1472224318648974,0.1479689586239537,out_of_sample
5211.KL,2017-07-30,92.24424062463048,,False,0.02816896711508445,0.026986175197003116,0.03521129226458066,0.03297026010627693,-0.08083925640649832,-0.06588241670602749,out_of_sample
5211.KL,2017-08-06,90.36259306960339,,False,0.0,0.0007720326478387832,-0.010752817522482036,-7.389243847197996e-05,-0.07591007332567531,-0.05990582209003097,out_of_sample
5211.KL,2019-02-03,82.92758852786534,,False,0.01851870544020618,0.008284269363086672,0.04953164016520493,0.07323185561709486,0.07264664168723936,0.09946530463257415,out_of_sample
5211.KL,2019-04-07,82.1795582574129,,False,0.0,0.002746974135051854,0.0059521984836845366,0.0005009277200367307,0.0,-0.018467389775302184,out_of_sample
5211.KL,2019-04-14,85.04892363805389,,False,-0.017647342390635014,-0.005440011941904176,-0.011764757351724848,-0.023518078534712897,-0.005882585038910165,-0.03800192470291335,out_of_sample
5211.KL,2019-04-21,84.07083268648374,,False,-0.011696040804104241,-0.001394412951539253,-0.017543815018636805,-0.027753028642029404,-0.023391999545701963,-0.05260159373811486,out_of_sample
5211.KL,2019-09-29,81.02216051673453,,False,0.01601212337923846,0.024938111308137244,0.07011921279137671,0.06210227549136573,0.08214301955938237,0.06570505396182819,out_of_sample
5211.KL,2019-10-06,89.06581552876507,,False,0.0,-0.022899536402879117,0.04142014033448591,0.03880729796463843,0.0710059664011315,0.03701934541421045,out_of_sample
5211.KL,2020-12-13,95.06649982750655,87.89813360111008,True,-0.05095530400264348,-0.020449174291357047,-0.05095530400264348,0.011938683778151112,-0.01910835484698808,0.031028749440603316,out_of_sample
5211.KL,2020-12-20,84.28376105884281,87.89813360111008,True,-0.050632885958968275,-0.035213742351849577,-0.05696191298544321,-0.02484677364863215,0.06962021819358137,0.09188967159154453,out_of_sample
5211.KL,2021-03-14,94.75962790560679,81.90874285814309,True,-0.011834313969045756,-0.009705228853088436,-0.0388565454166062,-0.02137795035288022,-0.06273595250495327,-0.03968698173401291,out_of_sample
5211.KL,2021-06-27,87.28477577429726,81.41528421482896,True,-0.017143074193380906,0.006092532505865913,0.02285705766374201,0.04956126812983398,0.0,0.0071617534113715695,out_of_sample
5211.KL,2022-04-17,80.9623976507739,80.85168609518088,True,-0.055248579348757425,-0.027180804248639657,-0.03314929036675258,0.026674158201561424,-0.11602223076863778,-0.013304205268471467,out_of_sample
5211.KL,2023-07-30,91.03308310848233,91.30988872559038,True,0.09826591889342066,0.10230631290190478,0.18520346996610487,0.18528620525014486,0.09178843236398206,0.09820752891319688,out_of_sample
5211.KL,2023-08-06,93.75961928244764,94.88846952617378,True,0.09497216132047373,0.08236493242923483,0.11161957940054176,0.12617796023161423,0.043906652502607994,0.046196933231984066,out_of_sample
5211.KL,2023-08-13,91.89073352222381,94.88846952617378,True,0.06557371681621171,0.06709042256985027,0.08732177718720711,0.11496460868961705,0.03212778700165484,0.03708947981449687,out_of_sample
5211.KL,2023-08-20,98.800951951677,94.88846952617378,True,0.05729171610536166,0.04834340460164267,0.02057167666969941,0.021920106724511987,0.004789674950955731,0.005418897289040928,out_of_sample
5211.KL,2024-01-14,92.4390176977953,93.7681718091341,True,0.15744676151504267,0.14067852825990565,0.23404265389633713,0.19873127873115515,0.4852987471410593,0.43964003041167116,out_of_sample
5211.KL,2024-01-21,91.90407507201338,93.7681718091341,True,0.13114752769822835,0.0994057313312896,0.23770484330253444,0.1929919110206498,0.4388060865698161,0.39529737463553505,out_of_sample
5211.KL,2024-01-28,96.7664029745027,93.7681718091341,True,0.10894930182836957,0.08051504311043362,0.37389924419440607,0.34992628787205576,0.3109124632183748,0.2835006166897705,out_of_sample
5211.KL,2024-02-04,91.99325903406164,88.64764803999174,True,0.05660360111715388,0.04246648728351346,0.3362409131911219,0.32338963544835303,0.32478740898966935,0.28616097331041024,out_of_sample
5211.KL,2024-02-11,91.17539799378473,88.64764803999174,True,0.06617660088403038,0.047939266845102003,0.2832544843763475,0.25484045399131117,0.32045042457212236,0.26932898209735645,out_of_sample
5211.KL,2024-02-18,86.05995471561937,88.64764803999174,True,0.09420284533631042,0.081630769686549,0.27198800451577,0.26058310107115135,0.28298502928748737,0.23921730539189112,out_of_sample
5211.KL,2024-02-25,93.67342408030697,88.64764803999174,True,0.23891979726142828,0.24325775309843745,0.182121185393255,0.18311532982267748,0.2602193851218488,0.21663951642046414,out_of_sample
5211.KL,2024-07-14,81.33388597458682,84.32989582485264,True,-0.009756008324650402,0.004455947336593297,-0.03902427164969825,-0.06006112963569575,0.02201053201990756,0.01527210866651392,out_of_sample
5211.KL,2025-09-28,88.43129205893348,92.30033363277725,True,-0.002186430307338566,-0.004809077568185682,0.006884589513297383,0.0015896035262906007,0.01595560933393333,-0.019375781151615253,out_of_sample
5211.KL,2025-10-05,93.52060420424266,36.63077183557068,False,-0.05919752399437868,-0.04335099038021181,-0.052241541067443636,-0.033532694423036996,-0.015722339363167054,-0.04143388235587177,out_of_sample
3794.KL,2002-04-21,96.15455871999482,,False,-0.05882359910345359,-0.045671472440840896,-0.07843161905110436,-0.0160029006388151,-0.09803950735889837,-0.024763373095770508,in_sample
3794.KL,2003-01-26,84.8381818688996,,False,-0.04999980278694772,-0.02858862864706924,-0.09320641316705112,-0.038422521206423685,-0.14429306967318944,-0.09465264514570976,in_sample
3794.KL,2003-06-01,86.40752949780894,,False,-0.0357145740243273,-0.06548550539809277,0.1071423140471974,0.04895566697111907,0.04999946495020188,-0.05706566366621009,in_sample
3794.KL,2003-06-08,86.58046898801153,,False,0.07692291433223628,0.01304102757158243,0.1048949082437324,0.04406473448737172,0.07692291433223628,-0.013647356961091664,in_sample
3794.KL,2003-06-15,87.7434968779864,,False,0.055172908829296784,0.005951205706581655,0.02068975017935999,-0.02608246105213845,0.10344838837029473,0.00700525158755004,in_sample
3794.KL,2003-09-07,87.17629690678802,,False,-0.012499946612313073,0.009020739568477765,0.21250040656776967,0.13233964063333986,0.13125034291321988,0.10111068367994178,in_sample
3794.KL,2005-01-23,86.2632361812399,,False,0.0679012880465733,0.09153202783428555,-0.03703721072006377,0.0013829284925109958,-0.05065678015777984,0.009006314592324732,in_sample
3794.KL,2005-01-30,89.07549963740477,,False,0.017857146963039562,0.03281519564796525,-0.08333360797220174,-0.046450866702232876,-0.10930322943885454,-0.06629334967923949,in_sample
3794.KL,2005-12-18,90.54467334083883,,False,0.016129733363857923,-0.004611985518747183,0.2177418073507432,0.18758632576008108,0.18548413932202837,0.15348169127504818,in_sample
3794.KL,2006-02-05,93.31698897950349,,False,0.07142835016020273,0.08319747577047208,0.1357139803639369,0.1370288165284306,0.2085986304196036,0.18555610690246818,in_sample
3794.KL,2006-02-12,96.32172253660694,,False,-0.026489743420153214,-0.028282644093230436,0.08659900120020751,0.061172759524969506,0.14092927539666505,0.09630300008381437,in_sample
3794.KL,2006-02-19,87.32868704498806,,False,0.05882346748042541,0.0629789994541338,0.07239448186050128,0.05960395761706529,0.07909730118467982,0.03637598442164937,in_sample
3794.KL,2006-02-26,86.37159707021887,,False,0.00649378810796841,0.005217930191845476,0.07209056656726212,0.046920517618901245,0.0055011373603504055,-0.015571239233523378,in_sample
3794.KL,2006-08-27,81.39494102034276,,False,0.04347821518645813,0.028002517005209684,0.1366460764745328,0.10648365767109205,0.45341659471169415,0.35844750655322827,in_sample
3794.KL,2006-09-03,83.28402721003232,,False,0.06748493772157904,0.06034425203303312,0.128834288065264,0.09842903569621189,0.3251532914622688,0.22133202652138112,in_sample
3794.KL,2006-09-10,95.04159120357463,,False,0.04093548408295337,0.02600920826032011,0.12865449968106762,0.0854643598284541,0.3450294281977484,0.21603395253152133,in_sample
3794.KL,2006-10-29,80.85918188926252,,False,0.17391304062306664,0.10266339161065972,0.5108693803435655,0.4201329988163216,0.5434786049204687,0.38400797005004095,in_sample
3794.KL,2006-11-05,95.02816148477687,,False,0.191710508909346,0.10945768410241626,0.43005303642003634,0.3316382062753896,0.471503371803567,0.29929240233031795,in_sample
3794.KL,2006-11-12,96.51888038226933,,False,0.27451023131593555,0.199884408232395,0.4215687168786061,0.32560858991735986,0.5686272024412766,0.3855302691429775,in_sample
3794.KL,2006-11-19,99.65593648974162,,False,0.11111112258611408,0.06448317131337111,0.19658112155233107,0.12111929539675702,0.3675207063846584,0.1752821678270535,in_sample
3794.KL,2009-02-15,80.29488947596808,74.51032713817351,False,-0.019538168015390812,0.05343071957893766,0.16595465111361557,0.1312892406058473,0.2348518938401875,0.10632380209908568,in_sample
3794.KL,2009-04-05,82.88188132581332,83.36191361459029,True,0.091787697718618,-0.0005265872035364605,0.18357522636206536,0.032419258831602626,0.43719829592517,0.25113639148242495,in_sample
3794.KL,2009-04-12,91.17724070347832,83.36191361459029,True,0.05909084256473221,-0.03162706515702092,0.4772733708411775,0.3348016862700957,0.3068179251139123,0.16733128226793048,in_sample
3794.KL,2009-04-19,85.40909535532661,83.36191361459029,True,0.030973331413058795,-0.01983641187654881,0.2831859058043395,0.15369571887677927,0.31637157931740434,0.21007939382470814,in_sample
3794.KL,2009-06-07,94.80191925414577,94.72400727271243,True,-0.11538517453286642,-0.1127723817911184,-0.07692344968857762,-0.1693456016309881,-0.04615424211364467,-0.13799061545743826,in_sample
3794.KL,2010-03-21,80.42606374885706,76.19168904359577,False,0.04516131156161944,0.017265241357725485,0.08870973051695183,0.05577738897275952,0.07451493752218152,0.076003393234787,in_sample
3794.KL,2012-08-12,87.3168913613825,86.8460071581693,True,-0.032073411746191424,-0.019425762168770188,0.08697708698007164,0.07793955400882327,0.1332317644995898,0.12668607259803988,in_sample
3794.KL,2012-10-07,93.7014968679315,92.32018992597803,True,0.042553498204848696,0.045023020881929804,0.018085060442044307,0.04783998897315954,0.01056665524233357,-0.002142412678473477,in_sample
3794.KL,2012-10-14,93.93662864062783,92.32018992597803,True,-0.0020411027904968016,0.005386214554590532,-0.010204017498929288,0.01132182450500963,-0.01730385160208821,-0.04102522568311477,in_sample
3794.KL,2012-10-21,89.03295795078562,92.32018992597803,True,-0.02515115823555816,-0.002904963359222159,-0.036217722153063125,-0.027594086465647226,-0.026072560438212822,-0.03588441018495547,in_sample
3794.KL,2012-10-28,84.03775573045495,92.32018992597803,True,-0.036072100116322746,-0.0016379759484834236,-0.060288861289095816,-0.05248928180225856,-0.03603830245206462,-0.03875972953036992,in_sample
3794.KL,2013-03-10,88.6697840862022,71.05037464989687,False,0.029051957823384815,0.008078013897378632,0.008874341214902793,-0.015799810250419245,0.08958376474020972,0.019896461245696384,in_sample
3794.KL,2013-03-17,88.01677074033573,71.05037464989687,False,0.010923279267281295,-0.032630586458826084,0.09036699010942897,0.0014406987109970293,0.10824183075196193,0.01734338279027829,in_sample
3794.KL,2014-05-25,91.12180419496796,86.87033857635875,True,0.05254684576566926,0.04371963427712874,0.06932081066185039,0.06731462623263663,0.1007712950462905,0.10339801217232682,in_sample
3794.KL,2014-06-01,90.29416500993342,73.64009111268855,False,0.011607977172696904,0.007577802403858541,0.023869868425404516,0.021756062936299964,0.05656857918346043,0.05784435593041413,in_sample
3794.KL,2017-09-17,87.68911225438107,79.46167355904095,False,0.009230730833687757,0.026590351132568107,0.04307705782894485,0.06773651483939647,-0.055384620455928034,-0.018952405996274693,out_of_sample
3794.KL,2017-09-24,86.33109079967035,79.46167355904095,False,0.01654136030504661,0.03370077735838689,0.03609015000324118,0.06397207463152446,-0.03007521450267867,-0.019928581802635383,out_of_sample
3794.KL,2017-10-01,88.11997095636464,75.76960648356021,False,0.0,0.005382808763157596,0.0029586428443783295,0.024803262027728628,-0.08875739868242476,-0.09141181163787908,out_of_sample
3794.KL,2019-04-07,87.11772066365104,90.76321493514824,True,0.4252878022846314,0.4280347764196833,0.43678181364182095,0.43133054287817313,0.38697348637181234,0.3685060965965101,out_of_sample
3794.KL,2019-05-05,88.8278062722535,93.57013456105842,True,0.008064344154749286,-0.00015648314390851424,-0.026881810011566823,-0.04815460975258959,-0.06182796417788294,-0.06833862916992559,out_of_sample
3794.KL,2020-02-23,85.7660737077457,66.46339004990817,False,-0.5902965579460789,-0.44144602950884526,-0.39353096987737013,-0.31264017226679774,-0.307277624511284,-0.22383978893151774,out_of_sample
3794.KL,2020-11-22,89.00109134387702,80.90801210437287,True,-0.012345522206635475,-0.04920198666741979,-0.11522616854764317,-0.1360951942829373,-0.11111116942728433,-0.11466884405963727,out_of_sample
3794.KL,2020-11-29,81.7805486451965,80.90801210437287,True,0.06122454716387889,0.040336087519964064,-0.14285717260349276,-0.13610795432232425,-0.03673485323299691,-0.022639273768607672,out_of_sample
3794.KL,2020-12-06,92.21318574615832,70.84071069065743,False,-0.05660382262031451,-0.059908681535903216,-0.2301886668956245,-0.19599934482109527,-0.026415174975628314,0.0007759809572779851,out_of_sample
3794.KL,2021-05-30,80.49536970501435,86.71123553514826,True,-0.06666662887778688,-0.04486594087905593,-0.13015874892463644,-0.08562900643877018,-0.12698415911752817,-0.07906143081332898,out_of_sample
3794.KL,2023-01-29,84.74143671475802,83.75006104911378,True,0.008546754198789483,0.03575786479364942,-0.042734970064123,0.022605148439976706,0.02564113464740524,0.07601678889388366,out_of_sample
3794.KL,2023-02-05,89.61900196316101,38.980049345729874,False,-0.08906875859780662,-0.06429810061696643,-0.00809723497740315,0.03744545036149724,-0.0040485658540998235,0.04594909998018424,out_of_sample
3794.KL,2023-02-12,91.3149438848011,38.980049345729874,False,-0.09266410331106992,-0.06451389835390202,-0.02316602582776748,0.009080176750561157,-0.05405402743661092,-0.024520443343906385,out_of_sample
3794.KL,2023-04-09,80.52071625492549,67.34400064265635,False,-0.03162052347229004,-0.03442352821673142,0.09486167123701172,0.12694208106696322,0.21343876028327638,0.24872857975088342,out_of_sample
3794.KL,2023-06-18,86.3940503532131,91.38164897870986,True,0.09900998934072977,0.08210100790141985,0.07260720766012771,0.02324125930079067,0.20132021063970607,0.15354584165191804,out_of_sample
3794.KL,2023-11-12,85.69583776810107,80.36366656933909,True,0.05303039421751301,0.055251628173496305,0.18939411120984032,0.16003449506258358,0.17929315614111133,0.12988761517726455,out_of_sample
3794.KL,2024-01-14,84.51523808919423,87.1826718605436,True,-0.03680971649284614,-0.05357794974798315,0.028629904901135515,-0.006681470264046464,0.014315003753308514,-0.031343712976079637,out_of_sample
3794.KL,2024-03-03,84.24206468384105,43.07768609321001,False,-0.03667957632155424,-0.03541166483963359,-0.03281849691632823,-0.05696643658993329,0.023166088986731573,-0.029746099313401927,out_of_sample
3794.KL,2025-08-03,90.81564393431798,79.58031528847629,False,0.05405400905583873,0.02681298763456244,0.30349573040828387,0.2541266532585873,0.18134995299628526,0.12922875091078437,out_of_sample
3794.KL,2026-01-04,81.96045123992691,79.76727695981897,False,0.0269576134431859,-0.015635330872907898,0.10397954243070491,0.07592163272395994,-0.1847837079381369,-0.21047004273930256,out_of_sample
3794.KL,2026-01-11,84.2754395385774,79.76727695981897,False,0.036477959738776176,0.009031284344150646,-0.0012578231533536973,-0.01994698486976992,-0.1530084065682988,-0.15832103522221477,out_of_sample
3794.KL,2026-02-15,82.23079175019056,85.02741714553055,True,-0.26373728814333364,-0.2403460108155109,-0.1907095896767028,-0.16298388093432578,-0.1356395865529701,-0.14053744422794592,out_of_sample
3794.KL,2026-02-22,89.79577596094016,85.02741714553055,True,-0.24601390656571104,-0.22768925675798868,-0.1764152013111178,-0.14354264860390598,-0.1555355510162767,-0.14834147876300155,out_of_sample
0151.KL,2012-01-08,88.51309021484366,,False,0.13043511704949454,0.11416173592041207,0.021739403132664772,-0.02426062605205053,-0.07608672755842297,-0.13037529651009427,in_sample
0151.KL,2012-02-05,82.80419035737478,,False,-0.09615387232531512,-0.12540451354806018,-0.18269234694951114,-0.2200988052199756,-0.15384620618909178,-0.17271194241244134,in_sample
0151.KL,2012-07-08,86.9651516787472,,False,0.20869524178251167,0.19975383929706964,0.06086939978829928,0.04509701649046731,-0.13913070996754062,-0.14907177001885602,in_sample
0151.KL,2012-07-15,94.84857680537407,,False,0.09756141986752792,0.08589134251059584,-0.2032518392438611,-0.20212666797442005,-0.13008109502224058,-0.15089417405931133,in_sample
0151.KL,2012-07-22,98.1821775120111,,False,-0.043478181336336984,-0.04761088922586833,-0.23913018789821272,-0.23909972604299362,-0.11594204555492979,-0.12224757528807799,in_sample
0151.KL,2012-07-29,89.57624232536618,,False,-0.07142837286938344,-0.08575507424686825,-0.2857142427825694,-0.2849511436656249,-0.14285704626078113,-0.16834108608557033,in_sample
0151.KL,2014-03-16,91.64828177557543,,False,0.035398067845067015,0.009061846878541339,0.035398067845067015,0.001272926163315015,0.06194668580267494,0.03004855370595002,in_sample
0151.KL,2014-03-23,93.62991876121237,,False,-0.024590199919832932,-0.042283314528655136,0.0,-0.03452934721939478,-0.07103806080189101,-0.10194200392085834,in_sample
0151.KL,2014-08-17,84.50179814331894,,False,-0.06451596537839707,-0.05986542782143495,-0.08602123348580254,-0.056289025876115326,-0.06451596537839707,-0.0429958770204752,in_sample
0151.KL,2015-02-01,82.8484208189236,,False,0.02531612570023165,0.0028882089711452855,-0.11392441422847203,-0.13195097137090037,-0.025316694493286915,-0.070969741125015,in_sample
0151.KL,2015-02-08,81.20775376353863,,False,-0.06250009361388541,-0.06112951456785052,-0.11250011233666249,-0.12636079792841992,-0.037499943831668756,-0.04237995002747401,in_sample
0151.KL,2016-07-17,80.27980287757396,,False,0.14814809425825093,0.1387079121858901,0.18518528316681648,0.1743725783429101,0.0925929722714139,0.09440310142932411,in_sample
0151.KL,2016-08-21,90.52933171752908,,False,-0.10606028466465621,-0.08550540318680463,-0.07575750852679033,-0.0587459411122892,-0.22727274203070455,-0.1955782794534694,out_of_sample
0151.KL,2017-02-19,88.67097152202278,,False,0.30864149411000624,0.2866702253237933,0.38271586539500235,0.3690658046164724,0.7777778561630759,0.7378465228561913,out_of_sample
0151.KL,2017-02-26,94.21888031465612,,False,0.24418610542381544,0.2162766491306805,0.3720935718151996,0.3381193768190942,0.674418913698704,0.633243623142462,out_of_sample
0151.KL,2017-04-09,85.16977495294198,,False,0.11764704823105268,0.10557850685538923,0.06722673893080267,0.04699961800359195,0.11764704823105268,0.10504452106744305,out_of_sample
0151.KL,2017-05-14,89.20483769540469,,False,-0.02777828483265271,-0.03510991359323145,-0.06260369547765693,-0.05362784620373632,-0.06965201176667134,-0.06889747127440739,out_of_sample
0151.KL,2018-10-07,94.31924768212828,81.2520844686971,True,-0.09599987574713392,-0.060392285826446825,-0.10399992527140794,-0.04925494723018876,-0.13592462095966767,-0.08805017200702428,out_of_sample
0151.KL,2019-02-24,82.80114507675246,88.71454996474624,True,-0.045801359204390185,-0.013990407566972944,0.03816800832960978,0.09588204390488407,-0.008767344819846274,0.05865377009162684,out_of_sample
0151.KL,2019-04-21,92.72684066716631,94.26164146191782,True,-0.04520978567329775,-0.03490815782073277,-0.08221683138947634,-0.09242604501286894,-0.037808255744630606,-0.0670178499370435,out_of_sample
0151.KL,2019-04-28,86.02029414279589,94.26164146191782,True,-0.08822409666902686,-0.06377307891102184,-0.059047554239735074,-0.08581178198619975,-0.022576454621222056,-0.03466762789262342,out_of_sample
0151.KL,2020-04-19,86.79839231067103,71.63120588503682,False,0.04629649473619031,0.04906769750793086,-0.07407416664078849,-0.17261471624431193,-0.08801014566365291,-0.21910853303337302,out_of_sample
0151.KL,2020-11-15,90.70038021274893,86.30828012451214,True,0.04321002961818246,-0.01648086492474783,-0.012345535061046959,-0.03970936172118146,0.43827174990331186,0.44522904153318393,out_of_sample
0151.KL,2021-01-24,88.11583250741216,83.32764252670307,True,0.0986546708032289,0.10605095109661843,-0.12556059857071114,-0.1440043974058316,0.0493271862725372,0.04203732397834556,out_of_sample
0151.KL,2021-09-19,95.1900604064288,95.28618152282023,True,-0.043956128344992004,-0.07609671459718094,-0.0714285817781594,-0.060262984556661986,-0.0824175776408495,-0.0439095896351163,out_of_sample
0151.KL,2022-08-07,84.15329747298411,61.17022123677683,False,-0.04663638341492157,-0.03973018996150942,0.03150797089709622,0.10271441788083649,-0.015378722795105071,0.020743942764198962,out_of_sample
0151.KL,2023-12-03,89.32300507934362,86.93907217076001,True,0.13612577603124332,0.13730676636162306,0.18848179767039086,0.15421874527557464,0.2617803078115039,0.19810875220249136,out_of_sample
0151.KL,2023-12-31,87.12741970677371,86.93907217076001,True,0.04608294499050934,0.010596993699974938,0.11059913825668284,0.045669911528365345,0.2742570436125048,0.2139474328392751,out_of_sample
0151.KL,2024-02-25,84.50088079429852,93.89578271417685,True,0.14736001471486573,0.1516979705518749,0.04267384888237895,0.043667993311801434,0.2604207447544541,0.21684087605306945,out_of_sample
0151.KL,2024-03-03,91.41789496033448,85.63311332813213,True,0.04859523812597011,0.04986314960789076,0.02494264378421652,0.0007947041106114577,0.1905104070243505,0.137598218724217,out_of_sample
0151.KL,2024-05-19,82.65719675746443,95.09546086445442,True,0.2026579051633933,0.20841067876276403,0.19269109550727506,0.19118173431915886,0.12253282530448888,0.13525687075189868,out_of_sample
0151.KL,2024-06-09,93.95473676354997,91.97783455772701,True,0.08388268924839967,0.08811047526340898,-0.015473361554466847,-0.011264136661647897,-0.09074288906464256,-0.12840997028818874,out_of_sample
0151.KL,2024-06-16,96.66377936317961,91.97783455772701,True,-0.008287318956893362,-0.01559147288828254,-0.06662333446186314,-0.059611726420192815,-0.22218608885940702,-0.2506807572257562,out_of_sample
0151.KL,2024-11-24,83.92986593993837,81.08446290230923,True,0.008555634868243544,0.007530332717773447,-0.030995487005534086,-0.01649029876012069,-0.0338205471680757,-0.03496532585161937,out_of_sample
0151.KL,2025-07-13,80.45221413876283,89.75623685620093,True,0.11959296673123704,0.10598028312252292,0.2977098629328806,0.2703152262324753,0.48770314153118927,0.4232593884691401,out_of_sample
0151.KL,2025-07-20,92.52652635574275,89.75623685620093,True,0.06666669768478442,0.03358372745595358,0.2523808537876495,0.20370665022752538,0.38488932231538775,0.32171837899569056,out_of_sample
0151.KL,2025-08-24,93.93804441456138,95.50071001996264,True,0.10559020032378873,0.10511444191858348,0.1480949041206292,0.1420164906381281,0.10233744465035531,0.08468448480800206,out_of_sample
0151.KL,2025-08-31,94.51639969870227,95.50071001996264,True,0.08720933920573049,0.0656680891320095,0.09024498060675525,0.06602458817168609,0.05130776469220425,0.024357468014193532,out_of_sample
0151.KL,2025-10-05,84.39412722385833,78.89590973878272,False,-0.05670109639583287,-0.04085456278166601,-0.0876288608108553,-0.06892001416644866,-0.09622002717635166,-0.12193157016905637,out_of_sample
0151.KL,2026-04-26,91.43167356632263,77.03280051952102,False,0.15999998161991924,0.16445835730576383,0.26240000661682905,0.26723041030943584,0.2045569734256197,0.1980989560730641,out_of_sample
5273.KL,2019-02-24,92.13811941580512,,False,0.059602657004600615,0.09141360864201786,0.059602657004600615,0.1173166925798749,0.04610202871732717,0.11352314362880028,out_of_sample
5273.KL,2019-03-03,96.68759131762067,,False,-0.006208962520045546,0.02738190541827419,-0.006208962520045546,0.030468760688773813,-0.05685059883273818,0.003381334472584166,out_of_sample
5273.KL,2019-07-14,91.88592245803858,,False,-0.046238277792234515,-0.013652753257303814,-0.09248368717261383,-0.05356069914105462,-0.1042620221699844,-0.037305892608808705,out_of_sample
5273.KL,2019-11-24,87.09356368523588,,False,-0.1657461722643145,-0.17410022663179275,-0.25967133047985547,-0.25902636464194606,-0.34254439092475264,-0.3097421026529255,out_of_sample
5273.KL,2020-05-17,89.98524894713218,,False,0.0593187759941217,-0.042274511982372996,0.09322403956929011,-0.04101756126849511,0.29661443456287145,0.1721345276655819,out_of_sample
5273.KL,2020-05-24,92.03329990386037,,False,0.06557734696543772,0.016508609305137388,0.04918052513238625,-0.06188182710770202,0.22951619263324652,0.14054520570026524,out_of_sample
5273.KL,2020-05-31,90.37439126846924,,False,0.040325981587262694,0.030219065145085534,0.016132304515870194,-0.06284952840560444,0.2580685604926123,0.18756457602481152,out_of_sample
5273.KL,2020-06-07,92.62314831369542,,False,0.015751297405132297,0.01811579063248986,0.015751297405132297,-0.014717848138736049,0.8897698522980667,0.9097656089794307,out_of_sample
5273.KL,2020-09-06,92.6196753900518,,False,0.07752099953822468,0.08778575794190323,0.06971125012042702,0.10201632524368634,0.06971125012042702,0.009197758534674971,out_of_sample
5273.KL,2020-09-13,94.00786701489044,,False,0.007247892650868866,-0.009697318110138168,0.021950800533433824,0.012122552334312673,-0.00010582419778768857,-0.07785443827770232,out_of_sample
5273.KL,2020-09-20,89.69711592149525,,False,-0.014336130401498405,-0.012484289502632851,5.1713130979982066e-05,-0.0550779047939584,-0.021532266583925656,-0.13964351526154387,out_of_sample
5273.KL,2021-10-10,84.82414851521189,,False,0.37681154124399074,0.3973819379721099,0.37681154124399074,0.41655834935787683,0.8992176172497451,0.8968964938875452,out_of_sample
5273.KL,2021-10-17,81.46350606356238,,False,0.3669064145419768,0.4088640548581431,0.3956835017085135,0.46413209795493626,0.6904969438170763,0.72501532791375,out_of_sample
5273.KL,2021-10-24,96.95984408439487,,False,0.2,0.23938083643317132,0.4800000640348862,0.5341975532487723,0.5397489352199079,0.5603713225720924,out_of_sample
5273.KL,2021-10-31,99.21395636640473,,False,-0.07253885655797594,-0.04047730282535032,0.2227112001931498,0.2520652372932848,0.19669607356861965,0.21925881635203925,out_of_sample
5273.KL,2021-12-26,92.10144309931472,,False,-0.02127659141457162,-0.028273266388035644,0.012765995551769722,-0.04434112993517931,0.14468094372816728,0.09534858130107984,out_of_sample
5273.KL,2022-01-02,96.12528987447972,,False,-0.03448267963724026,-0.004173844158703435,-0.07279684956377504,-0.08822873345380841,-0.003831398668493219,-0.02665075068262647,out_of_sample
5273.KL,2022-04-10,85.37792448505662,,False,0.2460063717138688,0.2727284145302602,0.11501592928467198,0.15823157880635208,0.07348236318769052,0.17150452782452283,out_of_sample
5273.KL,2022-04-17,85.21027442892662,,False,0.1538461934653715,0.18191396856548928,0.04923081722662148,0.10905426579493549,-0.03404817834968911,0.0686698471504772,out_of_sample
5273.KL,2022-04-24,93.21022312978351,,False,0.04456828891360716,0.07755890456337552,-0.06686069302353062,0.023796424853034015,-0.12273724637952427,-0.008172034388489666,out_of_sample
5273.KL,2022-05-01,93.56370235625877,,False,-0.017948750335855402,0.01558601353643448,-0.12560274624562406,-0.023298929743666083,0.05442016366075827,0.13854130633153242,out_of_sample
5273.KL,2022-07-31,93.69610261403024,,False,0.028340053616187213,0.02293870214942596,0.12955462734259524,0.1746214071823053,0.1457489436947022,0.17644792248686356,out_of_sample
5273.KL,2022-08-07,85.98455471225957,,False,-0.0019802432681454473,0.004925950185266708,0.1405940616496601,0.2118005086334004,0.07722769341694696,0.113350358976251,out_of_sample
5273.KL,2022-08-14,89.9659118015605,,False,-0.00956026588002212,-0.0031467904983208915,0.04015297081856893,0.10667176678975165,0.08604202822638915,0.13112924481340943,out_of_sample
5273.KL,2022-11-20,86.61579984523583,,False,-0.07396449453711106,-0.09412573833166078,0.02071003871974024,-0.010828948323701557,0.22781063753125894,0.2103748604304517,out_of_sample
5273.KL,2023-02-05,86.98905724678188,,False,0.05194812754713102,0.0767187855279712,0.23896106469689565,0.28450375003579603,0.12467533271777989,0.17467299855206395,out_of_sample
5273.KL,2023-02-12,92.0761518680547,,False,-0.04337350906524867,-0.015223304108080777,0.08433732447940587,0.1165835270577345,0.028915634409993313,0.058449218502697846,out_of_sample
5273.KL,2023-02-19,88.8898932681741,,False,-0.11421911745777545,-0.07009287812673629,0.06759905930809483,0.09588128480797023,0.0,0.03654951559105413,out_of_sample
5273.KL,2024-02-18,83.43879389177847,,False,-0.007444220408558315,-0.02001629605831973,0.12655080037053676,0.11514589692591809,0.5384614110379868,0.4946936871423906,out_of_sample
5273.KL,2024-04-28,80.97820943668683,,False,0.2800000190734863,0.25191399017838784,0.3039999961853027,0.2943438592801907,0.2760000228881836,0.23702619590151286,out_of_sample
5273.KL,2024-05-05,95.858704586771,,False,0.037974646297370886,0.03351432128080843,0.10126579890857108,0.10095125238352305,-0.009493661574342721,-0.024145263285027342,out_of_sample
5273.KL,2024-06-16,92.42528588456564,,False,-0.06145252326778909,-0.06875667719917827,-0.11452509948315114,-0.10751349144148081,-0.13687151396067346,-0.16536618232702263,out_of_sample
5273.KL,2024-11-03,81.60751605650209,27.917156682684805,False,-0.14705885704413382,-0.14101767104166377,-0.13235298887049812,-0.14741554231497872,-0.139705922957316,-0.12084658532944878,out_of_sample
5273.KL,2025-06-29,82.19502218633451,73.56833403309241,False,0.048888842264811196,0.045224320578151886,-0.013333320617675781,-0.058688476473876997,0.03111108144124349,-0.014741410916780957,out_of_sample
5273.KL,2025-07-06,86.84645154932896,70.81139117888522,False,0.0,0.010863162874761126,-0.043668081353001514,-0.0597500162469425,-0.03930127321770136,-0.07727088316658301,out_of_sample
5273.KL,2025-12-28,93.18257848819486,75.25692966207485,False,0.012875524623216773,-0.012698391823507151,-0.03433473232857806,-0.07949004898898873,-0.07296130619822838,-0.09896451768615785,out_of_sample
5273.KL,2026-01-04,91.0660744175727,30.60293376985687,False,-0.04545459919276595,-0.08804754350885974,-0.08677687253157962,-0.11483478223832458,-0.12396701705658283,-0.1496533518577485,out_of_sample
3034.KL,2002-04-21,92.59318188119524,,False,-0.04230807281618413,-0.029155946153571435,-0.05769289744715054,0.004735820965138728,-0.08144788932206141,-0.008171755058933555,in_sample
3034.KL,2002-12-29,92.31993107510375,,False,0.041096842444521685,0.012775400701426957,-0.041095273422408256,-0.04739914570457068,-0.12328702010766446,-0.09527301108550884,in_sample
3034.KL,2003-01-05,87.66765802029533,,False,-0.02678470880724885,-0.07614543419201601,-0.07142859721007054,-0.09242305307900306,-0.1116069237144004,-0.1139116150682382,in_sample
3034.KL,2003-06-29,94.32699983401744,,False,-0.028259134760648584,-0.0558533451200388,-0.028259134760648584,-0.10331873771480482,-0.045689396493908484,-0.12193492367937883,in_sample
3034.KL,2003-07-06,88.47183088188429,,False,-0.03846082840552826,-0.03559235866065355,-0.059828900584547554,-0.08491475350186327,0.012820503004070283,-0.010775897124479721,in_sample
3034.KL,2003-10-26,88.64054017383569,,False,0.06374398505096299,0.08855661281769144,0.10756937763370894,0.15068064025635797,0.15033291905169427,0.1343712729515049,in_sample
3034.KL,2003-11-23,82.88861907758483,,False,0.04119919190955173,0.059963416485199164,0.08140016321369176,0.03958843038378353,0.1497414416265001,0.09691596201730189,in_sample
3034.KL,2003-12-14,96.28401030808158,,False,0.0037312944780703403,-0.038544610723759774,0.05970085006052384,0.030052164053546656,0.06343235215569179,-0.05552870762437233,in_sample
3034.KL,2004-08-01,83.489838555872,,False,-0.003788413011692058,0.011187953959796668,-0.049241887919499724,-0.07483006432089762,-0.07794744628128714,-0.10180895960307865,in_sample
3034.KL,2006-07-09,86.91724253602541,,False,0.08606692418034628,0.072637224637833,0.08606692418034628,0.04811151883063685,0.026282823261451108,-0.01908429539658788,in_sample
3034.KL,2006-08-06,85.88042382767094,,False,0.0,-0.024200697708255087,-0.055046424477031355,-0.08656061744961052,0.03444067832929866,-0.020901100069335182,in_sample
3034.KL,2006-08-13,88.87348604668352,,False,-0.022523154313844065,-0.037837228174497854,-0.013514944714262317,-0.043983876487961655,0.0295289206603421,-0.029636710044680104,in_sample
3034.KL,2006-10-15,83.79340079350449,,False,0.004484973009037423,-0.034923704453534835,0.01345264450779402,-0.10352276103059703,0.05381201856007764,-0.08533844755642409,in_sample
3034.KL,2007-01-14,92.07625853691418,,False,-0.01626050792111272,-0.12484336001496116,-0.04471601877556362,-0.10680673619455175,0.008129154302385104,-0.13444729246147497,in_sample
3034.KL,2007-02-25,87.23368350925789,,False,-0.1499999252179458,-0.11274159632781584,0.19230725462008408,0.16745273901611815,0.32307700711294385,0.26591166877862105,in_sample
3034.KL,2007-04-15,94.64713108837857,,False,0.049999249741266405,0.016938554423813597,0.12499997358243896,0.09122068515105093,0.049999249741266405,-0.00017657742463258325,in_sample
3034.KL,2007-10-07,84.30150252930328,,False,0.042875784225112484,0.024593834085202913,0.06218867758378914,0.04427105536426894,0.002346860108861079,-0.052047316194720854,in_sample
3034.KL,2008-05-04,86.79589085216082,68.80261866834694,False,0.010676030701011164,0.0070424735957830735,0.019109333150473945,0.08276738726817251,-0.09412601429405786,0.007904676288206056,in_sample
3034.KL,2009-04-19,91.41475483519123,71.19198322140527,False,0.10360279406387753,0.05279305077426992,0.18068255111589512,0.05119236418833489,0.15753065332909383,0.05123846783639763,in_sample
3034.KL,2009-04-26,85.93562258659522,71.19198322140527,False,0.0969168335389881,0.043949092194555776,0.14109199009360585,0.0737792530411499,0.13203490524903924,0.0028693809266817916,in_sample
3034.KL,2009-05-03,81.53638983563786,80.35517904477503,True,0.15789405892397232,0.10402523799895647,0.13157803431652126,0.045753266834631476,0.17215271101446264,0.005469205476979433,in_sample
3034.KL,2009-05-10,97.94821387780189,80.35517904477503,True,0.0320002489089333,-0.015449028748412426,-0.0050046358230541104,-0.049717145610387516,0.05666943126319485,-0.08758736268576622,in_sample
3034.KL,2010-10-17,91.29391099403044,90.18931738368458,True,0.2732918945696259,0.26661336548634457,0.661490186164275,0.6497977827729577,1.2857147455226268,1.2304411114928455,in_sample
3034.KL,2010-10-24,94.95477480985288,90.18931738368458,True,0.2240438952030794,0.21370603091106125,0.653005374275314,0.6468067011258117,0.7213112570174268,0.6681461740857904,in_sample
3034.KL,2010-10-31,95.75127571309109,90.18931738368458,True,0.20749994258535498,0.2165391579743571,0.5499997938961461,0.5460680153135888,0.5724991505576876,0.5447571513128135,in_sample
3034.KL,2010-11-07,88.17555054664162,93.84761058811075,True,0.26960772031489894,0.27672535286754235,0.7377445866567337,0.7330016784902302,0.6029405533027823,0.5962264196027874,in_sample
3034.KL,2010-11-14,83.43302372355505,93.84761058811075,True,0.3048776900648226,0.2998970789132152,0.795122355895622,0.7468496416749736,0.573171440731249,0.5518288130352289,in_sample
3034.KL,2010-11-21,97.79399890587418,93.84761058811075,True,0.35044615699918685,0.35454299558042357,0.40624961552693867,0.36386060868749986,0.42857097790703436,0.4362267854320543,in_sample
3034.KL,2010-11-28,97.36873747916461,93.84761058811075,True,0.28364378268828006,0.2705544716146324,0.302276791161447,0.26516007049493273,0.40993789062199015,0.39284060237374346,in_sample
3034.KL,2010-12-05,97.49502681447355,96.35324654225992,True,0.36872559834916835,0.35678003348871096,0.26254789385276206,0.24861697242024744,0.2509646069771101,0.25876615069513026,in_sample
3034.KL,2010-12-12,92.16507227952873,96.35324654225992,True,0.37570162289037634,0.332624072349941,0.20560835142571743,0.18932742385074317,0.2112147304176065,0.2010441212695249,in_sample
3034.KL,2010-12-19,99.62160936316643,96.35324654225992,True,0.04132223875682104,-0.005354835100893976,0.05785111868617398,0.06142472813100505,0.09917335744299502,0.10201359116286372,in_sample
3034.KL,2010-12-26,90.8814954417183,96.35324654225992,True,0.014515715905346156,-0.009201254879196966,0.09838719248826006,0.09443099915881759,0.053225937951220284,0.05831329133629771,in_sample
3034.KL,2011-01-02,99.98757775793773,32.62638731881655,False,-0.07757413511113415,-0.0795360554366914,-0.08603696132671941,-0.06652295853428603,-0.07193229526403724,-0.06972019232445983,in_sample
3034.KL,2011-01-09,92.58437467143462,32.62638731881655,False,-0.12364110693370382,-0.09795114461826782,-0.11956581989572683,-0.08801788621111811,-0.13451129135309975,-0.1238066421822906,in_sample
3034.KL,2012-01-01,86.18086705049224,75.24157454151158,False,0.006289294065762754,0.01271103805726497,0.0817609029814773,0.06344281983142794,0.09921951921499046,0.06322363732270242,in_sample
3034.KL,2013-03-31,86.93752054687802,78.84016389617494,False,-0.03468214623598147,-0.058407512533452194,0.04046223492234042,-0.020215100022989256,0.10982659464921285,0.05944464980668226,in_sample
3034.KL,2013-05-12,89.00597177228747,79.83463555425242,False,0.07222217769282142,0.07041107571206294,0.10555570925380992,0.1056177644289188,0.15511568264304,0.14940020128187315,in_sample
3034.KL,2013-05-19,82.3298416965756,79.83463555425242,False,0.04945026387704691,0.05339003904649298,0.07142858512766934,0.06210778321275327,0.15955820628432235,0.15080830227921202,in_sample
3034.KL,2013-10-27,85.49996309741108,87.90677871477493,True,0.040322740778448087,0.05300446827117737,0.10080671656070501,0.08954988264925863,0.20161334286446655,0.2041221522408251,in_sample
3034.KL,2014-01-05,83.81151991663535,31.19853763652354,False,-0.041902391218177945,-0.02516434599053944,0.04868162192250469,0.04818016452243191,0.045197501764899055,0.036482375741874726,in_sample
3034.KL,2014-01-12,86.58771415159917,31.19853763652354,False,-0.0441667288436572,-0.0343014485288878,0.03462940026562011,0.031536225225861934,0.058610866548281675,0.042186999252808645,in_sample
3034.KL,2014-06-22,86.46781476511795,82.3283162465897,True,0.04042789033375529,0.0471892335862457,0.06117739194867797,0.07253109899002193,0.12342520640074371,0.1393766501580433,in_sample
3034.KL,2014-06-29,87.6805149839151,82.3283162465897,True,0.011284384047410091,0.013193061025345565,0.06602659497043763,0.07131124840927842,0.14957990185773384,0.16629507072567423,in_sample
3034.KL,2014-07-06,83.9043653283325,70.12679443005669,False,-0.002841197209150685,0.008602356047099177,0.06818175529479985,0.0781557320296135,0.11363621872279965,0.13719704304565108,in_sample
3034.KL,2014-08-24,91.302547046281,85.9245534279492,True,0.07837825742950932,0.08986950009367063,0.08108083361536433,0.125271306077629,0.2702699794980531,0.3008420036512714,in_sample
3034.KL,2014-08-31,86.38845770545225,85.9245534279492,True,0.042553117203780695,0.056276844932903664,0.14095739079478625,0.16627744179440535,0.27659565601741565,0.30712975149733207,in_sample
3034.KL,2014-11-02,81.563369116204,95.62977192729454,True,0.13181828462479805,0.15028579901164438,0.06681552481399548,0.11571188457684685,-0.026970690183687425,0.0010971575235733423,in_sample
3034.KL,2014-11-09,92.63737603403702,95.62977192729454,True,0.0448719659836732,0.08588740225528455,0.01621487017164071,0.05536645206225407,-0.02787248926583865,-0.004338793203722036,in_sample
3034.KL,2014-11-30,94.176531488406,95.62977192729454,True,-0.05743215204581293,-0.026430788543313623,-0.14029546700698922,-0.13051450360421685,-0.23351616486777352,-0.2263658046447461,in_sample
3034.KL,2015-03-29,90.28752525160428,75.92901534609724,False,0.022222051946687218,-0.004915245499507621,0.05555558596190109,0.0698218389532084,0.14462176208907648,0.19513543322766722,in_sample
3034.KL,2015-05-31,82.52004972851738,78.83624264158378,False,0.09044533770494977,0.11164683949836739,0.11117603050876107,0.12648916538935775,0.10081026694665347,0.19972185230995151,in_sample
3034.KL,2015-06-07,88.37843173548566,84.65978895300661,True,0.043912087622547245,0.05026616742381378,0.07584835582409298,0.08856225059755478,0.08782417524509449,0.16379259907254753,in_sample
3034.KL,2015-10-18,89.2484945836287,92.36298230464315,True,0.009708624304867306,0.043439541885681957,0.04092678223247034,0.08559071557409423,0.08697092225571271,0.12145908222000215,in_sample
3034.KL,2016-01-17,82.13704903033765,95.37853661205826,True,0.11976051736776246,0.11043323791621572,0.1556884980212822,0.11393971032924943,0.1422153889050063,0.08704362697445223,in_sample
3034.KL,2017-01-08,82.26404507751043,39.78400475642854,False,-0.024719010858764413,-0.030400942464884183,0.0033708425335942267,-0.016259244688733313,0.01011244409173936,-0.028443426705734614,out_of_sample
3034.KL,2017-01-15,80.07053284253602,39.78400475642854,False,0.022421816850487088,0.0066131822279160875,0.02017962683325697,-0.0067740090738805485,0.007847748382119506,-0.03353937909359051,out_of_sample
3034.KL,2017-12-10,81.06373512427488,76.47584457686334,False,0.005263134492168491,-0.05092856962003195,0.023157761619860096,-0.06354084722182472,0.005263134492168491,-0.07306363168884095,out_of_sample
3034.KL,2017-12-17,86.829975553121,76.47584457686334,False,0.012552290914602903,-0.027149546313045107,-0.057531202298980386,-0.09560726431880903,0.004184171862743585,-0.047639258142752494,out_of_sample
3034.KL,2017-12-24,86.57550746758636,76.47584457686334,False,0.01041639631722155,-0.028549861807149197,-0.04791681023154442,-0.09225169609680023,0.01041639631722155,-0.03852580752544406,out_of_sample
3034.KL,2019-12-22,81.02994207922022,70.38921198767343,False,0.0,0.008924464741734547,-0.05125615125268085,-0.010440782423602253,-0.13567841788293733,0.02916653414538284,out_of_sample
3034.KL,2019-12-29,83.1907750343465,70.38921198767343,False,-0.014013860987356797,0.00945546249977008,-0.06706708303100031,-0.01776276050604468,-0.24924921097588626,-0.058433334475776394,out_of_sample
3034.KL,2020-06-07,94.19173785026142,85.22809488505196,True,0.0018690769982806542,0.0042335702256382154,-0.004802681801343377,-0.035271827345211726,-0.19939429159051603,-0.179398534909152,out_of_sample
3034.KL,2020-11-15,86.43410994121705,79.11741674214967,False,0.0475748080901425,-0.012116086452787792,0.09069529256408372,0.06333146590394922,0.052647801437617485,0.05960509306748954,out_of_sample
3034.KL,2020-11-22,94.77120390231443,79.11741674214967,False,0.028162267858196692,-0.00869419660258762,0.02694252436094435,0.006073498625650233,0.009867456643878135,0.006309782011525194,out_of_sample
3034.KL,2020-12-27,82.09086776527813,79.62424094869115,False,-0.061248437845013194,-0.03417625609586959,-0.08716135276183516,-0.05289312416367228,-0.004711265908989433,0.0044164308792427505,out_of_sample
3034.KL,2021-01-03,88.35423304169255,28.637109722725,False,-0.048837244987530976,-0.01146656880976072,-0.010465193771942268,0.019930368033126918,-0.03372097099066038,-0.017871807323220128,out_of_sample
3034.KL,2021-09-05,89.21653228194272,29.91876007055672,False,-0.10227275615499849,-0.06155392245772556,-0.10909088664525832,-0.09217668267747181,-0.13636362646114336,-0.08793016442008901,out_of_sample
3034.KL,2023-01-15,94.08128855329336,79.72760264623291,False,0.01726618656036082,0.03093819519966262,-0.18705032602480628,-0.1456129822737091,-0.27194252346299064,-0.22646518260559578,out_of_sample
3034.KL,2023-01-22,93.416425225634,79.72760264623291,False,-0.025069475817503867,-0.0094529565671404,-0.2827296163200966,-0.2236759560046533,-0.29665724939218446,-0.25320017456090754,out_of_sample
3034.KL,2023-01-29,83.77272740684725,79.72760264623291,False,-0.13611091433287217,-0.10889980373801224,-0.2847219950826077,-0.219381876578508,-0.35138883706909746,-0.301013182822619,out_of_sample
3034.KL,2023-02-05,87.99183643149236,22.869715554535787,False,-0.17744154539169768,-0.1526708874108575,-0.2984869949575723,-0.2529443096186719,-0.32049522151961063,-0.2704975556853266,out_of_sample
3034.KL,2023-09-03,92.2105728632708,82.47872991913367,True,0.10000010054686001,0.12682749121447015,0.27999987934376797,0.2947119110136654,0.16500005458258116,0.17149849278364837,out_of_sample
3034.KL,2023-09-10,92.38118276740526,82.47872991913367,True,0.1514423571609599,0.177608168746712,0.13701926894973415,0.14046948897750505,0.13942307094699813,0.1384401823536237,out_of_sample
3034.KL,2023-10-22,84.0324617894127,88.55882660182657,True,-0.09732826059639965,-0.11095036987213028,-0.08162442053980394,-0.09648168441104495,-0.08162442053980394,-0.11375394192904578,out_of_sample
3034.KL,2025-09-21,88.22972454159908,77.97368411013228,False,0.06319697513941998,0.05759698430483277,0.12639395027883996,0.10922491715351057,0.11244696214105136,0.08768201678982511,out_of_sample
3034.KL,2025-09-28,95.02518994586187,77.97368411013228,False,0.01754392575550577,0.014921278494658656,0.024561496057708077,0.019266510070701293,0.04272733177658468,0.007395941291036094,out_of_sample
4731.KL,2002-01-06,82.5990618602864,,False,-0.08889579275574208,-0.1254511414976505,-0.15111438259984,-0.1858672019564708,-0.11999980373943239,-0.21031374310051318,in_sample
4731.KL,2003-06-08,95.38626313148661,,False,0.12941734181708167,0.06553545505642783,0.24706023282097112,0.18623005906461043,0.2058786835783522,0.11530841228502427,in_sample
4731.KL,2003-06-15,97.57674498889612,,False,0.1648363287419233,0.11561462561920818,0.09890169552557174,0.0521294842940733,0.07143372098242298,-0.025009415800321705,in_sample
4731.KL,2003-07-13,88.56425006719648,,False,-0.05660420403230727,-0.05426962413949104,-0.0801851774835864,-0.12519133158761242,-0.0801851774835864,-0.10270208208814453,in_sample
4731.KL,2004-12-19,95.8003344514447,,False,0.0016031035541586678,-0.0280092887319709,0.0683725563130815,0.05518321728259286,0.4022443849186041,0.40396087195400693,in_sample
4731.KL,2005-02-13,90.61447216791937,,False,0.31250505886982277,0.327216846185069,0.209819020976668,0.2654419293578864,0.2209395618107436,0.23590278534447984,in_sample
4731.KL,2005-02-20,97.80353922418898,,False,0.13943943493902108,0.15458677726895775,0.0717132274993696,0.10861766153957891,0.0772205184352237,0.09527616662959165,in_sample
4731.KL,2005-03-13,86.24528653090441,,False,-0.07823667969826807,-0.03671469603980548,-0.06976391933904223,-0.06950872881179043,-0.08386137798093521,-0.04440272043748223,in_sample
4731.KL,2006-01-08,91.559527139244,,False,-0.03413223365095937,-0.05187987586698675,0.0008586842576116231,-0.00491095811761986,0.05486191592881715,0.03845244511910362,in_sample
4731.KL,2006-01-15,88.00411888676807,,False,-0.03362786461666003,-0.04285033738710989,-0.008854927829357545,-0.019886836250522198,0.033622913827168484,-0.0012602934400241309,in_sample
4731.KL,2006-09-03,82.11323592819038,,False,0.028774438187154104,0.021633752498608178,0.03597397299990964,0.005568720630857525,0.08622043039785333,-0.01760083454303432,in_sample
4731.KL,2006-11-05,90.68025065226152,,False,0.025182865673860032,-0.0570699591330697,0.179853882900179,0.08143905275553226,0.649648284996578,0.47743731552332896,in_sample
4731.KL,2006-11-12,82.6336292415756,,False,0.14286103539522202,0.06823521231168148,0.2571445136933091,0.16118438673206287,0.6305605972909499,0.4474636639926508,in_sample
4731.KL,2006-12-17,82.18345998811095,,False,0.10632842314901948,0.07877911601674971,0.27800004890205154,0.13887650733430207,0.3097857332808538,0.21843515248535722,in_sample
4731.KL,2007-01-14,81.81840544704285,,False,0.1551723901880702,0.046589538094221755,0.18390317547181842,0.1218124580528303,0.31034468258385983,0.16776823581999975,in_sample
4731.KL,2007-01-21,95.33178201109494,,False,0.03979678833738229,-0.05981458954816882,0.024871426574756206,-0.005134795207864282,0.6019880955031491,0.4622028267699998,in_sample
4731.KL,2007-01-28,96.79438513538649,,False,-0.08035752878102281,-0.17744354082705205,-0.01785524511546251,-0.07406566570391969,0.3392905257866008,0.2149369723352808,in_sample
4731.KL,2009-04-12,85.20455125504189,76.99465844751425,False,0.21052462414207138,0.11980671642031825,0.20000237601513618,0.0575306914440544,0.20000237601513618,0.060515733169154345,in_sample
4731.KL,2009-04-19,88.84822944779665,76.99465844751425,False,0.14000463193723817,0.08919488864763056,0.16000289727983455,0.03051271035227432,0.150000788480638,0.0437086029879418,in_sample
4731.KL,2009-04-26,89.20387395469906,76.99465844751425,False,0.08653892680768759,0.033571185463255264,0.0961561717852771,0.028843434732821166,0.13461392805826836,0.005448403735910906,in_sample
4731.KL,2009-08-16,85.91936717927382,68.12751265875055,False,0.0,-0.016583023211508133,0.007813947050297948,-0.03025701389001436,0.03125174193338768,-0.029485166064289164,in_sample
4731.KL,2010-08-08,93.14094674714693,89.96206066036912,True,-0.005914735493981302,-0.06120533454074802,0.05917307494628026,-0.018646763281500466,0.08875766393408197,-0.017979142431143236,in_sample
4731.KL,2010-09-19,80.3331262644573,91.0434446740722,True,-0.07368333484179451,-0.08928693621440217,-0.03157916628955137,-0.053965505851011245,-0.03684008835089246,-0.06431853671642322,in_sample
4731.KL,2011-02-20,94.77087547362056,85.05954966991835,True,0.051793541532624235,0.060801451214946706,0.0,-0.0028861347448473486,0.003984842053352872,-0.011289631934915327,in_sample
4731.KL,2011-02-27,96.04719614769469,85.05954966991835,True,-0.05755487026200917,-0.0752011190632485,-0.11870521262117824,-0.14118601195888858,-0.06834609511247833,-0.10310138400355298,in_sample
4731.KL,2011-12-18,83.98462688293277,75.68026604553357,False,0.016327322997003377,-0.022445832956311817,0.09795928673320979,0.03286669122668817,0.03673500938500192,-0.04018389197383812,in_sample
4731.KL,2012-02-12,91.31210648556869,75.79893422669558,False,-0.05576188305703962,-0.06686543020609687,-0.07806683800686054,-0.10189402197974472,-0.11895841488567778,-0.13777173163822265,in_sample
4731.KL,2012-07-08,84.8385459322302,45.391100628226525,False,-0.016260836618902767,-0.025202239104344798,-0.01219498145800793,-0.0279673647558399,-0.00406563982550512,-0.014006699876820523,in_sample
4731.KL,2012-10-14,97.91481661929582,93.438185384539,True,0.08474678077138662,0.09217409811647395,-0.0033885388359447466,0.01813730316799417,0.1152548532978435,0.09153347921681695,in_sample
4731.KL,2012-10-21,91.47525468139628,93.438185384539,True,0.0566660995665878,0.0789122944429238,-0.026667859136578213,-0.018044223449162317,0.10642122975490241,0.09660938000815976,in_sample
4731.KL,2012-10-28,94.93681649413354,93.438185384539,True,0.006471903270486625,0.04090602743832595,0.025889498834647688,0.03368907832148495,0.06093329844119396,0.05821187136288866,in_sample
4731.KL,2012-11-04,97.59778957730227,32.12071235773782,False,-0.08333334014564003,-0.055980385549946665,-0.021605584936126042,-0.036821752204140815,-0.016641702287537165,-0.005169172990934973,in_sample
4731.KL,2013-01-13,80.54961570708002,38.71268830624148,False,-0.06172936935571067,-0.026726157818959505,-0.006174101950802045,0.010905586091239997,0.16357962899052628,0.1600436015258296,in_sample
4731.KL,2013-03-31,96.87484384351644,87.58617797548807,True,-0.053984615473572424,-0.07770998177104314,0.11825298646026357,0.05757565151493389,0.30848362143236974,0.2581016765898391,in_sample
4731.KL,2013-06-02,96.6662575696166,80.7695521533387,True,0.07272731071259757,0.07028551804073545,0.11903803114464266,0.09733919477373029,0.0760769136353784,0.10329231093553812,in_sample
4731.KL,2013-06-09,81.03156972033996,80.7695521533387,True,0.18346844540687232,0.18533821621712168,0.09840793869567878,0.094510617760935,-0.0036742602769044307,0.023364645489520445,in_sample
4731.KL,2013-06-16,92.99550444643621,80.7695521533387,True,0.10546873895407764,0.09215571153485912,0.05221512275895278,0.039475251355378625,-0.07238914287076226,-0.050603811065106065,in_sample
4731.KL,2013-11-03,81.06797292671703,47.27308699906822,False,-0.020942500531988956,-0.022218419511572027,-0.00872707083816064,-0.036704171858268755,-0.09741694185601533,-0.09308638262213581,in_sample
4731.KL,2014-02-23,88.57694706189307,73.84017338445942,False,0.012215788505235959,0.017820085030332073,0.02094245981727899,0.008952799194273251,-0.005235658046864867,-0.033967196040528044,in_sample
4731.KL,2014-08-17,89.26202193404076,76.54485984792326,False,0.007704506240801656,0.012355043797763785,0.13867473306510383,0.16840694067479103,0.09861322189875574,0.12013331025667762,in_sample
4731.KL,2014-09-28,91.25924314041772,88.96033515800373,True,-0.004195803243041453,0.007561879260863736,0.02657371573691894,0.04361799452919685,-0.009789549049247824,0.057860551339573144,in_sample
4731.KL,2014-10-05,88.99390735470915,40.91472462540296,False,-0.02588583296996181,-0.03367044990324104,0.02861080418171332,0.039437464160491834,-0.03542197138766956,0.006070410872088185,in_sample
4731.KL,2014-10-12,84.73691872283887,40.91472462540296,False,-0.03518257672980046,-0.043646342420233505,-0.020297822941466048,0.012600992682006072,-0.039241917223569026,-0.008222731207856746,in_sample
4731.KL,2015-10-11,91.804767355387,82.47616537427618,True,0.0013007183631365772,0.01351261343362883,0.08582574253560217,0.10848565268137066,0.2678810101441791,0.27610234042400217,in_sample
4731.KL,2015-11-22,83.11063822992351,88.92095584443622,True,0.20253171061902991,0.21335672916767356,0.39582701925439534,0.41588849475905765,0.42405190818237704,0.43497322322373494,in_sample
4731.KL,2015-11-29,91.27820070951998,88.92095584443622,True,0.17654299848835284,0.18788263348099674,0.35635616220886746,0.39045835350229885,0.3488487458830081,0.3534309442165999,in_sample
4731.KL,2015-12-06,93.67746966577202,95.03891870509771,True,0.16766527120958144,0.15289192873050755,0.2744790780372392,0.27452101553192837,0.31089264968185276,0.3135487642015137,in_sample
4731.KL,2015-12-13,92.38335308004595,95.03891870509771,True,0.13946065160288607,0.12880913981297973,0.30699366938695455,0.29338510786798766,0.297488341781382,0.26557034995239864,in_sample
4731.KL,2015-12-20,99.59760164462959,95.03891870509771,True,0.16074030059121047,0.1700778365471508,0.18421152274588642,0.18430887305752994,0.19487942889836524,0.16285800796846406,in_sample
4731.KL,2015-12-27,82.93750216210465,95.03891870509771,True,0.15283178256259428,0.17585541849101358,0.1464508714224957,0.13961592901130487,0.27619807899989823,0.24443995566757706,in_sample
4731.KL,2016-01-03,93.14015853674425,94.47275157394797,True,0.0914763926454793,0.10607598779996927,0.12266133283548154,0.139837047124699,0.29313938675143575,0.28647471166426325,in_sample
4731.KL,2016-03-20,93.2553662789867,97.81410547709454,True,0.0816667649953889,0.07487905122884822,-0.011666935776853833,0.03965154296788035,0.033333048697558446,0.07710059860791926,in_sample
4731.KL,2016-03-27,91.79578538610095,97.81410547709454,True,0.041800777682269606,0.033484071075159196,0.024115683513703492,0.06813519195106253,-0.038585333245171945,0.00813989904657652,in_sample
4731.KL,2016-04-03,94.5265345601144,37.4264096543452,False,-0.036980367716693885,-0.01486462889284779,0.004622223013253636,0.04750907538692901,-0.07396008953072157,-0.029237633118289134,in_sample
4731.KL,2016-04-10,82.54452176749821,37.4264096543452,False,-0.05674829555447575,-0.01657136464105751,-0.03987721734364671,0.007806710910778392,-0.026073633875428853,0.015930586728297773,in_sample
4731.KL,2016-10-09,80.18875871216989,43.261134757465335,False,-0.026548301558520507,-0.016256347411008336,-0.0029497810361652057,0.018919128064779155,0.003083039106139168,0.017284016867804244,out_of_sample
4731.KL,2017-03-05,81.60053981680768,77.00771748026823,False,-0.021220069115573517,-0.03978149037247658,0.09946937919880365,0.06453566799850703,0.11803697735635675,0.08062138845773982,out_of_sample
4731.KL,2017-04-23,95.1729290973373,95.08907482750142,True,-0.003444227594175293,-0.01040871045553309,-0.029851085903499625,-0.049930245827873795,0.0011638725201556102,0.0017618331698681484,out_of_sample
4731.KL,2018-11-25,82.1000889001233,70.86928712911534,False,0.0297028427788722,0.04479823603324723,-0.020164776067602364,-0.018006584350529542,-0.017940331111212467,-0.013783168571512515,out_of_sample
4731.KL,2018-12-02,80.42723592714258,39.48191191104032,False,0.012083304360856898,0.0048148647028072485,-0.0233121694609617,-0.0359144363938704,-0.0233121694609617,-0.048052361474674246,out_of_sample
4731.KL,2018-12-09,92.24670654058662,39.48191191104032,False,-0.06192512503415284,-0.05552241547917696,-0.05656456489309637,-0.058343749062991536,-0.06085277030727425,-0.07288459950094514,out_of_sample
4731.KL,2018-12-16,82.98603462845973,39.48191191104032,False,-0.06047424829440071,-0.07326637943192366,-0.06154048288365248,-0.07631825080286025,-0.08393558765700915,-0.09473010972626685,out_of_sample
4731.KL,2019-09-29,83.90486917777876,78.96383744720525,False,0.029999797274760785,0.03892578520365957,0.04888843456335278,0.0408714972633418,0.044444257444223784,0.028006291846669598,out_of_sample
4731.KL,2019-10-06,81.72148887730783,77.2402550344798,False,0.014364663686204758,-0.00853487271667436,0.028729517566098962,0.026116675196251483,0.05988219783262879,0.025895576845707736,out_of_sample
4731.KL,2019-10-13,89.34299789682662,77.2402550344798,False,-0.008667243276951588,-0.04263991600479314,0.01733485952303961,0.009883884573391928,0.056733454249927366,0.02170092665563325,out_of_sample
4731.KL,2019-10-20,93.19220926791319,77.2402550344798,False,-0.04210510676705134,-0.05712593559893757,0.0357898299501806,0.035783458970026286,0.006485499667481121,-0.006441296760512314,out_of_sample
4731.KL,2020-06-14,80.30994409453265,73.16433248702585,False,0.05353077854901313,0.023893422169271674,0.08917290107861639,0.06839697663300268,0.04311924674810558,0.0626274250373052,out_of_sample
4731.KL,2020-09-27,86.80449826315305,92.66970610337425,True,0.2197579414297295,0.22936606251806857,0.2600805446721157,0.20401551125553585,0.22580630644285202,0.13081844965387696,out_of_sample
4731.KL,2020-10-04,94.61541938833177,94.37946623081871,True,0.0760867367542758,0.09835563836884541,0.07065189899638652,-0.0008604075425561325,0.12862291680638488,0.03472836869434544,out_of_sample
4731.KL,2020-10-11,87.51104081898286,94.37946623081871,True,0.060498152902060044,0.067496526547539,0.0498221845994837,-0.009968060416181201,0.12811386780270284,0.06482116554714398,out_of_sample
4731.KL,2020-10-18,95.79820748895169,94.37946623081871,True,-0.0033897465431537927,-0.060476921732774566,0.016949161011497457,-0.10323649327505105,0.03775819451079063,-0.04825493090537017,out_of_sample
4731.KL,2020-10-25,92.5151590857153,94.37946623081871,True,0.0330578731015454,-0.03325239852253842,0.004958660081387127,-0.100652038172979,0.05461403835707908,-0.033949089767336196,out_of_sample
4731.KL,2021-01-03,83.15230430024208,29.20184527882329,False,-0.04621506269202026,-0.008844386514250006,-0.03904375986049988,-0.00864819805543069,-0.041434061280411855,-0.0255848976129716,out_of_sample
4731.KL,2023-01-29,94.52381304499785,76.89651308578496,False,0.05730664533620549,0.08451775593106542,-0.025788016993456505,0.0395521015106432,-0.025788016993456505,0.024587637253021915,out_of_sample
4731.KL,2023-02-05,94.90816749931575,71.56592911576875,False,0.016620581630011035,0.04139123961085122,-0.044321330657230526,0.0012213546816698603,-0.05540157150648306,-0.005403905672198998,out_of_sample
4731.KL,2023-07-16,82.70239082720697,78.80847529151522,False,0.03418803036977009,0.0022707521153404187,0.06267800604047853,0.0323258426592564,0.051281971098505186,0.04788980829128818,out_of_sample
4731.KL,2023-12-24,84.96433424207885,76.69586161728267,False,0.042174154720693406,0.020178534506599077,0.026423411828189223,-0.028012185250644157,0.02904860334855115,-0.03864343782455866,out_of_sample
4731.KL,2024-05-19,88.15676920358169,82.0873104531167,True,-0.029148036519329477,-0.023395262919958745,-0.008937960163675434,-0.010447321351791645,-0.08167637785986737,-0.06895233241245757,out_of_sample
4731.KL,2024-10-06,83.57042211234942,77.34031879109897,False,0.03456215174272107,0.05050722478180511,0.05069114807358162,0.07258107996308363,0.023041356337721208,0.024164049447151996,out_of_sample
4731.KL,2025-05-11,83.789082294716,10.021773360666545,False,-0.08695665512571367,-0.06774555849622774,-0.0842391850862299,-0.08662518017594863,-0.08977243404118679,-0.08126934680286639,out_of_sample
4731.KL,2025-05-18,91.1940074418153,10.021773360666545,False,-0.10789469496996672,-0.0737671208338525,-0.1238750350661786,-0.10117418969577141,-0.1051201011252802,-0.09572291993790943,out_of_sample
4731.KL,2025-09-28,92.29227642927202,87.57359621620196,True,-0.059620534131239716,-0.06224318139208683,-0.05691053110075901,-0.062205517087765796,-0.0514905250397976,-0.08682191552534618,out_of_sample
4731.KL,2026-01-18,82.8886977031291,90.74342835672564,True,0.0745857093048857,0.05893823859658652,-0.041436430812801434,-0.033326609866461084,-0.03314914465024115,-0.02063706940075014,out_of_sample
4731.KL,2026-01-25,95.47000007528794,90.74342835672564,True,-0.027848138684920455,-0.04694125318370748,-0.08607599812060175,-0.08649458817473742,-0.09873421510008544,-0.08432713747895443,out_of_sample
4731.KL,2026-05-03,84.79093372638307,45.73895915100246,False,-0.013227502207040418,0.009391324984521544,0.002645500441408084,0.03416663764145674,-4.2554623248987805e-05,0.012152425552252339,out_of_sample
7172.KL,2006-12-03,87.48030573503915,,False,-0.07272759293505555,-0.08766126182208318,-0.04545479561687579,-0.12857598745332816,0.12727268724675442,-0.061004421667641306,in_sample
7172.KL,2007-02-25,88.60676924056081,,False,-0.11290319430838393,-0.07564486541825396,0.8548385092351705,0.8299839936312046,0.5322580301546006,0.4750926918202778,in_sample
7172.KL,2007-04-08,92.37190262661822,,False,0.3092109369874346,0.24315522000286102,0.1513157808981742,0.08786388433284051,0.6447373471075182,0.5857344709740617,in_sample
7172.KL,2007-04-15,94.46945560766274,,False,0.06395367068346289,0.03089297536601008,0.01744171238363627,-0.016337576047751757,0.6976741269064594,0.6474982997405604,in_sample
7172.KL,2007-04-22,98.02985001315882,,False,-0.17391297273291118,-0.20544020146480146,-0.19130445186336592,-0.22572824856312335,0.2556704020766174,0.2029476124103083,in_sample
7172.KL,2007-07-01,93.81505935082878,,False,0.08251049090524042,0.08177214568721092,-0.1113721809063103,-0.05166959739204845,-0.24870553830859002,-0.2129400490796245,in_sample
7172.KL,2007-07-08,96.33697324490544,,False,-0.1146916495660132,-0.08672629491711152,-0.2599374718837211,-0.18721436395628555,-0.3429352569598887,-0.3156104462642174,in_sample
7172.KL,2009-04-26,91.06391303503767,,False,-0.06666678813073498,-0.11963452947516731,0.044444329510702374,-0.022868407541753566,0.054461823862917064,-0.07470370045944039,in_sample
7172.KL,2009-06-14,90.76877239576883,,False,-0.15335980576724065,-0.1328213347797527,0.012075374079403928,-0.07482090473292356,-0.056045117378899695,-0.13730913043795379,in_sample
7172.KL,2009-08-09,80.21615924729933,,False,-0.06730772549452342,-0.06212575379854163,-0.1510211845841761,-0.16905676205119652,-0.18029636545638808,-0.22954183786328253,in_sample
7172.KL,2009-08-16,91.90940299032331,,False,-0.23245077059775082,-0.24903379380925894,-0.21539394294568887,-0.2534649038860012,-0.22392235677171984,-0.2846592647693967,in_sample
7172.KL,2010-01-24,85.86990325297604,,False,0.2916661096416763,0.32456234466249523,-0.04166687280977335,-0.038706377803819324,0.04166645175151289,0.016813462730097335,in_sample
7172.KL,2014-04-13,98.3260353527739,97.61134207197271,True,0.07865171424316479,0.07106266052362314,-0.04494380953956859,-0.05036299968075007,0.011235809738132884,-0.006171593349870528,in_sample
7172.KL,2014-04-20,98.16723507359886,97.61134207197271,True,-0.0980391164386375,-0.11458264254576267,-0.16666659751872284,-0.17964774902746922,-0.13725479620510553,-0.15369580035105146,in_sample
7172.KL,2014-07-06,83.37665573887197,78.66723864543472,False,0.1777779491417611,0.18922150239801094,0.6666673563022093,0.6766413330370229,0.5540494333264746,0.577610257649326,in_sample
7172.KL,2014-08-03,87.25785515847936,89.34595414853239,True,0.41509471926919556,0.41360813089452364,0.3194757419757264,0.3317332828642768,0.14860865428484785,0.1724797574032572,in_sample
7172.KL,2014-08-10,82.54069286660224,89.34595414853239,True,0.4485979630306814,0.43305884021429375,0.31654869285939097,0.31603237856849214,0.27893265206020496,0.27062770152705506,in_sample
7172.KL,2014-08-17,97.50049688141348,89.34595414853239,True,-0.17723535858155376,-0.17258482102459163,-0.2773013474408836,-0.24756913983119638,-0.3106566770606602,-0.28913658870273834,in_sample
7172.KL,2016-05-15,96.98077638930147,85.8229667375809,True,0.10641008376804928,0.09845069100536301,0.08200415113881238,0.07200573000260921,0.3097942630609099,0.28781986764354334,in_sample
7172.KL,2016-06-12,81.41941117693877,92.10099048993015,True,-0.022058667927283122,-0.024081595029463478,0.18382350475350387,0.16991917214317223,0.11728994598630074,0.09866351631503718,in_sample
7172.KL,2016-07-31,84.21887284854613,91.85361872891652,True,0.01973701568351825,0.0016939033609040012,-0.1062457714635312,-0.11697002558207333,-0.006939688589337988,-0.017053022610824007,in_sample
7172.KL,2016-08-07,91.08037517005585,81.8272275050864,True,-0.056202261992641195,-0.06085960185110172,-0.15620727310059715,-0.14930239703712916,-0.08120339266660982,-0.08494728122848595,in_sample
7172.KL,2016-08-14,82.25279516563684,81.8272275050864,True,-0.0682399422804578,-0.06959962933861295,-0.09308693540063319,-0.08194183593849927,-0.05581659133950577,-0.03449424258249342,out_of_sample
7172.KL,2016-10-16,82.57279069030206,66.93828010553543,False,-0.006622403461016984,0.008314593431321233,0.006384976039909334,0.01696378522135237,0.07303294383092353,0.06307494590269805,out_of_sample
7172.KL,2017-01-15,92.5544633751486,80.1935276252815,True,0.0,-0.015808634622571,-0.0178570570237468,-0.04481069293088431,0.035739349065934574,-0.005647778409775442,out_of_sample
7172.KL,2017-06-25,94.8688273907721,86.9925009572102,True,-0.11999999016981219,-0.1085976368870883,-0.10000010444574545,-0.0981849477639726,0.14085755977998318,0.1369911937277761,out_of_sample
7172.KL,2017-11-05,95.30352572910401,95.01581263526232,True,-0.1018831606349572,-0.08863158380669851,-0.036111916963047934,-0.06820970559257938,-0.06332762070431705,-0.1282297056522605,out_of_sample
7172.KL,2017-11-12,94.1326288087667,95.01581263526232,True,-0.185247967619363,-0.17317756048431593,-0.12552801025067503,-0.16897105048158206,-0.136192151215159,-0.20977386541503545,out_of_sample
7172.KL,2018-07-22,84.20753752741312,73.10542924265356,False,-0.03746398200209971,-0.05387728252956349,-0.03466308421275944,-0.06263983459366608,-0.05200454053572215,-0.03836661824172115,out_of_sample
7172.KL,2018-11-25,88.66430169591638,86.16201607341274,True,-0.10101012578814986,-0.08591473253377482,-0.16666661556194093,-0.1645084238448681,-0.19191914700897839,-0.18776198446927844,out_of_sample
7172.KL,2018-12-02,81.92455526700843,29.921406507352714,False,-0.10249993226771412,-0.10976837192576376,-0.19999996964379343,-0.21260223657670213,-0.19999996964379343,-0.224740161657506,out_of_sample
7172.KL,2020-10-11,89.09953055866909,80.15501753656663,True,0.1535715121847341,0.16056988583021306,0.5642856585435105,0.5044954135278457,0.6357142986953469,0.5724215964397881,out_of_sample
7172.KL,2020-10-18,82.9376312439468,80.15501753656663,True,0.18505353923977497,0.12796636405015419,0.5017794572341194,0.38159380294757095,0.601423629700755,0.5154105042845942,out_of_sample
7172.KL,2020-10-25,91.31605098702441,80.15501753656663,True,0.2508709453184114,0.1845606736943276,0.498257796476795,0.3926470982224289,0.637630532287528,0.5490674041631127,out_of_sample
7172.KL,2020-11-01,90.92090798213671,94.9084708547565,True,0.25342461470489797,0.15750743634330425,0.5068492294097959,0.3880400292949231,0.8424657246377183,0.7539451305309692,out_of_sample
7172.KL,2020-11-08,99.25604001941485,94.9084708547565,True,0.3560370050929311,0.28877768054747566,0.4179565648231801,0.3471700987837554,0.5603713483261126,0.5296008965645862,out_of_sample
7172.KL,2020-11-15,95.47346496121772,94.9084708547565,True,0.2672671803482632,0.20757628580533288,0.3513512906160224,0.3239874639558879,0.5615614314529902,0.5685187230828622,out_of_sample
7172.KL,2020-11-22,99.42225179502059,94.9084708547565,True,0.1977716822700769,0.1609152178092926,0.30919223794958817,0.288323212214294,0.4623955645426218,0.45883788991026886,out_of_sample
7172.KL,2020-11-29,92.41453045571167,94.9084708547565,True,0.20218576508852382,0.181297305444609,0.4699453824524598,0.4766946007336283,0.5136613384918072,0.5277569179561964,out_of_sample
7172.KL,2020-12-06,99.94328517446438,92.74605806521514,True,0.04566214601643967,0.042357287100850974,0.1506849315068493,0.18487425358137854,0.2602739726027397,0.287465128535646,out_of_sample
7172.KL,2021-09-05,92.13910132435042,92.98091736987044,True,0.9031720065626208,0.9438908402598937,1.163606112633045,1.1805203166008316,1.0667781191956658,1.11521158123672,out_of_sample
7172.KL,2021-09-12,98.46574579865425,92.98091736987044,True,1.1802576098174014,1.1879163511090756,0.8226036953779685,0.850675290050954,0.7625178254388348,0.809618964323881,out_of_sample
7172.KL,2021-09-19,97.00819517304586,92.98091736987044,True,1.107526805702461,1.0753862194502721,0.801075361248144,0.8122409584696415,0.7069892857527328,0.745497273758466,out_of_sample
7172.KL,2021-09-26,99.71925531181027,92.98091736987044,True,0.11180129123608912,0.07523621198432849,-0.015527985475311017,-0.011272264888720823,-0.03105587813873558,-0.011441732688258013,out_of_sample
7172.KL,2022-02-06,91.83389233158066,88.41075520840478,True,0.19408741771999996,0.14077636993833423,0.1226591700593798,0.07035281587141962,0.22448473949394673,0.1734786430327801,out_of_sample
7172.KL,2022-02-13,95.92993235123743,88.41075520840478,True,-0.030462228994578244,-0.023704289020090318,0.0006818397996671793,-0.017305495702220945,-0.04671889710214946,-0.037503531438211946,out_of_sample
7172.KL,2022-02-20,87.2672539585164,88.41075520840478,True,-0.11692307239605358,-0.10956831820661399,-0.052750507623144205,-0.04399217904022587,-0.15148662683822967,-0.11490634995211185,out_of_sample
7172.KL,2022-02-27,88.77083079852984,88.41075520840478,True,-0.11030037360363917,-0.11757557171520439,-0.06226262037459624,-0.06870219529270961,-0.15433497078833644,-0.12757148451561007,out_of_sample
7172.KL,2022-08-07,90.19484635809852,81.18982611485602,True,0.16408667747989644,0.1709928709333086,0.17337459426398857,0.24458104124772884,0.2507739746118907,0.28689664017119476,out_of_sample
7172.KL,2022-08-14,86.39394209783568,81.18982611485602,True,0.19519522830619992,0.20160870368790115,0.24924923204872731,0.31576802801991005,0.2252252303853818,0.2703124469724021,out_of_sample
7172.KL,2022-09-11,84.56498914519187,76.43682573992463,False,0.045226087305528614,0.10571938013935792,0.02512560405862701,0.06404897937329945,0.010050241623450803,0.019892997986763264,out_of_sample
7172.KL,2022-09-18,86.49039043335476,76.43682573992463,False,-0.03389832954596098,0.023921820594585717,0.0290556615578512,0.028442360818529303,-0.031477024416140045,-0.038210354399557965,out_of_sample
7172.KL,2023-02-19,92.58468084373742,66.79299705878124,False,-0.1595959580390991,-0.11546971870805994,-0.14949490901657678,-0.12121268351670138,-0.17979795975340102,-0.1432484441623469,out_of_sample
7172.KL,2024-01-07,90.51269871040218,22.92567700542328,False,-0.20322577271079317,-0.2226999433525549,-0.11935480546504622,-0.1532413985076267,-0.1419354297864185,-0.17451114614667645,out_of_sample
7172.KL,2024-09-15,89.60148949596476,62.62797300119562,False,-0.18750001241763384,-0.1762419696787282,-0.19583338714307996,-0.17712441173350735,-0.23750001241763383,-0.21395492036229313,out_of_sample
7172.KL,2025-07-27,94.63999855239429,79.51516648062604,False,-0.1655172425132869,-0.20705565825750463,-0.20689659424825885,-0.24893053064811108,-0.14482760775245115,-0.1926969246454714,out_of_sample
7172.KL,2025-10-05,85.93944808790461,31.755439154896624,False,-0.055118058499284556,-0.03927152488511769,-0.14173224429231546,-0.12302339764790882,-0.07874017743599024,-0.10445172042869495,out_of_sample
7172.KL,2026-01-18,91.83357048846806,81.55522857620355,True,-0.09589039865544989,-0.11153786936374907,-0.1369863304507548,-0.12887650950441445,0.07534247358289553,0.08785454883238654,out_of_sample
7172.KL,2026-04-12,85.64000149283402,86.79926275869529,True,0.19108276579209824,0.15752889451246715,0.13375790568267626,0.13250444236504533,0.0828025419671734,0.09005136645286153,out_of_sample
7172.KL,2026-04-19,93.644026858303,86.79926275869529,True,-0.01595743163077738,-0.0425087207352451,-0.06914893380923204,-0.062317947488054776,-0.08510636544000942,-0.08291196428095314,out_of_sample
5151.KL,2011-11-13,89.35760915998019,,False,0.11864541034268175,0.12451434318842643,0.12711995443566676,0.09622292983460293,0.12711995443566676,0.07944674964843271,in_sample
5151.KL,2011-11-20,89.26074466377236,,False,0.10000093343566555,0.09187390779578052,0.09166763467402353,0.04445234264825145,0.10000093343566555,0.026252303096610724,in_sample
5151.KL,2011-11-27,92.55330073820171,,False,0.08943182965716556,0.04430593577813604,0.09756197759228465,0.033917688364572596,0.07317153378692737,-0.014565514378978087,in_sample
5151.KL,2012-07-22,97.08015306576658,,False,0.08218417357445461,0.07805146568492326,0.0684854636876405,0.06851592554285961,0.06163610874423345,0.05533057901108524,in_sample
5151.KL,2012-07-29,85.16229118477791,,False,0.06801924133119791,0.053692539953713106,0.08842751932135752,0.08919061843830205,0.037411040484324275,0.011927000659535076,in_sample
5151.KL,2012-08-05,97.96227825746568,,False,0.0387101083549135,0.031939664803323296,0.0,-0.0009907984382549883,0.0,-0.02253765944904111,in_sample
5151.KL,2012-08-12,85.7644139407128,,False,-0.012820831042908239,-0.0001731814654870028,-0.014421429540066496,-0.02345896251131488,0.02564120803678887,0.01909551613523896,in_sample
5151.KL,2012-08-19,90.36081963369124,,False,-0.012658390522906338,-0.00851235513132893,-0.01898758578435951,-0.02115146494748692,-0.042716482925316705,-0.037436972926115815,in_sample
5151.KL,2013-07-14,83.88639329935226,,False,0.0,0.0005656258235464821,0.0,0.0346372327949497,-0.0076905630811735844,-0.0025999990310903364,in_sample
5151.KL,2014-03-23,86.11512684967052,,False,0.03977474534103466,0.022081630732212455,-0.01136095683351542,-0.045890304052910204,-0.06954343064652678,-0.1004473737654941,in_sample
5151.KL,2015-12-13,81.48508249017048,,False,0.014709680402183008,0.0040581686122766625,-0.07352689043415499,-0.08713545195312186,-0.2499998394658451,-0.28191783129482845,in_sample
5151.KL,2015-12-20,86.84945567554661,,False,-0.05479509493779727,-0.04545755898185694,-0.20547809187340446,-0.20538074156176095,-0.3424657993102948,-0.374487220240196,in_sample
5151.KL,2017-01-15,95.46996712556847,,False,0.3294164714913966,0.3136078368688256,0.2823571076607201,0.2554034717535826,1.0823570460156093,1.0409699185398993,out_of_sample
5151.KL,2017-01-22,96.2635779278866,,False,0.17346963327018794,0.14776821234387189,0.18368125676255392,0.13544387422266527,0.7959252599556468,0.756222952293062,out_of_sample
5151.KL,2017-01-29,97.15186689040627,,False,0.026551182567704525,0.01944119991955992,0.3185872961823691,0.2833694214911262,0.6460141153529232,0.6046883817717662,out_of_sample
5151.KL,2017-02-05,94.46485507472953,,False,-0.025426024341203134,-0.03929537525410254,0.44915594426958627,0.4164677372349297,0.8644134831034915,0.8151259130909687,out_of_sample
5151.KL,2017-04-02,91.16843823320482,,False,0.28655131318058824,0.27047737831351837,0.28655131318058824,0.2680407283025081,0.04093763827281095,0.018318126566697856,out_of_sample
5151.KL,2017-04-09,90.00246932328714,,False,0.26554145638295434,0.2534729150072909,0.06779740294187998,0.04757028201466927,0.04519836730633965,0.03259584014273002,out_of_sample
5151.KL,2017-05-07,82.07139835228168,,False,-0.15625252925830413,-0.1643138207795855,-0.17410973616492784,-0.17463735437072678,-0.21875084308610138,-0.22121289979574432,out_of_sample
5151.KL,2017-05-14,88.4297613903582,,False,-0.2025889294705947,-0.20992055823117345,-0.2241398027635745,-0.2151639534896539,-0.26724154934953415,-0.2664870088572702,out_of_sample
5151.KL,2017-09-24,82.36533853350714,,False,-0.05027836366503312,-0.03311894661169284,-0.04469313645439941,-0.01681121182611613,0.11173303628719386,0.12187966898723715,out_of_sample
5151.KL,2018-02-04,86.00470825713244,42.79641905676113,False,-0.07207297223809728,-0.06436904900440606,-0.14414578712433818,-0.14039272929717514,-0.20720729722380973,-0.2034595908389126,out_of_sample
5151.KL,2019-01-20,85.55135663892447,81.08968393066966,True,0.0,0.002003294315826407,0.14117173119434248,0.1480738667575884,0.02941061037760701,0.06607837688081786,out_of_sample
5151.KL,2020-05-17,84.13163194862327,83.63139085218154,True,-0.07094814617069678,-0.17254143414719147,-0.10667970274606445,-0.24092130358384967,0.021956377004890316,-0.10252352989239924,out_of_sample
5151.KL,2020-08-09,88.62542164738204,73.659043321022,False,-0.04195529951891707,-0.0024911019706728293,-0.046102484524546045,0.00322138097394898,-0.024744611341566625,0.045749767463461766,out_of_sample
5151.KL,2020-11-22,83.68054816498568,78.88562241039737,False,0.06863575479426032,0.031779290333476005,0.18450990190657227,0.16364087617127815,0.3003841498509098,0.2968264752185568,out_of_sample
5151.KL,2020-11-29,90.93862980700607,78.88562241039737,False,0.004641864177507131,-0.016246595466407686,0.08936868258381434,0.09611790086498284,0.476704037553523,0.4907996170179122,out_of_sample
5151.KL,2020-12-06,96.57120215920786,78.45898498350267,False,-0.027142453457756385,-0.030447312373345085,-0.05416520424543213,-0.01997588217090289,0.21066975760293963,0.23786091353584593,out_of_sample
5151.KL,2021-02-21,93.92541947927721,82.17527489851001,True,0.0477967058929863,0.021764082182743023,0.2128057529110972,0.19801017810514943,0.2870578693972247,0.28857846279757365,out_of_sample
5151.KL,2021-04-25,92.5855108259371,93.32475768124819,True,-0.1625015014124218,-0.13374053063915453,0.0,0.012049019376440612,0.2799995331640729,0.33343677965414265,out_of_sample
5151.KL,2021-05-02,96.20278287118748,26.947672795097986,False,-0.16759668767168398,-0.16309502819682448,-0.15977670454733153,-0.13357249634742904,0.16201125866146174,0.21084220288501293,out_of_sample
5151.KL,2021-07-25,80.97058156204115,81.64377676849233,True,-0.05384654978208331,-0.050295433678102706,0.007936587500044888,-0.008519636127801862,0.10097776723074031,0.051852044675808506,out_of_sample
5151.KL,2022-02-13,89.48515980139548,76.51489400668011,False,-0.21076769658510994,-0.204009756610622,0.04134853719263362,0.023361201690745497,0.008463571642755805,0.017678937306693315,out_of_sample
5151.KL,2022-04-10,87.55825216226083,72.86505626273403,False,-0.0315792113546654,-0.004857168538274018,-0.1315799465934624,-0.08836429707178231,-0.20000001007176435,-0.10197784543493205,out_of_sample
5151.KL,2022-07-24,84.95743345821178,72.42970368068858,False,-0.07386419421931731,-0.10022515157432405,-0.034124596654898164,-0.035154757464916024,-0.005548132361452446,0.05130142102178053,out_of_sample
5151.KL,2022-10-30,84.36185949166254,87.31467619326968,True,0.03524114697111587,0.008135703852129306,0.052862474729756526,0.03395153373637946,0.00881066387932033,-0.02782274244997253,out_of_sample
5151.KL,2022-11-06,85.46388555170846,46.32032623768327,False,-0.0458323827708778,-0.07609075989130923,-0.04999913597241707,-0.08977578570137698,-0.04166705640387915,-0.08287601316053039,out_of_sample
5151.KL,2024-01-07,82.85411777365978,89.98138662320201,True,0.17834437092979713,0.1588702002880354,0.08917282542604013,0.05528623238345966,0.15386385738657948,0.12128814102632152,out_of_sample
5151.KL,2024-01-14,90.70858575603614,89.98138662320201,True,0.17177925029857072,0.1550110170434337,0.042945101514042454,0.007633726348860476,0.05551080633355164,0.009852089604163491,out_of_sample
5151.KL,2024-01-21,98.49415029919014,89.98138662320201,True,0.043011117891896336,0.01126932152495759,-0.09677401929611308,-0.14148695157799773,-0.08589164677333731,-0.1294003587076184,out_of_sample
5151.KL,2024-01-28,88.64701906759052,89.98138662320201,True,0.005291091431141752,-0.023143167286794206,-0.08969178781064745,-0.11366474413299774,-0.07362740054932353,-0.1010392470779278,out_of_sample
5151.KL,2024-05-12,87.59322106209362,72.83345512571852,False,-0.05263208427372305,-0.06337130031095232,-0.09473654990975199,-0.1012025768245976,-0.0789470160676421,-0.08543180343657916,out_of_sample
9822.KL,2002-04-21,88.04136690599536,,False,-0.07812473879581476,-0.06497261213320207,-0.15624947759162952,-0.09382075917934025,-0.1718741874794712,-0.09859805321634334,in_sample
9822.KL,2003-06-08,88.93938042483619,,False,0.18579371348758394,0.1219118267269301,0.2021871211108202,0.14135694735445953,0.14754269122421027,0.056972419930882326,in_sample
9822.KL,2003-06-15,94.97338794756648,,False,0.17171606183629748,0.12249435871358236,0.045454163080652574,-0.0013180481508458658,0.0505048218150405,-0.04593831496770419,in_sample
9822.KL,2005-01-09,91.97369339998647,,False,-0.07999954366072697,-0.07043913692311951,-0.13333553052242575,-0.09955763379059221,-0.193335071514502,-0.1492873512802306,in_sample
9822.KL,2005-06-19,81.578543400871,,False,-0.007874039619324279,-0.02992387948589688,-0.10236168134631518,-0.14692947009796845,-0.14960584327090626,-0.1728595669999035,in_sample
9822.KL,2005-06-26,84.08027382634661,,False,-0.023076774422697472,-0.06940893253751258,-0.13846116483252696,-0.16903746139291786,-0.11538416828282573,-0.14200760126155917,in_sample
9822.KL,2005-11-27,92.9483590763494,,False,-0.0340134989823838,-0.020577368557707965,0.12925081158509652,0.12800126077003005,0.36054493573387997,0.3360061416796711,in_sample
9822.KL,2006-01-15,85.24119986824716,,False,0.22754650608665059,0.21832403331620073,0.7125765110919037,0.701544602670739,0.8203605211641974,0.7854773138970048,in_sample
9822.KL,2006-02-05,81.00077278965391,,False,0.45502878480455666,0.466797910414826,0.5767212824211015,0.5780361185855952,1.0617302662136066,1.0386877426964711,in_sample
9822.KL,2006-02-12,91.0692211334587,,False,0.39512149038776667,0.3933285897146894,0.48292591126946766,0.45749966959422966,0.8203539056793678,0.7757276303665172,in_sample
9822.KL,2006-03-05,87.94435921172105,,False,0.08363580080849803,0.07305700822399033,0.41696871412103614,0.381742483055444,0.18455566735109055,0.1694836253908431,in_sample
9822.KL,2006-03-12,86.06865503467559,,False,0.06293675603641957,0.03934571143400506,0.3047995591935223,0.2620428430988136,0.13899593212517214,0.12949449114975362,in_sample
9822.KL,2006-03-19,92.94886332156511,,False,-0.01935436594913335,-0.03637113589788901,0.12397531280496873,0.07690285295624744,0.010912194775100548,0.01873770337163595,in_sample
9822.KL,2006-03-26,89.08407827672312,,False,0.03750124830501235,0.013637504019828987,0.05019269016648478,0.030421396849823982,0.017978359504624442,0.05316935164404735,in_sample
9822.KL,2007-09-02,83.62415556375487,,False,0.16967387178884227,0.12071514368952102,0.16967387178884227,0.07200766043558407,0.17689420661146796,0.11439470368722518,in_sample
9822.KL,2007-09-09,91.50417947409524,,False,0.037736722022199035,-0.013983707874091249,0.0062893039384035645,-0.06465862641837496,0.03144741808379547,-0.03911734115592793,in_sample
9822.KL,2012-04-22,100.0,99.99993483219282,True,-0.1464793312499301,-0.10917052981807601,-0.14084555268556245,-0.1329176729790956,-0.13239483535826682,-0.154086596407649,in_sample
9822.KL,2013-07-28,88.1516625651223,83.72235936956463,True,0.0800009966173875,0.12787638996208006,0.006084431289459991,0.009282039923908223,-0.00633598135120783,-0.001899172749660863,in_sample
9822.KL,2013-11-03,81.74028898156972,42.203654854790564,False,-0.015268955891057184,-0.016544874870640255,0.0,-0.027977101020108114,0.03435104918227262,0.038681608416152154,in_sample
9822.KL,2013-11-10,81.24044711955408,42.203654854790564,False,-0.04943082968968953,-0.061883154429412036,-0.011408173512962102,-0.028177553108830133,0.026615677026273713,0.026865029292159264,in_sample
9822.KL,2014-02-23,85.05246847923877,83.72681012317109,True,0.2271189826018624,0.2327232791269585,0.19322084279469082,0.18123118217168507,0.15254303019216825,0.12381149219850507,in_sample
9822.KL,2014-03-16,84.67142031502878,89.68052656587889,True,0.011764719611762502,-0.014571501354763174,-0.029411604529437474,-0.06353674621118947,-0.005882165305912468,-0.03778029740263739,in_sample
9822.KL,2014-03-23,89.56187119069784,89.68052656587889,True,-0.027624167083861163,-0.04531728169268337,-0.06077320412041105,-0.09530255133980584,-0.07458524199244601,-0.10548918511141334,in_sample
9822.KL,2014-07-20,89.41819898850879,76.76635060610688,False,-0.003022851992431055,0.0016007737169144148,-0.11805914950034177,-0.10880648857904482,-0.10984232056842047,-0.07562395784888754,in_sample
9822.KL,2014-07-27,81.98957234787032,76.76635060610688,False,-0.03796765417121167,-0.03458522173939432,-0.13580179267342837,-0.12096698592931886,-0.19558866332060174,-0.1481652297137534,in_sample
9822.KL,2014-08-03,81.79661753200689,35.99363645351423,False,-0.05130190917897603,-0.05278849755364792,-0.1190667682830461,-0.10680922739449575,-0.20580434883725512,-0.18193324571884578,in_sample
9822.KL,2015-05-17,95.12165463233775,88.00087612829866,True,0.0,0.04279992877570133,0.30394432915520436,0.3571144942585453,0.3164548126059802,0.38779903111231934,in_sample
9822.KL,2015-07-19,83.23671123755993,89.7019879106311,True,-0.15024111679667057,-0.07500640398742102,-0.041297586837226945,0.030010612056375847,0.08580323425325345,0.09749582176526798,in_sample
9822.KL,2015-10-25,88.35870189025773,88.60705100426635,True,-0.006249868455640107,0.022412927522567273,-0.13124999906706128,-0.09207245983833033,-0.12750018248281414,-0.07935092897935639,in_sample
9822.KL,2016-06-12,94.49791036673514,86.95667610259945,True,0.06040260388081597,0.05837967677863561,0.07491262585979616,0.061008293249464524,-0.045307843572238264,-0.06393427324350183,in_sample
9822.KL,2017-05-14,85.86299877904234,87.67862245609307,True,0.025861762253116205,0.018530133492537463,0.16379314205052314,0.17276899132444376,0.18284000742185055,0.1835945479141145,out_of_sample
9822.KL,2017-05-21,89.56646536606358,87.67862245609307,True,0.018131557261644306,0.005107585427255338,0.14365447656383426,0.1511646158386388,0.10830851821940035,0.10905504497845667,out_of_sample
9822.KL,2017-07-02,85.78958345991715,92.3705521596532,True,0.07241535828580267,0.0704819398887044,-0.049211967712529725,-0.0523304648593637,-0.12114244221227158,-0.12532122562047696,out_of_sample
9822.KL,2017-07-09,91.17659900647705,92.3705521596532,True,0.016366194887321772,0.00807042452124818,-0.10595135949474149,-0.11346869260741471,-0.14378103692583108,-0.14130929229764116,out_of_sample
9822.KL,2017-07-16,86.00806360508471,92.3705521596532,True,-0.030906151349691362,-0.03772094390667142,-0.1430120839436946,-0.15720013204287553,-0.08820444120484795,-0.09333264633305308,out_of_sample
9822.KL,2018-08-19,88.97894454128414,85.66584038289075,True,-0.019893836649055897,-0.0312705569728081,0.061008017469031055,0.09057396550008281,0.09416450688233541,0.13643043012246392,out_of_sample
9822.KL,2019-07-07,83.01316812978679,76.16591503648063,False,0.038677990770069524,0.07182451330468137,-0.010900507870712518,0.03093530689798632,-0.0022243269035468983,0.05625309277707208,out_of_sample
9822.KL,2019-07-14,93.16091209564183,76.16591503648063,False,-0.019323512199831302,0.0132620123350994,-0.02415442159449913,0.014768566437060083,-0.04106251044170652,0.02589361911946917,out_of_sample
9822.KL,2020-06-28,95.16384298751704,80.92582524497529,True,-0.013297881152132845,-0.0814836497655093,-0.06925158081148046,-0.12904432853204417,-0.07739218702804128,-0.08981708660225449,out_of_sample
9822.KL,2020-07-05,96.43159160224108,46.084833932986385,False,-0.09390692958126318,-0.12681838727129963,-0.13406640933306552,-0.11639335806903851,-0.1466161150730418,-0.11859305187047316,out_of_sample
9822.KL,2020-11-22,87.39255506904988,79.68440145502333,False,0.03375578811613197,-0.003100676344652345,-0.01265811644250723,-0.033527142177801346,0.025316948416878596,0.021759273784525655,out_of_sample
9822.KL,2021-06-06,85.94550592419337,78.75930234981348,False,0.028735356186275093,0.05730767522144901,0.5755301032974954,0.6286518228196668,1.1036246698561054,1.0962059468239822,out_of_sample
9822.KL,2021-06-13,84.91857268055914,78.75930234981348,False,0.05665740792650579,0.09130790498119029,1.0278070621325215,1.0819983719037958,1.1601177401602527,1.151210767584689,out_of_sample
9822.KL,2021-06-20,90.20436224146285,78.75930234981348,False,0.01931019654808466,0.06120319318998928,1.0026731106498976,1.0554971633211558,1.0586920900583006,1.066923472156458,out_of_sample
9822.KL,2021-08-08,93.65189909953547,96.8617810071194,True,0.06524815920533789,-0.0014654193425383683,0.4212767022011357,0.3979984564607733,0.5475179530872232,0.49884698558211316,out_of_sample
9822.KL,2021-08-15,88.11509113285528,96.8617810071194,True,0.027972103440398154,-0.01910750272872249,0.6111891777494664,0.572128883395783,0.650350038472697,0.6326636265983052,out_of_sample
9822.KL,2022-01-09,95.35021011191127,41.40151357052997,False,-0.14538171727841234,-0.13219407946962633,-0.23212854269676586,-0.27154890588029407,-0.23694793598364683,-0.2753768551086921,out_of_sample
9822.KL,2022-08-07,91.52149512478252,81.06051104102609,True,-0.04054071080771556,-0.03363451735430341,0.10810804180938509,0.17931448879312537,0.1959457282149124,0.23206839377421645,out_of_sample
9822.KL,2022-09-18,83.8023090539885,84.01046320926088,True,-0.08317217200653608,-0.02535202186598938,0.08123785305151264,0.08062455231219075,-0.03675043225325559,-0.04348376223667351,out_of_sample
9822.KL,2022-11-06,82.36810482440596,52.295228508886076,False,-0.041818173307875295,-0.07207655042830671,-0.10363630340957902,-0.14341295313853894,-0.10363630340957902,-0.14484526016623026,out_of_sample
9822.KL,2022-11-13,81.7890555467153,52.295228508886076,False,-0.10912333948703051,-0.11523961761322984,-0.11270131069764681,-0.1211061630136912,-0.09660114875902408,-0.11176247469868142,out_of_sample
9822.KL,2024-03-03,93.27525146038825,76.22193170869626,False,0.06410275779058872,0.06537066927250937,0.04273524084516836,0.0185873011715633,0.2884617374560843,0.23554954915595078,out_of_sample
9822.KL,2024-03-10,86.82222869555477,76.22193170869626,False,0.01898728486883658,0.008992860184228754,0.08860756777830836,0.05631243644050933,0.25738398952335473,0.2204844863867741,out_of_sample
9822.KL,2024-05-19,80.77244545438235,81.32212056110417,True,0.12847208414042,0.13422485773979073,0.057291600545042565,0.055782239356926354,-0.04349536834049976,-0.03077132289308996,out_of_sample
9822.KL,2024-05-26,88.6880781202709,81.32212056110417,True,0.06965163581092405,0.08757804612290288,-0.02296674987650234,-0.033557106894847935,-0.09132586653354378,-0.09410467345719331,out_of_sample
9822.KL,2026-04-26,88.11946276249195,81.52504277229451,True,0.23880590622270653,0.24326428190855112,0.21890541403748098,0.2237358177300878,0.1177932293806347,0.1113352120280791,out_of_sample
5000.KL,2002-01-20,89.86226716488936,,False,0.17714314608848294,0.1435727193518125,0.3126216616630213,0.23659059195364623,0.3243941922772849,0.21318924844119494,in_sample
5000.KL,2002-01-27,91.72029392917021,,False,0.16483507591635374,0.1402813577553636,0.23949708787149726,0.15435912781213235,0.2847753342687426,0.13371856228201123,in_sample
5000.KL,2002-02-03,89.50805720145122,,False,0.15746022291654788,0.15919918397392452,0.2626840815893373,0.21082135116744483,0.27376024799589227,0.15891927674878123,in_sample
5000.KL,2002-02-10,97.27675965567273,,False,0.12420343322085113,0.0725660860437701,0.16080543901501787,0.08977072172759844,0.1869496164544893,0.06915859601983401,in_sample
5000.KL,2002-02-17,96.09634937562781,,False,0.11509094371803337,0.07400942486424114,0.1250918774646065,0.04997893393299077,0.18009626055505182,0.08790534202656401,in_sample
5000.KL,2002-02-24,92.64263923833501,,False,0.06409663779776577,0.00496431430464557,0.10296758814378432,-0.020503784399576577,0.17099220826069392,0.062296873510842635,in_sample
5000.KL,2002-03-03,88.72719925034016,,False,0.09090926546715204,0.037214200360689474,0.10047863656713288,-0.01630437684985002,0.18660285645829341,0.11930631739666991,in_sample
5000.KL,2002-03-10,92.84111367798653,,False,0.0325581693780295,0.01411324617098772,0.05581390465413354,-0.00709150036514531,0.11162804262740683,0.11947951338011906,in_sample
5000.KL,2002-03-17,94.56587446195863,,False,0.008968715783151435,-0.02371981442463801,0.05829597774354804,0.009203376684827971,0.1322872081076111,0.12753758427885772,in_sample
5000.KL,2003-07-06,87.36345566273536,,False,-0.026785733534882988,-0.02391726379000828,-0.053571549989261925,-0.07865740290657763,-0.026785733534882988,-0.05038213366343299,in_sample
5000.KL,2003-10-19,84.91223743665152,,False,0.02586192816998383,0.011547872923183534,-0.027136566698157016,-0.04107935501982343,0.13815589323171024,0.08134775571087775,in_sample
5000.KL,2003-10-26,86.50026069993726,,False,0.04237272995221532,0.06718535771894377,-0.0436257644545412,-0.0005145018318921599,0.05851130434508858,0.04254965824489921,in_sample
5000.KL,2005-07-24,81.6152642886539,,False,-0.015625021837132956,-0.0005668384178145035,-0.07031230710532556,-0.051476295057687624,-0.062499737954404534,-0.04749481553392077,in_sample
5000.KL,2005-07-31,92.28578905752131,,False,-0.05263170283225329,-0.032351979911634604,-0.11278210026233804,-0.09624682704864461,-0.09774420667821529,-0.06807672876186077,in_sample
5000.KL,2005-08-07,95.72933766680978,,False,-0.12142852655400656,-0.08514527595972231,-0.17142848928530013,-0.15460653958268,-0.1428569146813893,-0.102980300920572,in_sample
5000.KL,2006-04-30,80.04048594607933,,False,-0.03676473471517283,-0.017296343651898374,-0.011156201055150094,0.034027742241817066,-0.011156201055150094,0.014664738306164046,in_sample
5000.KL,2006-05-07,82.73759473036944,,False,-0.05109471330078812,-0.01920302216516396,0.00427914011133775,0.052844746015631064,-0.018373883733756417,0.009357121741999475,in_sample
5000.KL,2006-05-14,95.72432223180083,,False,-0.041379473880075165,0.011050487321643612,-0.07253281172041767,-0.030619876835052004,-0.07253281172041767,-0.04348669825510991,in_sample
5000.KL,2008-09-14,93.27957202239917,84.55170477723313,True,0.0784313647253773,0.1838114940740948,-0.2549019021069964,-0.1111512312657387,-0.2156862197443078,-0.01861334422695618,in_sample
5000.KL,2008-10-05,82.90237617407399,27.888852145672434,False,-0.3333331944979787,-0.18275777892072884,-0.4561401859449672,-0.3080532421553618,-0.40350869468308587,-0.25661183737225746,in_sample
5000.KL,2013-09-22,96.30254230014958,91.30727251712278,True,-0.30813956744185644,-0.3068963922871489,-0.2848836379299153,-0.27824596332731977,-0.3313954180805679,-0.3527736948717885,in_sample
5000.KL,2014-01-26,88.56277986141833,77.52426130164302,False,0.06428574750905253,0.048658035528551594,0.2000001356619645,0.1900643025385072,0.14285728128771888,0.11505253772125193,in_sample
5000.KL,2014-03-16,83.43803514842047,78.69421323929582,False,-0.0404625523974723,-0.06679877336399798,-0.017340892240096578,-0.05146603392184858,0.005780297413365526,-0.026117834683359396,in_sample
5000.KL,2014-06-15,93.66668052626149,81.44271598024453,True,0.2548075370916436,0.2513920217762338,0.06250018343714843,0.08214594966424471,0.02884623349236872,0.03325815487730226,in_sample
5000.KL,2014-06-22,93.06914404990398,81.44271598024453,True,0.11999980223503354,0.12676114548752396,0.01999982635271237,0.03135353339405633,0.0,0.015951443757299573,in_sample
5000.KL,2014-06-29,90.71216980542056,81.44271598024453,True,0.03389848045932848,0.03580715743726395,-0.0508471458500827,-0.04556249241124191,0.11228834287623408,0.12900351174417446,in_sample
5000.KL,2014-07-06,93.4014729015767,40.34829043381621,False,-0.12252951773938467,-0.1110859644831348,-0.17588917843217014,-0.1659152016973565,-0.07509882143527792,-0.05153799711242649,in_sample
5000.KL,2014-07-13,90.3208221823669,40.34829043381621,False,-0.1532564540536787,-0.1302736705601854,-0.18007646345749678,-0.1722756704850233,-0.12835229326439834,-0.10587395772224158,in_sample
5000.KL,2017-09-17,87.83704780376671,84.67859628009617,True,-0.003968071903415691,0.013391548395464659,-0.03174583509934143,-0.0070863780888898095,-0.1547616810346321,-0.11832946657497875,out_of_sample
5000.KL,2017-09-24,92.59066666680913,84.67859628009617,True,-0.056179961215767765,-0.039020544162427485,-0.12734090190680883,-0.09945897727852555,-0.19101115467813745,-0.18086452197809416,out_of_sample
5000.KL,2019-02-17,83.06987573325678,78.10807702651594,False,0.3577981740450504,0.36270684881273024,0.3577981740450504,0.3925322287668246,0.3486239194600621,0.3951412945467541,out_of_sample
5000.KL,2019-02-24,93.0957278169786,78.10807702651594,False,0.23478276073767126,0.2665937123750885,0.16521751533862655,0.22293155091390085,0.38260896472653666,0.4500300796380098,out_of_sample
5000.KL,2019-03-03,96.36800656044822,85.22934299127871,True,0.193548215027921,0.22713908296624075,0.1612902503117268,0.19796797352054618,0.28225807139888315,0.3424900047042055,out_of_sample
5000.KL,2019-03-10,99.1526648976298,85.22934299127871,True,-0.10256397645265274,-0.079890028439825,-0.01923081978406593,0.006127817615082912,0.3461539081224034,0.3635001872014821,out_of_sample
5000.KL,2019-06-09,91.6929661134031,77.03149108950937,False,-0.1587301204007191,-0.17885955121612998,-0.03174583509934143,-0.018061522748008537,-0.16666663167022178,-0.14411811657794094,out_of_sample
5000.KL,2019-06-16,94.84935954886413,77.03149108950937,False,-0.2569444233918986,-0.275752785375522,-0.2152777911748524,-0.20088774828266587,-0.27777780839966265,-0.256931104703345,out_of_sample
5000.KL,2020-01-12,81.8212823426048,82.03904797786855,True,0.3304346855818808,0.35366490915680926,0.3652175383449847,0.43330595276398753,-0.1217390069006421,0.0421419218848984,out_of_sample
5000.KL,2020-01-19,94.35064039836239,82.03904797786855,True,0.32558151220553677,0.3577595883993292,0.023255873574253468,0.18058039803237577,-0.13178283921400047,0.01755201258142694,out_of_sample
5000.KL,2020-01-26,92.74085168295278,82.03904797786855,True,0.28985484045525356,0.3163107415950763,-0.4347827399819074,-0.2634142852697968,-0.16666684240964327,-0.061460182603954874,out_of_sample
5000.KL,2020-02-23,80.11323174481946,91.99548916744395,True,-0.5617977757725052,-0.41294724733527155,-0.35393260431054996,-0.2730418066999776,-0.3314606115295313,-0.24802277594976507,out_of_sample
5000.KL,2020-11-22,87.31600955622157,84.82587956215089,True,0.08823538185093512,0.051378917390150804,-0.009803924111621308,-0.030672949846915425,-0.06862759847403585,-0.0721852731063888,out_of_sample
5000.KL,2020-11-29,84.60524528271533,84.82587956215089,True,0.1759257637433754,0.1550373040994606,-0.037037225304892875,-0.030288007023724372,-0.04629648569829584,-0.032200906233906604,out_of_sample
5000.KL,2020-12-06,82.08749537803828,84.86794242255353,True,0.1181819209498848,0.11487706203429611,-0.1272727130601223,-0.09308339098559307,-0.04545456185370502,-0.018263405920798722,out_of_sample
5000.KL,2021-08-29,93.10219549635993,77.29011799447053,False,-0.11570245629870345,-0.07916526863387233,-0.04958689974024827,-0.04827880616457678,-0.08264454135982476,-0.04200712517012478,out_of_sample
5000.KL,2022-04-17,82.00226785518335,75.15669354168791,False,-0.05785141947286328,-0.02978364437274551,-0.13223149576393348,-0.07240804719561947,-0.22314050219251277,-0.12042247669234646,out_of_sample
5000.KL,2022-04-24,86.57333364490206,75.15669354168791,False,-0.06504077544434834,-0.03205015979457997,-0.20325203339471573,-0.1125949155181511,-0.22764239140511752,-0.11307717941408292,out_of_sample
5000.KL,2022-11-27,87.15940654903233,59.73591765617581,False,0.054347694019232305,0.062325942192784436,0.043478126457443526,0.034201607406611746,0.11956509938996496,0.12604996652783032,out_of_sample
5000.KL,2022-12-04,89.1980029479533,75.83131153324237,False,-0.010526180937798928,-0.019764904756897617,0.03157909980944469,0.020950135387115362,0.04736854527740805,0.06423991737634349,out_of_sample
5000.KL,2022-12-11,89.16370911541225,75.83131153324237,False,-0.030927777407284515,-0.03320243913336983,0.06185569119245688,0.05286562909913344,0.0,0.016003285640856978,out_of_sample
5000.KL,2023-02-05,92.21511849317942,45.59915044679058,False,-0.05825244588837995,-0.033481787907539765,-0.04854364069021213,-0.003000955351311743,-0.019417417746022157,0.030580248088261906,out_of_sample
5000.KL,2023-02-12,86.13089837625195,45.59915044679058,False,0.009615324073741355,0.03776552903090925,-0.009615387673043365,0.02263081490528527,-0.028846099419828086,0.0006874846728764476,out_of_sample
5000.KL,2023-06-18,93.15210727159779,94.53737116163448,True,0.17006812577229022,0.15315914433298028,0.1292516963949936,0.07988574803565655,0.2857142857142857,0.23793991672649767,out_of_sample
5000.KL,2023-06-25,96.76557686636784,94.53737116163448,True,-0.07878801484014375,-0.09505817613577465,0.187878705275627,0.1481919215684139,0.15151490127616418,0.10252467636203924,out_of_sample
5000.KL,2023-07-02,83.71847788387097,49.97837939553269,False,-0.024096313532507466,-0.07760905360338854,0.10240963135325075,0.05315349784521374,0.13253016272759563,0.07910458533250406,out_of_sample
5000.KL,2023-07-09,91.15770033494641,49.97837939553269,False,-0.0882352826741741,-0.1372600236047162,0.11176470176270267,0.04951466581067663,0.0647059414012616,0.03095330215040347,out_of_sample
5000.KL,2023-07-16,87.48415252860745,49.97837939553269,False,-0.03488380588981193,-0.0668010841442416,0.09883711674109963,0.0684849533598775,-0.011627986570455386,-0.015020149377672393,out_of_sample
5000.KL,2023-11-19,82.75305900756734,83.4433699310817,True,0.16032884527342198,0.15911028997139434,0.3944759045502073,0.3762172143103748,0.43610198174800174,0.4007688922761574,out_of_sample
5000.KL,2024-01-14,92.46792828835272,91.93257642986994,True,0.029850696639481245,0.01308246338434424,-0.01865675874867776,-0.05396813391385974,-0.048507650985497634,-0.09416636771488579,out_of_sample
5000.KL,2024-02-25,83.19519530387697,86.99738204810723,True,-0.10264903708460985,-0.09831108124760067,-0.19536429358721782,-0.19437014915779535,0.14569521710075245,0.1021153483993678,out_of_sample
5000.KL,2024-05-12,86.73483321238432,80.05279884849888,True,0.047169669804563746,0.03643045376733446,0.16911997061837733,0.16265394370353173,0.11146471773844586,0.1049799303695088,out_of_sample
5000.KL,2024-05-19,92.43198464620855,80.05279884849888,True,-0.037357424155241056,-0.03160465055587032,0.13044263771865316,0.12893327653053696,-0.02852592567678738,-0.015801880229377584,out_of_sample
5000.KL,2024-05-26,81.42125415130228,80.05279884849888,True,-0.022051162460402108,-0.00412475214842329,0.1143394272813438,0.1037490702629982,-0.04526654386027401,-0.04804535078392353,out_of_sample
5000.KL,2024-07-14,82.12243535847871,84.80988460214735,True,-0.14062505968127234,-0.12641310402002864,-0.28124991833089047,-0.30228677631688794,-0.15885407400363855,-0.1655924973570322,out_of_sample
3476.KL,2002-01-13,91.56843596890944,,False,-0.0666669220320558,-0.07787539541776989,-0.07407442273679934,-0.13749901913113766,-0.02222250211423065,-0.10526188352554194,in_sample
3476.KL,2002-04-21,91.75076938893608,,False,-0.047945604321916815,-0.03479347765930412,-0.054794110192502084,0.007634608219787183,-0.040686900078125594,0.032589234185002265,in_sample
3476.KL,2003-05-25,87.12231075469371,,False,0.007750906764570686,-0.040737289710716586,0.11199924927189428,0.01115114492698413,0.11999996906340224,0.0007306655044622551,in_sample
3476.KL,2003-06-01,86.622695913273,,False,0.02412206990640862,-0.005648861467356842,0.07138887718270298,0.013202230106624649,0.15804658396288637,0.0509814553464744,in_sample
3476.KL,2003-06-08,84.00597011090306,,False,0.05545452529888328,-0.008427361461770567,0.07890916548504097,0.018078991728680285,0.14145445273849944,0.0508841814451715,in_sample
3476.KL,2003-06-15,84.82120519924725,,False,0.04751936633926787,-0.0017023367834472572,0.05527809206136841,0.008505880829869972,0.13287272580424248,0.03642958902149779,in_sample
3476.KL,2004-02-22,93.06281336027473,,False,0.175000608205479,0.12541368558949223,0.07500036969352646,0.074895896246781,-0.018749806209038555,0.05987202257916863,in_sample
3476.KL,2004-02-29,84.33785006776478,,False,0.11728333756097892,0.0992222790795745,0.11111138332207009,0.11536504588964512,-0.024691303349840623,0.07506526131018985,in_sample
3476.KL,2004-03-07,85.9091523689395,,False,0.06707258502281895,0.06572969453179503,0.05487790802873944,0.10897710243219838,-0.01829303934657917,0.06940094003805093,in_sample
3476.KL,2004-03-14,99.05172219342315,,False,-0.10204071937209497,-0.10039020672990644,-0.12755031510437942,-0.0719514305252391,-0.20408120509989422,-0.11168396175961268,in_sample
3476.KL,2004-07-04,94.16214901948622,,False,0.01612859651274766,0.012155962258804874,-0.03763487036211318,-0.026571642016136685,-0.03225816077031843,-0.061920623891727235,in_sample
3476.KL,2004-07-11,95.07400219987267,,False,-0.05101977795480223,-0.011256737805709682,-0.07142819424060654,-0.057190350085287694,-0.07142819424060654,-0.07127597439283925,in_sample
3476.KL,2005-10-02,93.44294130801812,,False,-0.004252518840095595,0.01919660520333061,-0.05931678857224979,-0.034239757628594825,-0.008840626933406967,0.029335596176501263,in_sample
3476.KL,2006-01-22,90.60141069500469,,False,0.08713667268488026,0.06387649422069636,0.30290510063742937,0.2838971125622759,0.25311221584490595,0.21676400326073328,in_sample
3476.KL,2006-01-29,92.80750531134113,,False,0.11023606258295669,0.09831063150184494,0.204724353620493,0.1915078494676103,0.21259846096187168,0.17520281724835715,in_sample
3476.KL,2006-02-05,92.93784139957448,,False,0.08745277049450793,0.09922189610477729,0.14068491957636656,0.14199975574086027,0.1711031070632465,0.14806058354611107,in_sample
3476.KL,2006-02-12,95.8834282626939,,False,0.04710118589494914,0.04530828522187191,0.09420298351214824,0.06877674183691024,0.1811591993901537,0.13653292407730303,in_sample
3476.KL,2006-05-14,90.04064404828773,,False,-0.09883738384083866,-0.046407422639119886,-0.05060274787689974,-0.008689812991534068,-0.03873511249022387,-0.009688999024916108,in_sample
3476.KL,2006-08-13,88.67239698497777,,False,-0.029762204172752913,-0.045076278033406705,-0.04776775468133892,-0.07823668645503826,-0.005580213268129641,-0.06474584397315185,in_sample
3476.KL,2007-01-07,86.40203171580423,,False,0.32386407459201544,0.24435679673268676,0.18750026592594718,0.14797864120978188,0.20454575167924016,0.09166645147638162,in_sample
3476.KL,2007-01-14,96.55374918159727,,False,-0.08514863978060055,-0.193731491874449,-0.1801978089173623,-0.24228852633635045,0.05940587225676551,-0.08317057450709457,in_sample
3476.KL,2007-02-25,80.31121379558503,,False,-0.1102040410302761,-0.07294571214014614,0.016326705724172327,-0.008527809879793593,0.016326705724172327,-0.04083863261015046,in_sample
3476.KL,2008-01-13,89.65250553132277,,False,-0.08737869290289661,-0.021240512932630434,-0.149514317311726,-0.00448917656881212,-0.2077669685385989,-0.013705423433157865,in_sample
3476.KL,2008-05-04,90.44753242663766,67.51749565228401,False,0.039473556861188024,0.03583999975595993,-0.00938236276720231,0.05427569135049626,-0.09862739507665003,0.0034032955056138847,in_sample
3476.KL,2009-05-31,83.31898544280817,87.00475660471712,True,-0.011441776120845166,-0.04176428488320246,0.03323867370127367,-0.07380945446466461,0.06116453841651738,-0.05345945272426268,in_sample
3476.KL,2009-06-07,94.14708918643812,45.78562006021567,False,-0.06376534060856823,-0.0611525478668202,0.0004336519907539975,-0.0919884999516565,0.024508181048079943,-0.06732819229571364,in_sample
3476.KL,2009-06-14,91.54187628037319,45.78562006021567,False,-0.08777103419736682,-0.06723256320987886,0.0008454618419488114,-0.08605081697037868,-0.004367537302224087,-0.08563155036127816,in_sample
3476.KL,2009-08-16,84.34402352290027,74.14661743954194,False,-0.01028245076396069,-0.026865473975468825,0.04884370859771431,0.010772747657402,0.0356657594982126,-0.025071148499464242,in_sample
3476.KL,2009-10-18,80.7482786360599,78.6042131090432,False,-0.036407685851865795,-0.04769848781700382,-0.06310676507994867,-0.06567682994349046,-0.029126185215953063,-0.057938108141203606,in_sample
3476.KL,2010-01-17,94.30982394855853,65.11849991325512,False,-0.05301212801665728,-0.01821262168241127,0.284336936731405,0.2746186324727059,0.38554183146247883,0.3582812656043595,in_sample
3476.KL,2010-10-24,84.38913656955042,76.73718264716916,False,0.02711868821865939,0.016780823926641236,0.1101694412896664,0.10397076814016408,0.13050837396324735,0.07734329103161088,in_sample
3476.KL,2010-10-31,81.17361831001185,76.73718264716916,False,0.0,0.009039215389002127,0.13153456718151676,0.1276027885989596,0.08263067473002475,0.054888675485150654,in_sample
3476.KL,2011-06-12,84.6427866814905,32.27159479557528,False,-0.029748282893046513,-0.05452035460640643,-0.04831751360793969,-0.027908766031398552,-0.08777766430469822,-0.035020623919417286,in_sample
3476.KL,2012-02-05,94.50107310711847,44.9572691313196,False,-0.007125947483047543,-0.0363765887057926,-0.03087897895327494,-0.0682854372237394,-0.05700727552854575,-0.0758730117518953,in_sample
3476.KL,2012-07-22,92.15605776806031,81.51749872182766,True,-0.049528189785388255,-0.0536608976749196,-0.07311286141873401,-0.0730823995635149,-0.07782995938889273,-0.08413548912204093,in_sample
3476.KL,2012-12-30,93.88039943438854,82.94439004467637,True,-0.07173916672740517,-0.045450483169067774,-0.08695643617115853,-0.05171647640797638,0.09130449889781665,0.12368359332256339,in_sample
3476.KL,2013-03-17,92.10770465013229,87.28756652284231,True,0.019801942250990724,-0.023751923475116656,0.009900785674691968,-0.07902550572373998,0.009900785674691968,-0.08099766228699168,in_sample
3476.KL,2013-07-28,91.64976208211296,64.27584789467407,False,0.01532574522593101,0.06320113857062357,0.053640285599558475,0.05683789423400671,0.1685827246617746,0.17301953326332156,in_sample
3476.KL,2013-10-06,96.44291047387496,95.59075054193546,True,0.2489860676449074,0.2299324052470644,0.25064920995140294,0.2302953176444929,0.14254791283480742,0.0949840831791488,in_sample
3476.KL,2013-11-03,90.11938727613988,91.03844217476482,True,0.001331593962158079,5.567498257500782e-05,-0.08521964941594597,-0.11319675043605408,-0.13049262128681835,-0.1261620620529388,in_sample
3476.KL,2015-09-20,80.30944421125558,70.0935272991987,False,0.0366597314357238,0.008285119136663261,0.04684298006026598,0.05315638705086727,0.12484319316897441,0.14239983600385742,in_sample
3476.KL,2015-09-27,83.2343322587534,70.0935272991987,False,0.0362902417280267,-0.023102606220471583,0.058641604356087326,0.029613917469108922,0.10131240938575926,0.08342396629640027,in_sample
3476.KL,2015-10-04,83.80475737908064,65.54391296775101,False,0.017921348455127425,-0.004739451522089315,0.03404726277287496,0.0010230023482219741,0.068313565175486,0.04700342280259448,in_sample
3476.KL,2015-10-11,90.10955936442973,65.54391296775101,False,0.021731003176878597,0.03394289824737085,0.09116887772680907,0.11382878787257755,0.05744184309837515,0.06566317337819823,in_sample
3476.KL,2015-10-18,82.90618914833159,65.54391296775101,False,0.009823135128861299,0.04355405270967595,0.08506500161930738,0.12972893496093127,0.0830847431291758,0.11757290309346524,in_sample
3476.KL,2015-10-25,90.19714753497779,65.54391296775101,False,0.02156863176747612,0.050231427745683496,0.06274513166244555,0.1019226708911765,0.07254894986235956,0.1206982033658173,in_sample
3476.KL,2017-02-12,93.64309653493649,81.51209784268458,True,0.040650556710891614,0.029679000745818036,0.040650556710891614,0.01547013199177822,0.01626015207758084,-0.0212927050147754,out_of_sample
3476.KL,2017-02-19,96.71163640096425,81.51209784268458,True,0.015904448535513996,-0.00606682025069891,-0.00596413942469392,-0.019614200203223818,-0.011928393953883154,-0.05185972726076773,out_of_sample
3476.KL,2017-02-26,85.14236890826356,81.51209784268458,True,0.02380968518312805,-0.004099771110006881,-0.011904727715438972,-0.04587892271154438,-0.007936331975459242,-0.049111622531701246,out_of_sample
3476.KL,2017-03-05,93.30252637745009,81.50090330057695,True,0.00784330420290941,-0.010718117053993656,-0.019607636121725665,-0.05454134732202229,-0.02745105384928014,-0.06486664274789707,out_of_sample
3476.KL,2017-03-12,87.70576941780696,81.50090330057695,True,0.0,-0.014054667186433377,-0.023437651069346224,-0.0497304789639037,-0.023437651069346224,-0.05800372463576199,out_of_sample
3476.KL,2018-10-07,85.1988677527131,39.94892387116172,False,-0.021523655043188854,0.014083934877498244,-0.0430024623958059,0.011742515645413287,-0.021523655043188854,0.02635079390945454,out_of_sample
3476.KL,2019-01-27,87.0891815999049,87.26626511859261,True,0.13181796595659834,0.11983110252840491,0.07727241420195387,0.09747781594397627,0.08181795023158231,0.1282369326409939,out_of_sample
3476.KL,2019-02-24,92.19016935320894,90.37000637190663,True,-0.0481928661633704,-0.01638191452595316,-0.04417672914633108,0.013537306428943213,-0.05823281968541798,0.009188295226055132,out_of_sample
3476.KL,2019-10-06,84.36705618745607,34.867822425616204,False,-0.012987083056528284,-0.0358866194594074,-0.0043290667822679626,-0.006941909152115443,-0.0043290667822679626,-0.03831568776918902,out_of_sample
3476.KL,2019-10-13,94.76318064848631,34.867822425616204,False,-0.043876461825657444,-0.07784913455349898,-0.022862678857362526,-0.030313653807010205,-0.018659990585285946,-0.05369251817958006,out_of_sample
3476.KL,2021-10-24,95.53471957848329,87.06361550445415,True,-0.10621760075986886,-0.06683676432669756,-0.11398966312757038,-0.05979217391368436,-0.11398966312757038,-0.09336727577538581,out_of_sample
3476.KL,2021-10-31,84.4524883423569,87.06361550445415,True,-0.10309280726176523,-0.07103125352913961,-0.09793823323721229,-0.06858419613707731,-0.11597938198322194,-0.09341663919980234,out_of_sample
3476.KL,2022-02-27,84.80716837309278,33.75439624499472,False,-0.0027473668524495036,-0.01002256496401471,0.07533337968103748,0.0688938047629241,0.0864765537435125,0.11324004001623886,out_of_sample
3476.KL,2022-04-17,87.54755582507302,84.99476555528172,True,0.04569897145585661,0.07376674655597437,0.04838693922322731,0.10821038779154131,-0.05781314170885051,0.044904883791315804,out_of_sample
3476.KL,2022-04-24,96.21706991148761,84.99476555528172,True,0.01036252967966109,0.043353145329429466,-0.05524532071615771,0.035411797160406926,-0.0998586396038088,0.014706572387225808,out_of_sample
3476.KL,2022-05-01,93.90537571819233,41.35905871698763,False,-0.02030458470693794,0.013230179165351942,-0.08471232916843464,0.017591487333523337,-0.09499641839373012,-0.010875275722955977,out_of_sample
3476.KL,2022-05-08,87.96022652257612,41.35905871698763,False,-0.01007554216938826,0.006870908311229367,-0.09673192154016541,-0.0234742038510036,-0.10693843290312265,-0.06084232404755858,out_of_sample
3476.KL,2023-07-16,96.39634136136472,85.05660571418991,True,0.10677082879884274,0.07485355054441306,0.11979198826669167,0.08943982488546953,0.10156256592451705,0.09817040311730005,out_of_sample
3476.KL,2023-07-23,97.32233846437832,85.05660571418991,True,0.13500002443099568,0.11195829467900864,0.05999995370969239,0.027803727878581076,0.10264502817665307,0.08098279864039105,out_of_sample
3476.KL,2023-07-30,97.10388321599571,85.05660571418991,True,0.058393987941744545,0.06243438195022866,0.036496383249191515,0.03657911853323151,0.10020818748987909,0.10662728403909391,out_of_sample
3476.KL,2023-08-06,84.00723873120158,87.83666595104683,True,0.0922331221244504,0.0796258932332115,0.019417397552269,0.033975778383341475,0.12454670174393234,0.1268369824733084,out_of_sample
3476.KL,2023-08-13,97.71940010011612,87.83666595104683,True,0.011765000602681716,0.013281706356320281,-0.004705818710435398,0.022937012791974534,0.0663464224184044,0.07130811523124643,out_of_sample
3476.KL,2023-08-20,99.54048309909933,87.83666595104683,True,-0.06607935604133817,-0.07502766754505716,-0.028506604015769064,-0.02715817396095649,0.018285577431357003,0.0189147997694422,out_of_sample
3476.KL,2023-10-22,86.16263400352601,76.88194820227383,False,0.029082791861572803,0.01546068258584218,0.06040282655368035,0.04554556268243935,0.18568239659903601,0.15355287520979416,out_of_sample
3476.KL,2023-10-29,89.61745905188235,76.88194820227383,False,0.010917104010612818,0.0025808675672196555,0.026200672182149706,0.017545439324503125,0.19868982762496565,0.1678485973384234,out_of_sample
3476.KL,2024-01-14,92.64443350982044,91.8928700508909,True,0.08490566309240868,0.06813742983727168,0.09622637979868717,0.060915004633505195,0.10188683408359975,0.0562281173542116,out_of_sample
3476.KL,2024-01-21,92.88502474260162,91.8928700508909,True,0.08014582272928998,0.048404026362351235,0.04371588646838865,-0.0009970458134959878,0.0491804417357365,0.005671729801455409,out_of_sample
3476.KL,2024-01-28,98.09384278337824,91.8928700508909,True,-0.00841773566394384,-0.0368519943818798,-0.025252693417769475,-0.04922564974011977,-0.04040424099188955,-0.06781608752049384,out_of_sample
5916.KL,2002-03-17,93.39499479250419,,False,-0.046153895570169814,-0.07884242577795926,0.0,-0.04909260105872007,-0.04682263271276081,-0.05157225654151418,in_sample
5916.KL,2003-05-25,87.22559841175485,,False,0.17241376951838389,0.12392557304309662,0.1379308104246468,0.037082706079736655,0.09655158439642446,-0.022717719162515526,in_sample
5916.KL,2003-06-01,91.18595741967842,,False,0.09999984297259815,0.07022891159883268,0.07999984131967812,0.021813194243599787,0.07333336694270706,-0.03373176167370491,in_sample
5916.KL,2003-06-08,96.59232344912657,,False,0.05590062398755444,-0.007981262773099407,-0.006211385774734625,-0.06704155953109531,0.012422694550091868,-0.07814757674323607,in_sample
5916.KL,2003-06-15,87.81924906377462,,False,0.024390374803690527,-0.0248313283190246,-0.030487760629738413,-0.07725997186123686,0.048780447243926876,-0.04766268953881781,in_sample
5916.KL,2003-06-22,95.12215201283364,,False,-0.02941193628926955,-0.07935041728089318,-0.06470598272922269,-0.1322137594706283,-0.017647205527325464,-0.10336902691926939,in_sample
5916.KL,2003-10-19,80.86481750323588,,False,0.03954826570622426,0.025234210459423964,0.13559341861254856,0.12165063029088215,0.2994353150302359,0.24262717750940344,in_sample
5916.KL,2003-10-26,82.71443030398301,,False,0.011235689831887092,0.036048317598615535,0.16292124398286048,0.20603250660550954,0.27528072728316616,0.2593190811829768,in_sample
5916.KL,2003-11-02,85.98879013117327,,False,0.06666672496733538,0.11297567107859247,0.1833335609301746,0.22873689924967908,0.2666666980593344,0.2574391940545372,in_sample
5916.KL,2003-11-09,84.40901665368882,,False,0.07734799459514931,0.10189006072113056,0.270718315574723,0.2933887317951643,0.27624291429506476,0.2611706855549348,in_sample
5916.KL,2003-11-16,88.92840793799085,,False,0.09239123961317502,0.0927572671992204,0.24999998354809974,0.20810558007984392,0.2445649337748497,0.21529312759088642,in_sample
5916.KL,2003-12-21,86.13921728350977,,False,0.09661830831767113,0.03488395361646943,0.15458936350304675,0.08163064554977459,0.20289834217494995,0.05375902708177846,in_sample
5916.KL,2003-12-28,89.2284456896569,,False,0.07042235586021471,0.013193114949055201,0.13615032762000787,0.03140948876183053,0.37323974808203786,0.21371821073667976,in_sample
5916.KL,2004-01-04,96.95566263220697,,False,0.004347618707174387,-0.03427051542789577,0.08260854595418549,-0.03248486185562702,0.5326085091019284,0.3973753340414343,in_sample
5916.KL,2004-03-28,93.2250539736134,,False,-0.037202497703659784,-0.015283654169593847,0.020710137629270042,0.13643760029951313,-0.02272425299382994,0.059041323510607716,in_sample
5916.KL,2004-04-04,91.7158996172896,,False,-0.08344410093728799,-0.02807636884374313,0.027653537869275227,0.11657100132876351,-0.06955693727218122,0.0015657941235458495,in_sample
5916.KL,2005-03-13,86.8562879798373,,False,-0.01625998649474623,0.025261997163716358,-0.04065036468604342,-0.040395174158791625,-0.024390305745992127,0.015068351797460851,in_sample
5916.KL,2006-11-26,99.95668182786572,,False,0.20634899998235565,0.18815834523366842,0.12698371425042557,0.044630374915049884,0.0,-0.19016804682559993,in_sample
5916.KL,2006-12-03,99.98141436662534,,False,0.08759140341087292,0.07265773452384529,0.04379548818348149,-0.03932570365297089,-0.007299217527443824,-0.19557632644183956,in_sample
5916.KL,2006-12-24,85.96359662640992,,False,-0.0657896560059244,-0.12880603146315672,-0.17105248977316992,-0.33995739110460144,-0.18421061892364415,-0.27912409950140354,in_sample
5916.KL,2007-04-22,95.17069464204837,,False,-0.06887275336689634,-0.10039998209878664,-0.11477341734761654,-0.14919721404737396,-0.07542995256294574,-0.12815274222925482,in_sample
5916.KL,2007-07-22,87.10409149428249,,False,0.10416646203754866,0.24219847869412936,0.09722239671216781,0.16439736295509355,0.17181856162366865,0.17696192907274472,in_sample
5916.KL,2007-07-29,93.27091576467633,,False,0.03846133166422763,0.0988576670510996,-0.025641309480471875,0.010835592420436083,0.0816785392246692,0.07076644150357381,in_sample
5916.KL,2007-08-05,94.72252416012054,,False,-0.053571542200324486,-0.007526112140197945,-0.0015986361959232918,-0.002257608544587947,-0.013627468035352475,-0.060751166624380154,in_sample
5916.KL,2008-05-04,85.08885558024546,92.10169786138447,True,0.07786295705937818,0.0742293999541501,-0.02450380951432618,0.039154244603372385,-0.1991297038712509,-0.09709901328898699,in_sample
5916.KL,2008-05-11,89.73994456522007,92.10169786138447,True,-0.011695970597536486,0.0168583974998166,-0.07602343694572482,0.041562753182580695,-0.23391815665909432,-0.13575197988067084,in_sample
5916.KL,2008-05-18,94.02943210554162,92.10169786138447,True,-0.061111014923727724,-0.006277685985790184,-0.16666654888619722,-0.05112607803700957,-0.1555555516295399,-0.016888572874130175,in_sample
5916.KL,2009-06-14,87.72619298898456,74.24901275448195,False,-0.16000008035729532,-0.13946160936980737,-0.054285817283358684,-0.14118209609568616,-0.09142835427254717,-0.17269236733160126,in_sample
5916.KL,2009-08-09,87.81497914420157,84.24027948829705,True,-0.039274590217621044,-0.03409261852163925,-0.04833817052361439,-0.06637374799063481,-0.06344405902438201,-0.11268953143127645,in_sample
5916.KL,2009-08-16,91.7487481646233,84.24027948829705,True,-0.0999999107141163,-0.11658293392562444,-0.0999999107141163,-0.1380708716544286,-0.0857144483421453,-0.14645135633982215,in_sample
5916.KL,2010-01-03,94.67827616554575,39.42217957228544,False,-0.061994522605282334,-0.051293541443037334,-0.08355769748107439,-0.08198633404515933,-0.16442044558503896,-0.19770191164871026,in_sample
5916.KL,2010-09-26,86.16667494768872,87.19513671873806,True,0.14685311972341503,0.11966848171251543,0.016316943129832805,-0.021486590271669263,0.118881101215247,0.08532928136912799,in_sample
5916.KL,2010-10-17,85.85132037265271,91.71035570259903,True,-0.12720173290649953,-0.13388026198978084,-0.1291585090144708,-0.14085091240578806,-0.11937379528822492,-0.17464742931800614,in_sample
5916.KL,2011-05-08,84.95037788784207,87.20976180903348,True,0.1917809373058686,0.1625166841973648,0.0251141536485296,-0.019385972650546607,0.0251141536485296,0.003134570280829172,in_sample
5916.KL,2011-05-15,98.04201753104849,87.20976180903348,True,0.0,-0.010027617423965724,-0.04285701512583002,-0.07790510912109627,-0.10816316702664114,-0.09757738576126589,in_sample
5916.KL,2012-02-05,81.81941032086647,32.13758263782999,False,-0.08203981878183625,-0.11129046000458132,-0.09312634119838534,-0.1305327994688498,-0.053215075769480875,-0.07208081199283042,in_sample
5916.KL,2012-02-12,82.2910638685375,32.13758263782999,False,-0.061810445307953425,-0.07291399245701066,-0.07947034879791087,-0.10329753277079505,-0.05960261734444062,-0.07841593409698548,in_sample
5916.KL,2012-02-19,92.63841559169354,32.13758263782999,False,-0.11464971435185699,-0.12380104837656801,-0.08917192957976504,-0.11869379322962303,-0.10403403676401801,-0.1214825301326796,in_sample
5916.KL,2013-01-13,83.57201888072143,33.09315092643496,False,-0.05325462301442443,-0.018251411477673264,-0.12721900847037737,-0.11013932042833532,-0.07692323900252644,-0.08045926646722311,in_sample
5916.KL,2013-01-20,85.5871149353328,33.09315092643496,False,-0.0643274141404676,-0.03539116268452763,-0.1695906021750561,-0.14048134179983643,-0.05847954312368875,-0.07165632765680786,in_sample
5916.KL,2013-05-19,84.5844937298182,85.8573823422022,True,0.015151570739270186,0.01909134590871626,0.0,-0.009320801914916063,0.018181884887124224,0.00943198088201388,in_sample
5916.KL,2013-05-26,81.34909347376555,85.8573823422022,True,-0.0357144144027663,-0.026007984592677315,-0.002976201200230525,-0.01689560089625614,-0.11309538066188815,-0.1216568118255141,in_sample
5916.KL,2013-06-02,85.28724789038883,43.770531738229046,False,-0.05247822097716943,-0.05492001364903155,-0.023323596092119602,-0.045022432463031975,-0.16326538027667772,-0.136049982976518,in_sample
5916.KL,2014-04-06,89.74286602810021,88.15080761627515,True,0.03498544604613953,0.028268919257254617,-0.02623916239654484,-0.03527176464664772,-0.005831028792930219,-0.01893020877755678,in_sample
5916.KL,2014-04-13,90.045120686985,88.15080761627515,True,0.0,-0.007589053719541641,-0.06515593653109611,-0.07057512667227758,-0.02832871191567177,-0.04573611500367518,in_sample
5916.KL,2014-04-20,95.06587020157129,88.15080761627515,True,-0.06199454733315065,-0.07853807344027582,-0.12668471424848746,-0.13966586575723383,-0.10242576968169421,-0.11886677382764016,in_sample
5916.KL,2015-01-25,80.35268599508244,74.55181717115686,False,-0.014084684521460453,-0.016741271683008777,-0.04929583160017015,-0.04961199526083352,-0.028169180967940424,-0.05189526652128539,in_sample
5916.KL,2015-02-01,87.85449483796492,34.30635520015181,False,-0.07142874878071483,-0.0938566655098012,-0.08163304607851787,-0.09965960322094622,-0.07483042345038976,-0.12048347008211785,in_sample
5916.KL,2016-03-20,84.02861071558462,73.9507461959035,False,0.054166641010977096,0.04737892724443642,0.1833332579117881,0.23465173665652228,0.11666679401780042,0.16043434392816122,in_sample
5916.KL,2016-03-27,93.99754343010284,73.9507461959035,False,0.020000075490795216,0.011683368883684804,0.08399996097268322,0.12801946941004227,0.056000140156495265,0.10272537244824373,in_sample
5916.KL,2016-05-01,92.2820588411589,76.33275281133076,False,0.01908390488165591,0.04032477598929266,-0.007633684273188761,0.015484304722151065,0.07633575543831964,0.08548249071127821,in_sample
5916.KL,2016-05-08,94.79193062507427,76.33275281133076,False,-0.007407171480358777,0.00041405889301714214,-0.025925759604683567,-0.024021981971950344,0.01851872000901036,0.016154151662075955,in_sample
5916.KL,2016-05-15,98.4219297545373,76.33275281133076,False,-0.056337860402599575,-0.06429725316528585,-0.056337860402599575,-0.06633628153880275,-0.024647978491745232,-0.04662237390911181,in_sample
5916.KL,2016-07-24,85.65570848371112,69.77599002867599,False,0.09574511273016414,0.07748781586919808,0.1347519763395485,0.13742483752951712,0.17730495289685405,0.17636980868674598,in_sample
5916.KL,2016-08-21,89.66580749195494,83.11539808022937,True,0.03559848285537377,0.05615336433322535,0.0744332228536936,0.09144479026819473,0.18122959333190206,0.2129240559091372,out_of_sample
5916.KL,2016-10-02,85.11790719661198,88.35959216113811,True,0.014084457595314636,0.0033616533355036934,0.20281683133507444,0.2181204761961992,0.09859150408714482,0.1200129578211275,out_of_sample
5916.KL,2016-11-06,89.30289593315904,85.17575636681552,True,0.06349210236962824,0.07518944584576452,0.039682587531850146,0.04363226100427894,0.05026454179123487,0.027136844767109796,out_of_sample
5916.KL,2017-05-21,84.12365173035717,80.11602247556802,True,-0.019187753262768427,-0.0322117250971574,-0.043465370164771554,-0.03595523088996701,-0.10901468145112916,-0.10826815469207285,out_of_sample
5916.KL,2018-07-29,85.86608266370835,80.89422330517374,True,-0.10364155104979236,-0.125940493386312,-0.15966400846501538,-0.18312173349321043,-0.15966400846501538,-0.1387498921748174,out_of_sample
5916.KL,2018-08-05,80.58738267573922,27.64306215332846,False,-0.12222238512867262,-0.14445163708737352,-0.12222238512867262,-0.12955912588027366,-0.19444456422859915,-0.13993613539093164,out_of_sample
5916.KL,2018-08-12,80.11098072695994,27.64306215332846,False,-0.14127429672902175,-0.13763040579468006,-0.13019370489897053,-0.11435542408161625,-0.18005512582968025,-0.1291732181000319,out_of_sample
5916.KL,2019-02-10,89.62958928787691,84.23172315550764,True,0.132911673622458,0.13683691319300723,0.14556976189828966,0.17207994880370608,0.2405066248413072,0.2696909630840309,out_of_sample
5916.KL,2019-03-17,82.90377930081883,85.86932579067907,True,0.06557388947118394,0.09554639470544585,0.010929122963119358,0.05274307437034116,-0.016393354547305398,0.002178105984645535,out_of_sample
5916.KL,2020-11-22,95.19000330844237,85.77289561872021,True,0.2694610454789618,0.23260458101817752,0.8203593685293391,0.799490342794045,1.9580840229966612,1.9545263483643083,out_of_sample
5916.KL,2020-12-13,87.66071796166663,93.35894213434797,True,0.3461535699973481,0.3766596997086345,1.2499999013726792,1.3128938891534738,0.8076921893395228,0.8578292936271142,out_of_sample
5916.KL,2020-12-20,84.76412992021658,93.35894213434797,True,0.43396236931596893,0.44938151292308764,1.3301888888450215,1.3623040281818326,1.1226414634242636,1.1449109168222267,out_of_sample
5916.KL,2020-12-27,96.58864975912637,93.35894213434797,True,0.3057851049110726,0.3328572866602162,1.3140492886085475,1.3483175172067103,0.7685951253923268,0.777722822180559,out_of_sample
5916.KL,2021-01-03,98.41592037177016,96.19459856445474,True,0.3566432956486571,0.39401397182642733,0.5874125882151493,0.6178081500202185,0.5384616443997009,0.5543108080671412,out_of_sample
5916.KL,2021-02-07,94.23666156860254,95.82937652018036,True,-0.19658121396508219,-0.21019427729715173,-0.1068376772723157,-0.1110945143287125,0.11538460729211691,0.10080233059647102,out_of_sample
5916.KL,2021-02-14,91.90317669937106,95.82937652018036,True,-0.08906892759394736,-0.09924130071289634,-0.14574916028497423,-0.15377079043976438,0.07692295936890213,0.08440698010426237,out_of_sample
5916.KL,2021-02-21,96.70644590296247,95.82937652018036,True,-0.23571415090480025,-0.26174677461504353,-0.2035713494441219,-0.21836692425006968,-0.14285696701868353,-0.14133637361833462,out_of_sample
5916.KL,2021-05-02,87.35522623421423,28.03893765248362,False,-0.16475089160190798,-0.16024923212704847,-0.29118764430092237,-0.2649834361010199,-0.16803484387424625,-0.11920389965069506,out_of_sample
5916.KL,2021-05-09,83.44245540759555,28.03893765248362,False,-0.19172928828439134,-0.18605981820544107,-0.2857143121561549,-0.25163451294988687,-0.206349235729061,-0.14785921812731267,out_of_sample
5916.KL,2021-10-24,88.90707639045968,78.94372519547116,False,-0.02605854635429324,0.013322290078878054,0.058631968591783046,0.11282945780566905,0.07166129494551261,0.09228368229769718,out_of_sample
5916.KL,2022-03-06,80.21488348598399,33.08069518926148,False,-0.12969924362115476,-0.1287454004085335,-0.12593990395990037,-0.12375161273732803,-0.3251880360276495,-0.28953836476222006,out_of_sample
5916.KL,2023-01-22,94.01694099944184,87.31137707198035,True,-0.004739292709064705,0.010877226541298761,-0.04265393727952816,0.016399723035915144,-0.08056865757447806,-0.03711158274320112,out_of_sample
5916.KL,2023-01-29,93.00205864623406,87.31137707198035,True,-0.09292040591130107,-0.06570929531644114,-0.15486729605315624,-0.08952717754905654,-0.10176995154606348,-0.051394297299585064,out_of_sample
5916.KL,2024-03-17,84.3885062247188,86.58394413403231,True,0.24454139118235127,0.24569407179957428,0.3318778262134164,0.3010695025434033,0.23580782604232364,0.19392942909144412,out_of_sample
5916.KL,2024-04-14,91.5023321098743,95.9501865559909,True,0.07017559693060339,0.0381777092985017,-0.00701749672763434,-0.05009823262498145,-0.006656390009527719,-0.0453272037591224,out_of_sample
5916.KL,2024-04-21,88.53246361115157,95.9501865559909,True,0.11186425521767765,0.06724588498265145,-0.036852028186652216,-0.07546094543997267,0.001395767297903196,-0.04479930936154896,out_of_sample
5916.KL,2024-05-19,88.79383762849507,50.953059888869234,False,-0.13375399263574186,-0.12800121903637113,-0.09935429383701812,-0.10086365502513432,-0.2901160899675592,-0.27739204452014943,out_of_sample
5916.KL,2024-10-06,88.19777913297928,29.8269790943155,False,-0.11627909023830267,-0.10033401719921864,-0.053381149818262,-0.03149121792875999,-0.09508235701102444,-0.09395966390159365,out_of_sample
5916.KL,2025-03-23,85.52125198800472,83.59434466262071,True,-0.060728833598755035,-0.056710150179154734,0.04858296005513821,0.004542938149052524,-0.03691971673729148,-0.04532918539470693,out_of_sample
5916.KL,2025-03-30,88.08657120581127,83.59434466262071,True,-0.06666672875018327,-0.0637267669555735,-0.015686228251497427,-0.030042241939114367,-0.07521076577844814,-0.06800300044054527,out_of_sample
8907.KL,2003-06-08,85.86237026269265,,False,0.5977014561567031,0.5338195693960492,0.5632205820056698,0.5023904082493091,0.390805664832602,0.30023539353927403,in_sample
8907.KL,2003-06-15,98.061672366607,,False,0.3500014828902272,0.3007797797675121,0.033334677202601734,-0.013437534028896705,-0.008332221165662936,-0.10477535794840762,in_sample
8907.KL,2003-07-13,87.56485156193249,,False,-0.23456774655511592,-0.23223316666229968,-0.26543208181425926,-0.3104382359182853,-0.27160554957327476,-0.2941224541778329,in_sample
8907.KL,2003-10-19,89.51655263548615,,False,0.17816096913147322,0.16384691388467293,0.5689649359218045,0.5550221476001381,0.4482755590113673,0.3914674214905348,in_sample
8907.KL,2003-11-09,80.9602619368659,,False,0.014218341410049653,0.03876040753603091,0.21800980248562699,0.24068021870606832,0.07582908973822505,0.060756860998095095,in_sample
8907.KL,2003-12-14,92.24215896382493,,False,-0.07692292807010968,-0.11919883327193981,-0.16483517322912916,-0.19448385923610634,-0.007325837954460644,-0.12628689773452476,in_sample
8907.KL,2004-11-28,92.3188938216897,,False,-0.009661610584977411,-0.007264380973510228,-0.019323288329767034,-0.04169013795379589,-0.03864765121652948,-0.03685521584950978,in_sample
8907.KL,2004-12-05,96.3682080077203,,False,-0.13559357577852527,-0.12497396282142623,-0.14406801227011645,-0.14413342823412717,-0.15678004990375166,-0.14188643868766224,in_sample
8907.KL,2006-01-15,93.08404099351156,,False,0.242236806270688,0.23301433350023815,0.031056142503829983,0.020024234082665328,0.14285682213461123,0.10797361486741862,in_sample
8907.KL,2006-02-12,90.49145181945585,,False,-0.1700003273939711,-0.17179322806704833,-0.08000083690518302,-0.10542707858042102,-0.08000083690518302,-0.12462711221803371,in_sample
8907.KL,2007-02-25,88.32709276052094,,False,-0.19767252764661475,-0.16041419875648477,-0.16860256283835884,-0.19345707844232476,-0.20930164513725102,-0.2664669834715738,in_sample
8907.KL,2007-07-22,85.86826349318532,,False,-0.30246984192476195,-0.16443782526818126,-0.29629645998105886,-0.22912149373813312,-0.27160554957327476,-0.2664621821241987,in_sample
8907.KL,2009-06-14,90.2693445878502,88.05025403021568,True,-0.14285719802443714,-0.12231872703694918,0.26984695820227883,0.18295067938995135,0.22222301908313943,0.14095900602408534,in_sample
8907.KL,2009-08-02,84.69054462648504,86.20243451704266,True,0.040538395308297365,0.04107461530125097,0.040538395308297365,0.004373624390392843,-0.040538207441805064,-0.11901292806142227,in_sample
8907.KL,2009-08-09,86.9910636959163,86.20243451704266,True,-0.037503684055408194,-0.03232171235942641,-0.037503684055408194,-0.05553926152242862,-0.1500030932163333,-0.19924856562322774,in_sample
8907.KL,2009-08-16,85.0199645186561,86.20243451704266,True,-0.12195237940231643,-0.13853540261382458,-0.07316696878392885,-0.11123792972424115,0.0975652264726606,0.03682831847498375,in_sample
8907.KL,2010-01-17,85.38559003972371,81.89725523612263,True,-0.1500007263836514,-0.11520122004940539,-0.16000167381036604,-0.16971997806906508,-0.21000189276811743,-0.23726245862623674,in_sample
8907.KL,2013-12-29,86.94294984401502,70.16665814039868,False,0.15492504915170838,0.18635343429951692,0.2112621782768344,0.2275540051952442,0.1830968444808814,0.20490166369540103,in_sample
8907.KL,2014-01-05,94.68082391184309,86.43661857642947,True,0.0789429879165275,0.09568103314416601,0.06578978657739089,0.0652883291773181,0.10526137199673813,0.0965462459737138,in_sample
8907.KL,2014-01-12,96.62347845313178,86.43661857642947,True,-0.023811909786247656,-0.013946629471478253,0.011905913517804918,0.008812738478046742,0.011905913517804918,-0.004517953777668112,in_sample
8907.KL,2014-02-23,81.1468316281098,53.980242373615795,False,-0.023252879765486914,-0.0176485832403908,0.2093074402037861,0.19731777958078037,0.2093074402037861,0.18057590221012293,in_sample
8907.KL,2014-04-20,88.53851121275795,85.52978661556288,True,0.0,-0.01654352610712517,0.519228294977489,0.5062471434687427,0.6730761763022967,0.6566351721563507,in_sample
8907.KL,2014-06-08,92.82640660738645,96.39850629014416,True,0.1548391639187597,0.14291556720967108,-0.05806422680333776,-0.058407821942230015,-0.06451650515566092,-0.06634719945376413,in_sample
8907.KL,2014-06-15,84.11021353369175,96.39850629014416,True,0.10126712478527615,0.09785160946986637,-0.13291000520097396,-0.11326423897387766,-0.0696183491698635,-0.06520642778492995,in_sample
8907.KL,2015-03-01,92.15354595188377,54.08735011034937,False,0.0,0.004304811629888483,0.0,-0.022715664862656235,-0.062112112310912175,-0.04360246122150829,in_sample
8907.KL,2015-03-08,85.74609462058845,54.08735011034937,False,-0.07272876021298344,-0.0879809291539328,-0.06060647166888145,-0.06686563558963708,-0.07878729257655166,-0.045892296178617675,in_sample
8907.KL,2015-03-15,85.88816322847828,54.08735011034937,False,-0.011903182746756816,-0.04701476326801401,-0.10118954869374394,-0.11572583291659366,-0.14285755661033198,-0.12241695386285759,in_sample
8907.KL,2015-11-01,95.13241312773876,78.24533727694792,False,0.0636942167715204,0.05356039679165305,0.2866241286809052,0.2879448575133346,0.254777020295145,0.2790909770761957,in_sample
8907.KL,2015-11-08,88.88070312255256,78.24533727694792,False,0.12269943810711463,0.13327662062544618,0.34969322890038834,0.34565332927945297,0.10429442647089314,0.1149131029033782,in_sample
8907.KL,2015-12-13,91.55484033620549,93.95319807065972,True,0.1826922565423508,0.17204074475244446,-0.1057692285453196,-0.11937779006428648,-0.0961538283625568,-0.12807182019154018,in_sample
8907.KL,2018-07-22,83.60853255661918,81.81275540441872,True,0.11111118535131001,0.09469788482384622,-0.03703698754357111,-0.06501373792447776,-0.1018517992650443,-0.0882138769710433,out_of_sample
8907.KL,2018-07-29,85.73260074480054,81.81275540441872,True,0.02727266266534954,0.004973720328829909,-0.08181820666717325,-0.1052759316953683,-0.12727277200091186,-0.10635865571071387,out_of_sample
8907.KL,2020-04-26,81.93978368315219,75.33798977672834,False,0.03225792059367935,-0.01658686925352089,0.2903224492377072,0.19001216955112188,0.09677414974590241,-0.06855780959648893,out_of_sample
8907.KL,2020-05-03,81.12597025522648,70.00581231685236,False,0.03174598780795695,-0.014759836497438554,0.11111110050536892,0.054028329277467056,0.38095242640556176,0.2517916539335274,out_of_sample
8907.KL,2020-05-10,83.37738712675038,70.00581231685236,False,0.21875008808773783,0.09285944844501454,0.15625007634270613,0.033021597492163324,0.31250005872515857,0.1523044933166821,out_of_sample
8907.KL,2020-05-17,95.37768499968443,70.00581231685236,False,0.3000000601345588,0.19840677215806413,0.0,-0.13424160083778522,0.7857142795781062,0.6612343726808168,out_of_sample
8907.KL,2020-06-14,87.43454961299581,79.70151753017659,False,-0.2307692663518083,-0.26040662273154974,0.3736263053659188,0.3528503809203051,0.3076923991903642,0.32720057747956377,out_of_sample
8907.KL,2020-09-06,82.49629434203405,21.50744913286508,False,-0.25210091932085754,-0.241836160917179,-0.27731099103964857,-0.24500591591638926,-0.10924386309212068,-0.16975735467787273,out_of_sample
8907.KL,2020-11-29,84.84305598600018,76.85317190005098,False,0.0,-0.02088845964391482,0.37735867895484315,0.38410789723601163,0.7169813311681865,0.7310769106325757,out_of_sample
8907.KL,2020-12-06,94.26878601531713,76.23603731104033,False,-0.008403576216956568,-0.011708435132545268,0.34453762997906506,0.3787269520535943,0.47899141319026634,0.5061825691231726,out_of_sample
8907.KL,2021-01-17,90.28471739350645,91.42937540133222,True,0.2222221572620536,0.23917962258476966,0.22916661272652666,0.23612420259470804,0.13194440326433757,0.14101626494744499,out_of_sample
8907.KL,2021-01-24,83.47564092094838,91.42937540133222,True,0.24657531651163897,0.2539715968050285,0.19178079257837446,0.173336993743254,0.04794511576849119,0.040655253474299546,out_of_sample
8907.KL,2021-01-31,93.32884095637003,91.42937540133222,True,0.10000001503364002,0.09275411653451102,0.025000041342510066,0.002643032286442276,-0.03125005167813758,-0.058082296725246174,out_of_sample
8907.KL,2021-02-07,97.2116188629273,88.38794463895685,True,-0.07103829769391537,-0.08465136102598493,-0.10382516893373941,-0.1080820059901362,-0.16939897713421317,-0.18398125382985908,out_of_sample
8907.KL,2023-02-12,94.79934684339533,95.01215775025743,True,0.7218541801521396,0.7500043851093076,0.6821191768144726,0.7143653793928013,0.6821191768144726,0.7116527609071772,out_of_sample
8907.KL,2023-02-19,96.23360163910452,95.01215775025743,True,0.6744186404261834,0.7185448797572226,0.4767441836073057,0.5050264091071811,0.4534883322526594,0.4900378478437135,out_of_sample
8907.KL,2023-02-26,98.64383514239778,95.01215775025743,True,-0.00799991686998562,0.03119564583073113,0.04799998229638583,0.07181249074905083,-0.0239999430405457,-0.004601254944428573,out_of_sample
8907.KL,2023-07-16,93.00013592415861,86.8487971165445,True,-0.04907983427063311,-0.08099711252506278,-0.12269943810711463,-0.15305160148833677,-0.18404908337593787,-0.18744124618315489,out_of_sample
8907.KL,2024-04-28,86.3306391135597,80.04914490628843,True,0.04026835994818903,0.012182331053090557,0.16107384338039193,0.1514177064752799,0.38926164691360793,0.3502878199269372,out_of_sample
8907.KL,2024-05-05,86.96350702569369,49.38514149965465,False,-0.05194798095093356,-0.05640830596749601,0.33116874952214503,0.330854202997097,0.39610392095288754,0.3814523192422029,out_of_sample
8907.KL,2024-06-30,93.01256957902957,86.06697254418633,True,0.04878057079844502,0.034448023865641234,-0.07327182359558222,-0.10198090634896724,-0.08307845078816171,-0.13259136022164394,out_of_sample
8907.KL,2024-12-15,84.91925783044356,91.51413127524897,True,0.1754386480482753,0.17937957474310826,0.09649118295775912,0.10758051680099921,-0.10526314684679815,-0.06704715277142907,out_of_sample
8907.KL,2025-09-07,84.10639927784582,52.427133555140664,False,0.047619138056823294,0.011557906045109374,0.09131378310092114,0.07167053022861597,-0.03613889446249364,-0.0528166157702854,out_of_sample
8907.KL,2026-04-26,89.3436734007504,75.226152442279,False,0.31404957293519664,0.31850794862104126,0.5041322273338814,0.5089626310264882,0.5371900460049323,0.5307320286523767,out_of_sample
7233.KL,2009-03-01,91.68146109811191,,False,-0.02817263942511083,-0.0222894387616575,0.04225445251725111,-0.07227731763662751,0.02817263942511083,-0.1453933612504307,in_sample
7233.KL,2009-06-14,85.47596989143126,,False,-0.01129942098316342,0.009239050004324529,-0.023503417941927666,-0.11039969675425515,0.025319626868825496,-0.05594438619022858,in_sample
7233.KL,2010-01-17,96.2749495343511,,False,-0.24603481328246954,-0.21123530694822354,-0.12698478330625967,-0.13670308756495872,-0.08730496822959743,-0.11456553408771675,in_sample
7233.KL,2014-04-27,91.22636380434288,,False,0.12821459283243286,0.12378682342015822,0.28206598666933635,0.26877192091149654,0.35897539764566455,0.3525325608821251,in_sample
7233.KL,2014-05-18,85.42144924465902,,False,0.06976971043150201,0.07327410990568978,0.09303590296670573,0.09313675645555912,0.3721005735345148,0.3951818926229626,in_sample
7233.KL,2014-05-25,86.94491269832362,,False,0.13636713690314245,0.12753992541460193,0.2045362702089293,0.20253008577971557,0.295456878592437,0.2980835957184733,in_sample
7233.KL,2014-06-22,87.09330297312935,,False,0.059988652515562166,0.06674999576805259,0.13999854142460516,0.15135224846594914,-0.040005266862875796,-0.024053823105576223,in_sample
7233.KL,2014-07-27,93.56637312477626,,False,-0.08474114837488006,-0.08135871594306271,-0.11864395757860513,-0.10380915083449561,-0.2372876965736036,-0.18986426296675527,in_sample
7233.KL,2014-11-30,87.1253762096736,,False,-0.2063498326446082,-0.17534846914210891,-0.04761998340672979,-0.03783902000395743,0.11111012171059298,0.1182604819336204,in_sample
7233.KL,2015-01-18,83.85223094210082,,False,0.15254698536593683,0.11963749125304646,0.2542444291508781,0.2323467967718627,0.3559425286866393,0.29816445530386604,in_sample
7233.KL,2015-01-25,82.85891742747897,,False,0.1666667741361389,0.16401018697459058,0.1666667741361389,0.16635061047547553,0.4499991832320111,0.4262730976786661,in_sample
7233.KL,2015-02-01,98.38603757803446,,False,-0.1728384398295801,-0.19526635655866648,-0.09876267336555886,-0.1167892305079872,0.02469446958483814,-0.020958577046889942,in_sample
7233.KL,2015-02-08,91.42097235828636,,False,-0.21429045172249253,-0.21291987267645765,-0.11904787127226234,-0.13290855686401976,-0.11904787127226234,-0.12392787746806759,in_sample
7233.KL,2015-04-19,90.91552877868799,,False,-0.09195856627045738,-0.07357150458886089,-0.26436882476358925,-0.20396879923665817,-0.2758609495444626,-0.20528136586490098,in_sample
7233.KL,2015-12-13,93.17732947840027,94.77144446861763,True,0.17330279815651844,0.1626512863666121,0.22917787295175457,0.21556931143278768,0.17330279815651844,0.14138480632753508,in_sample
7233.KL,2015-12-20,90.45263913421881,94.77144446861763,True,0.2071703159440247,0.21650785189996505,0.0917037703905477,0.09180112070219122,-0.023763231095989476,-0.05578465202589064,in_sample
7233.KL,2015-12-27,89.67450916171525,94.77144446861763,True,0.07918297155970322,0.10220660748812253,0.05919586046992069,0.05236091805872988,-0.01075084412193648,-0.04250896745425764,in_sample
7233.KL,2016-11-27,91.47673009984271,77.0482039711026,False,-0.014287658289533477,-0.008074769574214623,0.09999906770904209,0.07687430297753961,0.16428600325925496,0.11486547828925006,out_of_sample
7233.KL,2017-02-05,88.01802026266988,90.06168409898025,True,0.14371191320850718,0.12984256229560778,0.31736595643503474,0.28467774940037816,0.4011974098615589,0.35190983984903607,out_of_sample
7233.KL,2017-03-12,93.21336515759371,97.18591067039874,True,0.08333198436856586,0.06927731718213248,0.27777760530739654,0.25148477741283903,0.3938507385637539,0.35928466499733813,out_of_sample
7233.KL,2017-03-19,93.13364394741127,97.18591067039874,True,-0.042734950012051146,-0.034592638910129425,0.2991455711910575,0.28157162848912354,0.3041377648117795,0.27910334772551654,out_of_sample
7233.KL,2017-05-14,94.45586502370526,98.38921483263589,True,0.0038426745481225703,-0.003488954212456171,-0.1039512869430444,-0.0949754376691238,-0.07700340710630882,-0.07624886661404487,out_of_sample
7233.KL,2017-05-21,83.12142294773514,98.38921483263589,True,-0.021898052821556938,-0.034922024655945905,-0.14005653284412403,-0.1325463935693195,-0.13349319629331835,-0.13274666953426204,out_of_sample
7233.KL,2018-07-29,88.56586270088422,83.95575923087628,True,0.6639357329551228,0.6416367906186031,0.9836066034355984,0.9601488784074033,1.218303343272268,1.239217459562466,out_of_sample
7233.KL,2018-08-05,95.50997060272455,92.31763245145267,True,0.4436627960079788,0.4214335440492779,0.8631986237588785,0.8558618830072774,0.7494150095343459,0.8039234383720134,out_of_sample
7233.KL,2018-08-12,97.98214189711376,92.31763245145267,True,0.2777777948410778,0.2814216857754195,0.5764481330930848,0.5922864139104391,0.486685046297886,0.5375669540275343,out_of_sample
7233.KL,2018-08-19,97.18951907398109,92.31763245145267,True,0.12871346202099565,0.11733674169724344,0.2997736704534955,0.3293396184845473,0.5047387543532913,0.5470046775934198,out_of_sample
7233.KL,2018-08-26,84.10222060738862,92.31763245145267,True,0.1921173180846026,0.19098381139327517,0.3331664795325944,0.37543695134581156,0.9599542163338142,1.0164678334991848,out_of_sample
7233.KL,2018-09-02,85.66516371921007,94.81382544172988,True,0.2906051391716968,0.3051737999477059,0.21178921724091954,0.2868581713422924,0.783202331962479,0.8512260435194984,out_of_sample
7233.KL,2018-09-09,97.73102124334831,94.81382544172988,True,0.23374200072803253,0.24598098814634423,0.1634926293916313,0.21090340588559442,0.6135237524943191,0.6798376948563878,out_of_sample
7233.KL,2018-11-18,92.65660555731189,82.09489969979398,True,-0.16243608608332094,-0.13640434413943717,-0.3870560763922276,-0.3734834641291825,-0.39467044335473683,-0.3830317782890814,out_of_sample
7233.KL,2019-07-21,81.72627676694793,74.87566519161258,False,0.005290895914497004,0.04085375227407348,0.265367635975179,0.29970624820796177,0.5163057363919988,0.5774265845259504,out_of_sample
7233.KL,2019-09-01,80.27888266071757,89.46418389968487,True,0.1902652727977851,0.20763349128103267,0.30530987614270216,0.3314490540463206,0.3761062737329747,0.3855967948348044,out_of_sample
7233.KL,2019-09-08,90.09348974717652,89.46418389968487,True,0.17741949463393863,0.20658795999156912,0.2096775340586163,0.21661440734764084,0.2298387948091293,0.25647063039906215,out_of_sample
7233.KL,2020-01-26,83.28899481946267,94.7402457606416,True,0.17108401349086175,0.19753991463068446,-0.44096393350615587,-0.26959547879404533,-0.18313251827980423,-0.07792585847411583,out_of_sample
7233.KL,2020-07-19,87.31377033482829,89.12872584379812,True,-0.041915975369980485,-0.0220328740637693,-0.05343654987373557,0.0038698861307868287,0.06075200505856464,0.10208429993813879,out_of_sample
7233.KL,2020-07-26,84.08393355196978,89.12872584379812,True,0.0318843004095662,0.03974156750619473,-0.02252475999483949,0.02967671158210076,0.02402178145711825,0.0779784251128769,out_of_sample
7233.KL,2022-06-12,80.89271080862578,62.34354173798374,False,-0.08275869922752366,-0.037134739699355115,0.08965503154428298,0.0845677810307779,-0.057584460706776676,-0.05573038423067736,out_of_sample
7233.KL,2022-07-31,83.9570370804605,73.38592768875438,False,-0.04193538022919777,-0.047336731695959026,-0.11187908692909818,-0.06681230708938812,-0.23875359971050125,-0.2080546209183399,out_of_sample
7233.KL,2022-08-07,80.24224310500063,28.99659334229067,False,-0.1351248679523726,-0.12821867449896046,-0.17980482498049147,-0.10859837799675119,-0.25001609123097585,-0.2138934256716718,out_of_sample
7233.KL,2023-01-29,92.88282857936684,76.24084857139894,False,-0.008810554025424699,0.018400556569435234,-0.0484579898935035,0.01688212861059621,-0.0484579898935035,0.0019176643529749196,out_of_sample
7233.KL,2023-02-05,80.62649370099837,34.71747290584809,False,-0.07423591887496044,-0.04946526089412025,-0.08296957975580682,-0.037426894416906435,-0.09170318389030067,-0.04170551805601661,out_of_sample
7233.KL,2024-04-14,96.77632528652946,84.05395180623152,True,0.004504318726479293,-0.0274935689056224,0.06314044805501938,0.02005971215767227,0.22670056068514272,0.18802974693554803,out_of_sample
7233.KL,2024-12-15,85.13587039639113,72.72753935383491,False,-0.0673575542651031,-0.06341662757027017,-0.09326429601326323,-0.08217496217002314,-0.4093264681811565,-0.3711104741057874,out_of_sample
7233.KL,2025-05-11,87.00961321143977,60.14829530741812,False,-0.04110951217600923,-0.021898415546523293,0.0818252119406325,0.07943921685091378,-0.008326905734319035,0.0001761815040013659,out_of_sample
7233.KL,2025-05-18,92.13668191192994,60.14829530741812,False,-0.09152505340934175,-0.057397479273227546,-0.014535689398870854,0.008165155971536334,-0.15311661982890207,-0.1437194386415313,out_of_sample
7233.KL,2025-09-21,95.60806301208402,81.37218439904971,True,0.25714283500398966,0.2515428441694024,0.30714285222310883,0.2899738190977795,0.17142855666932644,0.14666361131810018,out_of_sample
7233.KL,2025-09-28,96.22424251397285,81.37218439904971,True,0.12987012478774498,0.12724747752689786,0.1493506630730885,0.14405567708608172,0.08441556154485248,0.0490841710593039,out_of_sample
7233.KL,2025-10-05,98.4295081904221,89.24954006545522,True,0.24999998287871647,0.2658465164928833,-0.06250001284096265,-0.043791166196556014,-0.05113641149813354,-0.07684795449083826,out_of_sample
7233.KL,2025-10-12,95.53182320168567,89.24954006545522,True,0.07486627190009537,0.07678952362898273,-0.14973260825678683,-0.14620048899727073,-0.14438503121890775,-0.1736715220591759,out_of_sample
7233.KL,2026-04-26,92.88004593981026,78.06232614476343,False,0.011363601342829117,0.01582197702867371,0.22941924126826524,0.23424964496087206,0.29261362488459397,0.28615560753203834,out_of_sample
7233.KL,2026-05-03,86.92379586281815,78.71934573775333,False,0.13469133896083493,0.1573101661523969,0.3144443865584416,0.34596552375849027,0.35938274890270683,0.37157772907820813,out_of_sample
7233.KL,2026-05-10,86.15311207221866,78.71934573775333,False,0.09951424864707357,0.13076603808888504,0.337097765256603,0.37657581947239527,0.41997564426157846,0.4332246365177821,out_of_sample
3395.KL,2002-04-14,95.11870618586977,,False,0.017546089688065723,0.001661270237587345,-0.1578948345365683,-0.13084030109131503,-0.22806738788991784,-0.18736960512335937,in_sample
3395.KL,2002-04-21,97.0280407729825,,False,-0.17646947528966542,-0.16331734862705272,-0.3382346287299233,-0.2758059103176341,-0.26470598669159384,-0.191429852428466,in_sample
3395.KL,2003-01-26,88.78561377967924,,False,-0.09091363780232002,-0.06950246366244155,-0.12121348139385642,-0.06642958943322898,-0.15152018613068854,-0.10187976160320886,in_sample
3395.KL,2003-05-04,89.00097569966844,,False,0.0,-0.07046521620842135,0.0,-0.10233396269816526,0.15151306849397989,0.01876107054282125,in_sample
3395.KL,2004-09-12,87.8027340799029,,False,-0.12499764146077427,-0.13768747591881725,-0.08332547153591424,-0.10824638438798224,0.041672169924860024,-0.03698335537954591,in_sample
3395.KL,2006-05-14,90.5466118973021,,False,-0.20000296249063643,-0.14757300128891765,-0.1666653500041616,-0.12475241511879594,-0.20000296249063643,-0.17095684902532865,in_sample
3395.KL,2006-10-08,92.82534914768668,,False,0.29629145751643005,0.26844326331427343,0.48148322889928563,0.3690916172512999,0.9259250783412103,0.7969213786921665,in_sample
3395.KL,2006-10-15,96.24058311284564,,False,0.33333845891237096,0.2939297814497987,0.3666684535657807,0.24969304802738967,0.6333391642672843,0.4941886981507826,in_sample
3395.KL,2006-10-22,97.65023349775133,,False,0.20588185321394517,0.1429726767849509,0.20588185321394517,0.0934113994990684,0.41176389313916356,0.2686456492193201,in_sample
3395.KL,2006-10-29,98.34116204242922,,False,0.024997399895445645,-0.046252249116961276,0.2750003888254013,0.1842640072981573,0.2750003888254013,0.1155297539549735,in_sample
3395.KL,2006-12-31,83.03295200646477,,False,0.11538598644126395,0.04820177032968405,0.9615422366396446,0.7907493608673235,0.4038490806451639,0.2766779909005891,in_sample
3395.KL,2007-02-04,87.22530730812257,,False,0.048385865894765956,0.08542651764697577,0.33870802376917575,0.30779389930888784,0.29032202135468793,0.19500003097513835,in_sample
3395.KL,2007-02-11,89.52876282564027,,False,0.04545322802137907,0.08739157713714228,0.19696642476106543,0.16630241565628281,0.2727266781335428,0.17398141893714866,in_sample
3395.KL,2007-02-18,97.15494541061753,,False,-0.2560989645465606,-0.19279918654974254,-0.060974729849286216,-0.09750935622324101,0.0,-0.0708031818424939,in_sample
3395.KL,2007-02-25,98.0806374691471,,False,-0.2843136107789733,-0.24705528188884335,-0.2843136107789733,-0.3091681263829392,-0.18627541040905354,-0.24344074874337635,in_sample
3395.KL,2007-10-07,92.33845145207829,,False,0.256830324588484,0.2385483744485744,0.2382521488248472,0.22033452660532699,0.6660111444633227,0.6116169681597408,in_sample
3395.KL,2007-10-14,92.33735705949186,,False,0.018518849424205817,-0.0011139446132419212,0.11583354454695031,0.07308492497778107,0.38287033270807835,0.3163951144239028,in_sample
3395.KL,2009-04-05,83.439986370027,87.7813595822699,True,0.5272719721943134,0.434957687272159,0.6818178745924849,0.5306619070620222,0.6363619513732162,0.4503000469304711,in_sample
3395.KL,2009-04-12,96.94643718962898,87.7813595822699,True,0.17567608019171965,0.08495817246996652,0.3783778632852843,0.2359061787142025,0.15540462786678105,0.01591798502079922,in_sample
3395.KL,2009-04-19,93.6346767923992,87.7813595822699,True,0.006173675965000002,-0.044636067324607606,0.2962968920979749,0.16680670517041465,0.06790135139175978,-0.038390834100936425,in_sample
3395.KL,2009-04-26,88.10158766293523,87.7813595822699,True,-0.04819328400027039,-0.10116102534470271,0.10843361922770473,0.041120882175248785,0.09638527514085707,-0.03278024918150038,in_sample
3395.KL,2009-05-03,86.71210745093968,85.83963833230435,True,0.1011908194557693,0.047321998530753445,0.07142799787137281,-0.014396769610516974,0.11309572909496116,-0.05358777644252205,in_sample
3395.KL,2009-05-10,90.02209879549694,85.83963833230435,True,0.17241295158485292,0.12496367392750721,-0.01724237880355013,-0.061954888590883536,0.06896493395051179,-0.07529185999844928,in_sample
3395.KL,2010-04-11,83.75739662853165,51.83153920658943,False,-0.10169529386313622,-0.10087821576880868,-0.16949201324673321,-0.13981393231601272,-0.3107345414255961,-0.29083916109674435,in_sample
3395.KL,2011-04-10,80.43868306747248,53.66275243704066,False,-0.07017515338584875,-0.04321511479962564,0.05263219110679618,0.05111694197751775,0.05263219110679618,0.03629182851605797,in_sample
3395.KL,2013-05-19,93.93354483423586,80.63992776196767,True,0.05128066028596892,0.055220435455414996,0.0,-0.009320801914916063,0.008546084395706591,-0.00020381960940375234,in_sample
3395.KL,2013-05-26,93.26382718641132,80.63992776196767,True,-0.05000055612860982,-0.040294126318520834,-0.008332438691656669,-0.02225183838768228,-0.016666811743695314,-0.02522824290732127,in_sample
3395.KL,2013-06-02,97.46555337818025,38.52057660673589,False,-0.07142845628814674,-0.07387024896000886,-0.06349280550813369,-0.08519164187904607,-0.08730165766518017,-0.06008626036502044,in_sample
3395.KL,2013-06-09,88.63577243786314,38.52057660673589,False,-0.06299114150392811,-0.061121370693678734,-0.07086614083280396,-0.07476346176754774,-0.11811082492981184,-0.09107191916338697,in_sample
3395.KL,2014-06-22,84.84569710371247,71.64028550426995,False,-0.0673073501451043,-0.06054600689261389,-0.04807630718426468,-0.03672260014292072,-0.03846194905664406,-0.022510505299344487,in_sample
3395.KL,2014-06-29,85.40314071904743,71.64028550426995,False,-0.04717134290294091,-0.045262665925005434,-0.05660442979629726,-0.05131977635745647,-0.05660442979629726,-0.03988926092835687,in_sample
3395.KL,2015-04-12,82.09328294356534,36.375681177071904,False,-0.07608668295420405,-0.05620931254738642,-0.08695511857591749,-0.033287297334117796,-0.14130493028669466,-0.08162403886255892,in_sample
3395.KL,2015-10-11,94.20431108850853,79.68690789253266,False,-0.05747061579022286,-0.04525872071973061,-0.13793005334838246,-0.11527014320261397,-0.11431143150280769,-0.10609010122298461,in_sample
3395.KL,2016-02-14,91.1538653076426,73.91662643569327,False,-0.011763498423345647,-0.04388539674170221,-0.09411610893028205,-0.1395369386376873,-0.12941201856266357,-0.13283104781946603,in_sample
3395.KL,2017-10-08,87.41208550046058,35.586092538342854,False,0.0,0.013078200844139739,0.07142611072411076,0.09758258161324766,-0.04285816334547777,-0.061457969804519716,out_of_sample
3395.KL,2017-10-15,89.45720356417917,35.586092538342854,False,0.056337463763260584,0.06376626158428193,0.0,0.01940953634184473,0.0,-0.03569151284727976,out_of_sample
3395.KL,2017-11-19,91.06130188884201,81.48687009431086,True,-0.07595117798559493,-0.09419514687945427,-0.11392402220604007,-0.1725941474109577,-0.2025319277326392,-0.25954661713741756,out_of_sample
3395.KL,2019-01-13,90.00407240908108,33.86456907809566,False,-0.11290373519973208,-0.11486429227816698,-0.11290373519973208,-0.11093135705139318,-0.1290308341564536,-0.10442922959488404,out_of_sample
3395.KL,2021-03-21,98.58184923374858,90.23486260687139,True,0.8999994708590635,0.9109514120007215,0.6499982269829814,0.6768523605396287,0.4749972614982128,0.50637730261594,out_of_sample
3395.KL,2021-03-28,99.87615970981555,90.23486260687139,True,0.18032915081269554,0.1759517797462295,-0.03278706183380177,-0.008277564685694159,-0.049180592750702655,-0.04145620141193037,out_of_sample
3395.KL,2021-04-04,99.61293382153667,29.397038017675342,False,-0.2555567661341026,-0.26583843836997634,-0.355557215420986,-0.3612909435947622,-0.3888907219169723,-0.37269876287303155,out_of_sample
3395.KL,2022-12-04,89.89003077362135,93.62551803955773,True,0.1538427097377548,0.1446039859186561,0.3269204284177375,0.3162914639954082,0.19230446550056945,0.2091758375995049,out_of_sample
3395.KL,2022-12-11,95.35642069027689,93.62551803955773,True,0.08928636100603797,0.08701169927995266,0.08928636100603797,0.08029629891271453,0.14285822273905407,0.15886150837991106,out_of_sample
3395.KL,2023-01-08,85.00678299659053,93.48723055333768,True,0.0,-0.006700159770250083,0.04918069632629793,0.06741716190297388,0.0,0.039147668836787164,out_of_sample
3395.KL,2023-01-15,95.20762706797741,93.48723055333768,True,-0.030769477511909633,-0.01709746887260783,-0.046154167667033764,-0.0047168239159365855,-0.061538955023819265,-0.01606161416642441,out_of_sample
3395.KL,2023-01-22,93.66665063028148,93.48723055333768,True,-0.0895528496454599,-0.07393633039509644,-0.07462731183781288,-0.015573651522369572,-0.0895528496454599,-0.046095774814182956,out_of_sample
3395.KL,2023-01-29,94.11501851179179,93.48723055333768,True,-0.10144991367544808,-0.07423880308058814,-0.13043564253989678,-0.06509552403579708,-0.13043564253989678,-0.08005998829341837,out_of_sample
3395.KL,2024-06-16,83.94947942719371,79.6300609576261,False,0.1311475105485562,0.12384335661716701,0.2622950210971124,0.2693066291387827,0.01639342660450326,-0.012101241761845915,out_of_sample
3395.KL,2024-06-23,85.05057002847235,79.6300609576261,False,0.2903225899486958,0.2612852880298208,0.2419354435556516,0.22085228089550327,0.03225803350434739,-0.006588291241815029,out_of_sample
3395.KL,2024-07-14,87.91421846987187,93.18236029536808,True,0.11594200519873442,0.13015396085997813,-0.10144926534683554,-0.12248612333283304,-0.08695652549493667,-0.09369494884833031,out_of_sample
3395.KL,2024-07-21,93.96666321788014,93.18236029536808,True,-0.03750003818422499,-0.029770348265410265,-0.20000002980232195,-0.2095322623161446,-0.18750004190951525,-0.18566691740339447,out_of_sample
3395.KL,2024-07-28,93.26946523555053,93.18236029536808,True,-0.15662650342845205,-0.17079989840040066,-0.15662650342845205,-0.1913097664343162,-0.2409638459043242,-0.2614923323703513,out_of_sample
7100.KL,2002-12-08,84.61349119467029,,False,0.04256361145313482,0.018096051574287196,0.1847313428544803,0.10969532108685037,0.2998192231204062,0.2538435242665291,in_sample
7100.KL,2002-12-15,90.7856617300019,,False,0.022427213720118144,0.016701185489669403,0.2598948836988593,0.21394425536597733,0.2401059916967818,0.23463310199306103,in_sample
7100.KL,2003-01-26,90.54356645024463,,False,0.12209323239007479,0.14350440652995328,0.08139523993889597,0.1361791318995234,0.046511687306056745,0.09615211183353645,in_sample
7100.KL,2003-02-02,85.24792714965548,,False,0.09714259773750417,0.12417455045846544,0.05142868021146139,0.09627125235334845,0.011427956386847437,0.06714653269782199,in_sample
7100.KL,2003-02-09,97.32015239128778,,False,-0.015706780191042886,0.022992693314391896,-0.031413272871846816,0.014303143716054886,-0.06282759994790314,-0.011424968213498608,in_sample
7100.KL,2004-01-18,81.294013190084,,False,0.026786400852689105,0.016214676200123547,-0.05357102243321812,-0.13589383699126048,-0.03571393759581961,-0.11625036466550484,in_sample
7100.KL,2004-01-25,89.1949343518251,,False,-0.017543728978188428,-0.062483460219513696,-0.0877185688884599,-0.18447364572121877,-0.09649069938624195,-0.1415395990829313,in_sample
7100.KL,2004-02-01,84.61699275131404,,False,-0.09565217587847472,-0.16928392864815714,-0.09565217587847472,-0.1886748545224231,-0.13913064311831966,-0.20819552868988572,in_sample
7100.KL,2004-09-12,81.03468984125996,,False,0.04000023660152238,0.027310402143479396,0.06499977006330923,0.04007885721124123,0.1550004898651238,0.07634496456071786,in_sample
7100.KL,2004-11-21,87.30562123019543,,False,0.04386008759871737,0.03720482466643351,0.15101607291912852,0.11455133944399697,0.1879963273257749,0.16806394684385145,in_sample
7100.KL,2005-06-26,86.45310595637939,,False,-0.01666617219866855,-0.06299833031348366,0.044368664799870325,0.013792368239479415,0.02402354803749758,-0.002599884941235874,in_sample
7100.KL,2008-01-06,83.49346203336388,,False,-0.22014919026584306,-0.17009018466440998,-0.22388026250615628,-0.14937814801739513,-0.30970136104801743,-0.16770622681495584,in_sample
7100.KL,2008-04-13,93.96057132815132,,False,0.01769938722089801,-0.013163852990488577,-0.026548412223488863,-0.0279760040158494,-0.08276167361461666,0.007590367133773937,in_sample
7100.KL,2008-04-20,89.23505195909195,,False,-0.004366878980331339,-0.030415093310238856,-0.039301140999448696,-0.009087716086820956,-0.12678135790932646,-0.034279478441588254,in_sample
7100.KL,2009-04-05,90.0797033190355,85.3308396512674,True,0.10619491685793696,0.013880631935782498,0.12389403632781854,-0.027261931202644196,0.08849549733008417,-0.09756640711266092,in_sample
7100.KL,2009-04-12,91.02014615494538,85.3308396512674,True,0.14655115970095214,0.055833251979199014,0.10344786597331049,-0.03902381859777129,-0.048409179395582876,-0.1878958222415647,in_sample
7100.KL,2009-04-19,87.64349052605803,85.3308396512674,True,0.11111114331105162,0.06030140002144402,0.05128136765254512,-0.0782088192750151,-0.011615162539825691,-0.1179073480325219,in_sample
7100.KL,2009-04-26,96.52495386972159,85.3308396512674,True,-0.008064565377631096,-0.06103230672206342,0.03225835265718492,-0.03505438439527102,-0.033499223293732235,-0.16266474761608968,in_sample
7100.KL,2009-05-03,89.71419655832392,74.31472207200382,False,0.0160000007233396,-0.037868820201676257,-0.01600027197569,-0.10182503945757979,0.16061520756410688,-0.006068297973376324,in_sample
7100.KL,2009-05-10,97.89779746246013,74.31472207200382,False,-0.037593868675588824,-0.08504314633293455,-0.1700406802147279,-0.2147531900020613,0.06709061470879837,-0.0771661792401627,in_sample
7100.KL,2009-10-18,87.46804705270775,78.22576338549393,False,0.014083543069624727,0.002792741104486695,-0.007042415071849396,-0.00961247993539119,0.007663466167705903,-0.021148456757544645,in_sample
7100.KL,2011-03-13,80.43074126604762,92.06535001942875,True,0.06666659822177232,0.025299141702618363,0.022222199407257438,0.00893004969829689,0.022222199407257438,-0.020723188243646048,in_sample
7100.KL,2011-03-20,81.58280460408393,92.06535001942875,True,0.022059459946986597,0.010057301157447716,0.022059459946986597,-0.0024436454842652194,0.007353201845401575,-0.027423228776779652,in_sample
7100.KL,2011-03-27,93.25617938158621,92.06535001942875,True,-0.014184468870209372,-0.01893518705166583,-0.021277124584460783,-0.03808948950005825,-0.014184468870209372,-0.04577696224898954,in_sample
7100.KL,2011-04-03,94.79125962555061,30.749314320947814,False,-0.04761902196291397,-0.03448393365857591,-0.05442177787038787,-0.0501205373660993,-0.04081626605544007,-0.04678267250771679,in_sample
7100.KL,2012-04-08,84.79203941505195,50.52386851727912,False,0.016260644043447986,0.021157825226783417,0.008130175806059542,0.02394136081427037,0.023449995156606115,0.02327485315148363,in_sample
7100.KL,2012-04-15,83.70901386382275,50.52386851727912,False,0.024193754830168432,0.035920917416491685,0.008064899189122727,0.028337866963830234,0.032258291428060484,0.021385709360575655,in_sample
7100.KL,2013-04-07,85.6198581546331,85.58349761514143,True,0.0,-0.0036241938996868527,0.07377127389413916,0.02605863650675682,0.10746834554512974,0.05719741111755756,in_sample
7100.KL,2013-11-17,85.15164273262043,29.519880427846857,False,-0.07880771122095676,-0.10701086597882226,-0.08553205525365588,-0.10605868027927376,-0.09225609686023216,-0.10271494066128675,in_sample
7100.KL,2015-01-25,96.6697265729905,82.6519958526573,True,-0.03821606386853158,-0.04087265103007991,-0.03821606386853158,-0.038532227529194954,-0.031846469127126825,-0.05557255468047179,in_sample
7100.KL,2015-06-14,85.94953324534629,78.78007509618048,False,-0.08831268733318652,-0.0774787596733446,-0.09431082310996962,-0.06449021340804129,-0.11830280071343942,-0.03457789694647331,in_sample
7100.KL,2015-11-15,85.30671573509957,74.13748344727081,False,-0.005747388022383912,0.005567281938324093,-0.006251468816503135,-0.005467792305216095,-0.053572904852273055,-0.05571282002830483,in_sample
7100.KL,2015-11-22,87.64434378434125,74.13748344727081,False,-0.02259824495106491,-0.011773226402421262,-0.01146371823883903,0.00859775726582327,-0.06961320223911115,-0.058691887197753236,in_sample
7100.KL,2016-06-12,84.12656345723052,70.93351338918903,False,-0.03161888363050938,-0.033641810732689736,0.05757407359561198,0.04366974098528034,0.038461443018643626,0.019835013347380064,in_sample
7100.KL,2016-07-31,81.08101099324539,90.52883154215552,True,0.018518437325595636,0.0004753250029813881,0.02469120262318305,0.013966948504640923,0.06790098400479513,0.05778764998330912,in_sample
7100.KL,2016-08-07,88.90872666298064,83.45380728831317,True,-0.018072143648518103,-0.022729483506978634,0.006024093891117454,0.012928969954585447,0.07228940274307795,0.06854551418120182,in_sample
7100.KL,2017-08-27,93.46789469682165,93.4216621932083,True,0.22727304949240917,0.2262160594514647,0.3136364032233531,0.3297569675686827,0.3954549035787062,0.4223093090826995,out_of_sample
7100.KL,2017-09-03,89.48785778966995,96.01534674689275,True,0.15624990364749075,0.1661644504374724,0.3124998072949815,0.3277437947387769,0.47321420135033754,0.5047567878246668,out_of_sample
7100.KL,2017-09-10,97.94162004255956,96.01534674689275,True,0.17355377455026189,0.18248687427270094,0.24380162131731686,0.2656960930115648,0.446280871521351,0.4811367837700872,out_of_sample
7100.KL,2017-09-17,96.75319611744101,96.01534674689275,True,0.1553788506508233,0.17273847094970365,0.2430282311160502,0.26768768812650184,0.35458239153426,0.39101460599391336,out_of_sample
7100.KL,2017-09-24,98.87916882604361,96.01534674689275,True,0.07037012160143431,0.08752953865477459,0.13703703031355227,0.16491895494183556,0.2777775210629052,0.2879241537629485,out_of_sample
7100.KL,2017-11-12,89.52672160610676,99.12491649668567,True,0.089743867134901,0.10181427426994806,0.08458066456114027,0.041137624330233255,-0.05351783074369868,-0.12709954494357512,out_of_sample
7100.KL,2017-12-03,85.78057295424117,46.468451619480966,False,-0.006150456974841128,-0.05210884352287534,-0.16828911158036036,-0.24749234103675002,-0.0752096455909132,-0.15882531617715212,out_of_sample
7100.KL,2018-07-29,82.20065060632682,76.08055725959983,False,-0.01952593387785278,-0.041824876214372406,0.016424569878588705,-0.0070331551496063405,0.009888176028653944,0.030802292318851933,out_of_sample
7100.KL,2020-04-19,83.22337890957022,71.21013398758107,False,0.10087739101596299,0.10364859378770354,0.16228110774144547,0.06374055813792202,0.14105271675907394,0.009954329389353811,out_of_sample
7100.KL,2020-05-10,82.5763749031358,69.62968141603126,False,0.0864196405258605,-0.03947099911686279,0.10885364505218063,-0.014374833798362172,0.08761103388389362,-0.07258453152458284,out_of_sample
7100.KL,2020-05-17,91.29397329397507,69.62968141603126,False,0.05577707129475611,-0.04581621668173858,0.03649391482736737,-0.09774768601041785,0.03649391482736737,-0.08798599206992218,out_of_sample
7100.KL,2020-05-24,93.23517191010073,69.62968141603126,False,-0.0038460303781746225,-0.05291476803847496,0.020469114920101724,-0.09059323731998654,0.040322421286069485,-0.04864856564691181,out_of_sample
7100.KL,2021-02-14,86.45524699933021,89.86616619958541,True,0.06885251505164944,0.05868014193270045,0.04262304163543184,0.03460141148064169,0.0262297091507428,0.033713729886103036,out_of_sample
7100.KL,2022-08-28,82.23918479660475,86.49452781037678,True,0.04140138951322511,0.09159838918190896,0.047770641994725374,0.08367702923625484,0.028662364390444,0.06263585714607653,out_of_sample
7100.KL,2022-09-04,97.40290129107153,36.41669486417897,False,-0.012158020608992215,0.05258939107201264,-0.0030394306856005235,0.02638021921382847,0.0030396292633272713,0.006151268690699171,out_of_sample
7100.KL,2024-02-18,95.6215919142691,78.51734125899151,False,-0.04149482599965203,-0.05406690164941344,-0.04396508259668819,-0.05536998604130685,-0.011850288842285572,-0.055618012737881806,out_of_sample
7100.KL,2024-09-22,85.74345699696505,25.53421425255064,False,0.018181896288604935,0.031862195415814094,-0.005194696723319141,0.04057417429997964,0.02851804907633795,0.06451351187185368,out_of_sample
7100.KL,2025-09-14,82.67272890245782,79.61126514907956,False,-0.029761866978303676,-0.0435857406946193,-0.0922618996500058,-0.10413593484840925,-0.07440477946302358,-0.08464770634922858,out_of_sample
7100.KL,2025-09-21,84.27570768876792,79.61126514907956,False,-0.11209438982173303,-0.11769438065632025,-0.10914457836230063,-0.12631361148763,-0.07528543846553255,-0.1000503838167588,out_of_sample
7100.KL,2026-04-26,87.93470291658167,71.87856506439735,False,0.013937305584917148,0.018395681270761743,0.03914595578446756,0.043976359477074366,0.0,-0.006458017352555608,out_of_sample
2852.KL,2002-04-21,94.11038098904466,,False,-0.10915463776459927,-0.09600251110198658,-0.11200962484283468,-0.04958090643054541,-0.1263895737754014,-0.05311343951227353,in_sample
2852.KL,2006-11-19,94.4125924163484,,False,0.21008588282276036,0.1634579315500174,0.2941186780339283,0.21865685187835426,0.6218507338053132,0.42961219524770833,in_sample
2852.KL,2006-11-26,95.19207998982957,,False,0.16000085774810102,0.14181020299941383,0.27200174861961574,0.18964840928424004,0.5760007766698944,0.3858327298442944,in_sample
2852.KL,2006-12-03,99.43752924292214,,False,-0.020134334658348074,-0.0350680035453757,0.040268358256032165,-0.04285283358042021,0.32886048835902126,0.14058337944462554,in_sample
2852.KL,2007-01-14,89.75950474632573,,False,0.25324729588888034,0.1446644437950319,0.23376678096837872,0.17167606354939058,0.5844162501781941,0.44183980341433404,in_sample
2852.KL,2007-01-21,91.10551322654722,,False,0.2389926180370273,0.13938124015147618,0.09433993797141718,0.06433371618879669,0.41509469711875785,0.2753094283856085,in_sample
2852.KL,2007-02-18,82.52474841076328,,False,-0.1167502356025233,-0.05345045760570523,0.14213327546756033,0.10559864909360553,0.18781848100934262,0.11701529916684872,in_sample
2852.KL,2007-02-25,80.09943024976317,,False,-0.010101286741900221,0.02715704214822974,0.15656514584401326,0.13171063024004734,0.1616151259861627,0.10444978765183992,in_sample
2852.KL,2007-07-22,81.87154841807238,,False,-0.10040258092845565,0.037629435728125035,-0.04819288386496656,0.01898208237795916,0.04016016923339792,0.04530353668247399,in_sample
2852.KL,2007-07-29,91.89431474464227,,False,-0.04850722287827421,0.011889112508597748,-0.11194012739644874,-0.07546322549554077,-0.06343324336855682,-0.07434534108965221,in_sample
2852.KL,2007-08-05,96.15687251851023,,False,-0.18627420042517367,-0.14022877036504713,-0.22548999338201034,-0.226148965730675,-0.09150374772104729,-0.13862744631007495,in_sample
2852.KL,2008-05-18,89.52803081099385,67.21563088110652,False,-0.08444542566116259,-0.029612096723225047,-0.16114062945545768,-0.04560015860627002,-0.16114062945545768,-0.022473650700047948,in_sample
2852.KL,2009-04-12,93.98746114117061,86.57431103226732,True,0.2093025052026278,0.11858459748087467,0.16279084946700942,0.02031916489592764,0.13124154878938957,-0.008245094056592267,in_sample
2852.KL,2009-04-19,93.62727086355873,86.57431103226732,True,0.08088322698343253,0.030073483693824926,0.16911842398527335,0.03962823705771312,0.019744863423613805,-0.08654732206908239,in_sample
2852.KL,2009-04-26,89.42776855498828,86.57431103226732,True,0.05035901859433837,-0.002608722750093953,0.0647483336291418,-0.0025644034233141405,0.08708570913971428,-0.04207981518264317,in_sample
2852.KL,2009-10-25,91.00840373987575,80.38340259353252,True,-0.07954428055267959,-0.08527390718475951,-0.1761360918058218,-0.17603349147015973,0.056819401334912256,0.03197528399981966,in_sample
2852.KL,2010-01-17,95.52203481597212,83.46333348453648,True,-0.02688197479097269,0.007917531543273317,0.15053720720776545,0.1408189029490664,0.5483872848993326,0.5211267190412133,in_sample
2852.KL,2010-03-07,94.56310570070487,95.70179816164205,True,0.33333288361128066,0.3055128592268962,0.22885534517033257,0.19300314361654652,0.11940295889677605,0.14296078747316338,in_sample
2852.KL,2010-03-14,95.01675753685372,95.70179816164205,True,0.34579505573497105,0.3284216343307714,0.05607477286882561,0.03953262500100639,0.03270974033009498,0.04553000966309316,in_sample
2852.KL,2010-03-21,97.89373520780354,95.70179816164205,True,0.21848669023979023,0.19059062003589627,0.008403693596185853,-0.024528647948006452,-0.01680624777029342,-0.01531779205768795,in_sample
2852.KL,2010-03-28,97.57492964631895,95.70179816164205,True,0.0,-0.0164545329070702,-0.11923032956194833,-0.09686766562342512,-0.0038458906867135964,-0.0057847920427750235,in_sample
2852.KL,2010-04-04,91.98890377824323,35.68255956776573,False,-0.07835818026026234,-0.08617295033560943,-0.16044749765346197,-0.1104602900277449,-0.055970042025190826,-0.04886643658587328,in_sample
2852.KL,2010-04-11,96.48584034424242,35.68255956776573,False,-0.21527815965107872,-0.21446108155675117,-0.23263966832891406,-0.20296158739819356,-0.16757675967217067,-0.14768137934331893,in_sample
2852.KL,2010-04-18,86.07863469132349,35.68255956776573,False,-0.1724130417889599,-0.17731263376745568,-0.19310259184183584,-0.16451553253858284,-0.16276333584909752,-0.1564156833557773,in_sample
2852.KL,2011-06-12,84.1195386542047,36.09363437516297,False,-0.03590578055390708,-0.060677852267267005,-0.06172998192294965,-0.04132123434640851,-0.12198486559808783,-0.0692278252128069,in_sample
2852.KL,2012-02-12,90.25102526159309,79.01504870513786,False,0.06493474914112336,0.053831201992066126,0.030302523508529793,0.006475339535645618,0.1038957966757535,0.08508247992320864,in_sample
2852.KL,2012-02-19,90.89031246918796,79.01504870513786,False,0.0292894117466898,0.020138077721978787,0.0,-0.029521863649857993,0.07949867728187487,0.062050183913213285,in_sample
2852.KL,2012-02-26,94.43244885166685,79.01504870513786,False,-0.020000384296271687,-0.037360184769964985,-0.024000318823573546,-0.045222151191529426,-0.03999965027005963,-0.023120920076325276,in_sample
2852.KL,2012-05-13,87.33533035996135,73.43664686392137,False,-0.031007832886854873,-0.022360620432095173,-0.010642287658880934,-0.03351020813411318,0.21196307447631096,0.17994928023466256,in_sample
2852.KL,2012-07-22,95.44368421172531,95.58594556525857,True,0.16731634774007043,0.16318363985053908,0.2996116605424218,0.2996421223976409,0.3114619511856288,0.3051564214524806,in_sample
2852.KL,2012-07-29,99.03789446114958,95.58594556525857,True,0.04377057237178144,0.029443870994296635,0.12457849469217923,0.12534159380912374,0.1314153534304103,0.10593131360562111,in_sample
2852.KL,2012-09-02,92.46479094725855,48.80299484891891,False,-0.014660910178756873,-0.008920132675450033,-0.008689836706220557,-0.024351019449953878,-0.029590456459970795,-0.010278235924651859,in_sample
2852.KL,2013-04-21,87.45470389087474,74.99605713368089,False,0.5723077995041296,0.5354556979714614,0.6579775986969548,0.625210461328293,0.7617972033173821,0.7152808087312634,in_sample
2852.KL,2013-04-28,90.9105587324151,74.99605713368089,False,0.6257488585507924,0.5896532709407052,0.6775884800653137,0.6515496815529067,0.6592208438777706,0.60870342766045,in_sample
2852.KL,2013-05-19,87.14909102180047,91.35041870274766,True,0.05448665917693955,0.05842643434638563,0.12051673589167032,0.11119593397675426,0.04848379091978996,0.03973388691467961,in_sample
2852.KL,2013-05-26,89.92576339914966,91.35041870274766,True,0.031886611048112044,0.04159304085820103,0.020588656821703324,0.006669257125677711,0.014939376249438493,0.006377945085812534,in_sample
2852.KL,2013-06-02,94.29653750322097,36.14271469013578,False,-0.09399071563839094,-0.09643250831025306,-0.047748235543872336,-0.06944707191478472,-0.13852066900523774,-0.11130527170507801,in_sample
2852.KL,2013-11-24,89.3620491823695,84.86828275548133,True,0.15602820312196888,0.13178216000622234,0.2411346720898051,0.23083108671146824,0.26773041333109165,0.25388271293462095,in_sample
2852.KL,2013-12-01,92.17082851788496,91.01018028307176,True,0.11545026163179042,0.08878310472289697,0.26146019687515526,0.2670595307922001,0.23938894739392197,0.2294480741082041,in_sample
2852.KL,2013-12-08,96.25876968141161,91.01018028307176,True,0.07619017916221159,0.07192622050395542,0.17777749476244756,0.19032295166470056,0.21904706358408943,0.21427950933213769,in_sample
2852.KL,2013-12-15,93.24310952802159,91.01018028307176,True,0.11145009392864791,0.11891605986808854,0.03664097708344223,0.05389856949083916,0.3740457930259571,0.3784416774651311,in_sample
2852.KL,2014-03-09,94.60973811001406,97.64326052899669,True,0.17111095487377093,0.15782136963141646,0.05111081709675047,0.031015445210217648,0.1111108859852607,0.08866865895524033,in_sample
2852.KL,2014-11-09,87.94742970342793,72.90741138549704,False,-0.08913058172499518,-0.04811514545338382,-0.14782613391020058,-0.10867455201958721,-0.08695653022473504,-0.06342283416261843,in_sample
2852.KL,2015-05-24,83.86206876174064,84.33772297855846,True,-0.04127574374828909,-0.00450372670283454,0.05440880401488533,0.08840601773866155,-0.04127574374828909,0.0653984121739137,in_sample
2852.KL,2018-07-22,86.42416064319531,76.75810172253166,False,0.20209070211063934,0.18567740158317556,0.11498270875638422,0.08700595837547757,0.013937456156544212,0.027575378450545217,out_of_sample
2852.KL,2018-07-29,91.93756654364263,76.75810172253166,False,0.11464965000366258,0.09235070766714294,-0.012739009981820312,-0.03619673501001536,-0.11464973999320759,-0.0937356237030096,out_of_sample
2852.KL,2018-08-05,89.31851418293407,77.55980435121579,False,0.06191957804226926,0.03969032608356836,-0.09597514038254878,-0.10331188113414982,-0.18885437622278126,-0.13434594738511374,out_of_sample
2852.KL,2018-08-12,96.16812901172307,77.55980435121579,False,-0.0988700186159093,-0.09522612768156762,-0.15536725193195336,-0.13952897111459908,-0.15254237829296532,-0.10166047056331698,out_of_sample
2852.KL,2018-11-25,87.26153967153319,70.02524148810413,False,-0.17404129498454923,-0.1589459017301742,-0.07669615117660891,-0.07453795945953609,-0.11504426844148863,-0.11088710590178867,out_of_sample
2852.KL,2020-05-31,88.70882152085566,78.41768150086982,False,-0.0941176938772792,-0.10422461031945636,0.02941169304498082,-0.049570139876493814,-0.07647058059146462,-0.1469745650592654,out_of_sample
2852.KL,2020-07-12,84.20403624309535,67.09123648579475,False,-0.07471264276610727,-0.06610628065305711,-0.1615020734600447,-0.11377115697335143,-0.2963652914325815,-0.23885956286833174,out_of_sample
2852.KL,2020-11-22,86.3282183068859,81.32300396425481,True,0.27891138677444444,0.24205492231366013,0.31972793875050076,0.2988589130152066,0.4353739461327269,0.43181627150037394,out_of_sample
2852.KL,2020-11-29,94.4699323392656,81.32300396425481,True,0.11242609046442277,0.09153763082050795,0.13017759107562127,0.13692680935678977,0.42011860757886127,0.4342141870432505,out_of_sample
2852.KL,2020-12-06,95.83481125936594,87.34436575515777,True,0.1041665726919143,0.1008617137763256,-0.010416678413510712,0.023772643661018528,0.20833356827021426,0.23552472420312057,out_of_sample
2852.KL,2020-12-13,92.00366578727089,87.34436575515777,True,-0.06060605853499176,-0.03009992882370532,0.0,0.0628939877807946,0.13636364879004947,0.18650075307764086,out_of_sample
2852.KL,2021-02-21,92.82854100495426,77.92077227539778,False,-0.04166682172499059,-0.06769944543523386,-0.12916674137658637,-0.14396231618253416,-0.3000001353236281,-0.2984795419232792,out_of_sample
2852.KL,2021-09-05,89.0344158723952,49.83983065718115,False,-0.12318836510491923,-0.0824695314076463,0.03623172970831434,0.05314593367610085,-0.014492691883325736,0.03394077015772862,out_of_sample
2852.KL,2022-11-13,86.41672229617473,83.02803626825428,True,0.3121693092314013,0.306053031105202,0.2380951323304458,0.2296902800144014,0.34391520656800945,0.3287538806283521,out_of_sample
2852.KL,2022-12-11,88.09948368339421,74.69915951181954,False,-0.056451691393654205,-0.05872635311973952,0.024193446008277122,0.015203383914953683,0.0,0.016003285640856978,out_of_sample
2852.KL,2023-02-12,82.06394710140039,44.008573937702714,False,-0.0775192600229964,-0.049369055065828504,-0.10077528208831844,-0.06852907950998981,-0.1317829047447093,-0.10224932065200476,out_of_sample
2852.KL,2023-02-19,83.42830895228876,44.008573937702714,False,-0.14503807315136102,-0.10091183382032187,-0.12213730367725528,-0.09385507817737988,-0.16030518604177718,-0.12375567045072305,out_of_sample
2852.KL,2024-04-14,81.33395476204437,80.77124025388434,True,0.06542057524394056,0.033422687611838864,0.13183361690653062,0.0887528810091835,0.33156885578811474,0.29289804203852005,out_of_sample
2852.KL,2024-04-21,81.28967399692021,80.77124025388434,True,0.06481483232751752,0.02019646209249132,0.31923957865908353,0.2806306614057631,0.35693225626008634,0.3107371796006342,out_of_sample
2852.KL,2025-05-18,89.46098243333097,86.12857515658227,True,-0.024780457198185852,0.009347116937928352,0.02439026593220788,0.04709111130261507,-0.03297567807775404,-0.023578496890383275,out_of_sample
2852.KL,2025-07-27,93.15867537326416,70.36745259811111,False,-0.1654676848445849,-0.20700610058880264,-0.14388486673351186,-0.1859188031333641,0.07913667670343152,0.031267359810411295,out_of_sample
2852.KL,2025-10-26,81.18866727611548,86.27759711391855,True,-0.12337660375486025,-0.12604195221218908,-0.006493505460782118,-0.039116689581010555,-0.019480516382346356,-0.08113787658794101,out_of_sample
2852.KL,2025-11-02,86.23560888361989,33.09959393893002,False,-0.11320759803151377,-0.1102991969253822,-0.06289314424824073,-0.1051203761041502,-0.056603837525331595,-0.12548490152722447,out_of_sample
2852.KL,2026-05-10,80.86908535459395,32.34142611379883,False,-0.10317458311935152,-0.07192279367754004,-0.11948048388595395,-0.08000242967016172,-0.14393943222669256,-0.1306904399704889,out_of_sample
5271.KL,2019-01-20,85.38770711666757,,False,0.051728293030801425,0.053731587346627835,0.24138377329139343,0.24828590885463936,0.206899563630657,0.24356733013386786,out_of_sample
5271.KL,2019-02-24,83.03072341239046,,False,0.15675543831050204,0.18856638994791927,0.1351329123731203,0.1928469479483946,0.19446766016326983,0.26188877507474295,out_of_sample
5271.KL,2019-03-03,92.20654324379421,,False,0.10416596147506578,0.13775682941338552,0.1509204488770857,0.18759817208590507,0.14026337474043482,0.20049530804575716,out_of_sample
5271.KL,2019-03-10,97.4749316936457,,False,0.009524186518884597,0.03219813453171234,0.03278378875480811,0.058142426153956955,0.03278378875480811,0.05013006783388684,out_of_sample
5271.KL,2019-03-17,92.66226478405001,,False,-0.027778846801988805,0.0021936584322731073,0.023040309520993965,0.06485426092821577,-0.005378630104950189,0.013192830427000743,out_of_sample
5271.KL,2019-06-30,90.44149266697548,,False,0.0,0.014454644001802004,0.0948271927835347,0.13238411039445108,-0.05172234099270266,-0.007036837781269303,out_of_sample
5271.KL,2019-07-07,88.81025737940537,,False,-0.008403889352491657,0.024742633182120187,-0.07562934851752526,-0.03379353374882642,-0.050422025658326854,0.00805539402229212,out_of_sample
5271.KL,2019-11-10,83.20728609590886,,False,-0.04878213739696706,-0.023131848489210974,-0.09756077316700693,-0.09858580496369497,-0.10569122666724941,-0.05681972472001508,out_of_sample
5271.KL,2020-10-11,92.77879792253616,,False,0.05594301762335213,0.0629413912688311,0.11188921241918597,0.05209896740352107,0.15384557543783026,0.0905528731822714,out_of_sample
5271.KL,2020-10-18,94.11881165398938,,False,0.05844085536673305,0.0013536801771122722,0.019481366874064716,-0.1007042874124838,0.05844085536673305,-0.02757227004942775,out_of_sample
5271.KL,2021-02-21,92.54202824622928,,False,0.34158445883107047,0.3155518351208272,0.9158413424289525,0.9010457676230048,1.2920785525964091,1.293599145996758,out_of_sample
5271.KL,2021-02-28,84.38806759534604,,False,0.38164386263153316,0.3666414579759714,0.8985529839885156,0.8791075371744211,1.0386501678490097,1.0485249617356758,out_of_sample
5271.KL,2021-03-07,96.34588592827788,,False,0.3407088285957337,0.34993939853818873,0.8938077778102935,0.8928515812115735,0.8716829318255896,0.8752326991732076,out_of_sample
5271.KL,2021-03-14,98.68528220784704,,False,0.5038173171616226,0.5059464022775799,0.6183223607294266,0.6358009557931525,0.6946576056863212,0.7177065764572615,out_of_sample
5271.KL,2021-03-21,90.71882651468115,,False,0.4280437804849313,0.4389957216265893,0.7084862138262312,0.7353403473828786,0.6273059357464327,0.6586859768641599,out_of_sample
5271.KL,2021-03-28,93.65861701562677,,False,0.3741261661832717,0.36974879511680564,0.4755250777621641,0.5000345749102717,0.5804198229875384,0.5881442143263106,out_of_sample
5271.KL,2021-04-04,93.78964278092648,,False,0.4125421847142447,0.40226051247837097,0.3960398349774435,0.3903061068036673,0.4125421847142447,0.42873414375818547,out_of_sample
5271.KL,2021-04-11,99.93420478660846,,False,0.07614292125849857,0.09152518134727203,0.12690390404926297,0.14786842495366675,0.043147139257343654,0.09208497421722116,out_of_sample
5271.KL,2023-02-26,82.17208813973473,,False,-0.026454918975628624,0.012740643725088128,0.07936533116310325,0.10317783961576824,0.06878323436970289,0.08818192246582002,out_of_sample
5271.KL,2023-03-05,88.01963239570959,,False,0.020725485115768588,0.04202511840515756,0.04663218335379061,0.07249995287886736,0.03626947594183714,0.07106020667735284,out_of_sample
5271.KL,2023-07-16,83.07085313258818,,False,-0.11682246227069197,-0.14873974052512165,0.01869137988917004,-0.011660783492052091,0.11231072383000297,0.10891856102278596,out_of_sample
5271.KL,2023-09-17,91.6874192820032,,False,0.05209602094150832,0.06230144122035837,0.05209602094150832,0.06158861212046574,0.18292550622467657,0.19461824609376033,out_of_sample
5271.KL,2023-09-24,92.03683021331948,,False,0.0,0.006336885549200676,0.0,-0.007198901979110937,0.12532285430536047,0.11689662476404647,out_of_sample
5271.KL,2023-10-01,88.25011400955253,,False,0.0,-0.012449342369000723,0.0,-0.020889359473946628,0.09035454666799672,0.06914221948422115,out_of_sample
5271.KL,2024-05-19,81.6721049903259,,False,-0.062499994286978854,-0.05674722068760812,-0.10416665714496476,-0.10567601833308096,-0.1357841615126837,-0.1230601160652739,out_of_sample
5271.KL,2024-09-22,87.2091985019769,70.50653594865076,False,-0.01526721675534002,-0.00158691762813086,-0.01526721675534002,0.030501654267958762,0.06891371219611721,0.10490917499163294,out_of_sample
5271.KL,2024-12-01,80.81202587308013,81.0992255392921,True,0.08924515839662402,0.06801315245255972,0.10416629539844381,0.11706235451566696,0.08178458989571412,0.0838293933416053,out_of_sample
5271.KL,2024-12-08,91.11125096370172,81.0992255392921,True,0.04000001462917867,0.029951999171252124,0.03272730132066739,0.0676443669054729,0.05454553267856787,0.07844142533508422,out_of_sample
5271.KL,2025-11-23,93.82377450017286,76.9443731944743,False,0.08943449838068786,0.05955629853166362,0.1295364356207374,0.07070124016990313,0.10948546700071263,0.03408217884414519,out_of_sample
5271.KL,2025-11-30,89.96193314905936,76.9443731944743,False,0.06132003522045333,0.01605274682677655,0.0938758290531359,0.021876962361585553,0.0938758290531359,0.001409165257273845,out_of_sample
5271.KL,2025-12-07,97.66203048950615,80.52482089366616,True,0.033846085904706016,0.0009111456682013991,0.033846085904706016,-0.043084594723439715,0.033846085904706016,-0.028070849617896458,out_of_sample
5271.KL,2025-12-14,90.50107062608923,80.52482089366616,True,0.024096490595612204,-0.005656642384038894,0.01807231299228176,-0.03994411996486048,-0.01807231299228176,-0.06707066880217583,out_of_sample
6963.KL,2010-01-10,83.8085582225706,,False,-0.061539027273258017,-0.02667386560358974,-0.053846001233846204,-0.05910520781928749,-0.00769233102157765,-0.040917873246852886,in_sample
6963.KL,2010-01-17,90.53068919235655,,False,-0.06569293963766966,-0.030893433303423652,-0.08029183032414614,-0.0900101345828452,-0.058393764092449826,-0.08565432995056915,in_sample
6963.KL,2010-09-26,87.79123805758626,,False,0.11347520916726943,0.08629057115636983,0.23404305808647444,0.19623952468497236,0.3829785861512497,0.3494267663051307,in_sample
6963.KL,2010-10-03,90.76434127977366,,False,0.0958901015940818,0.06906097198278092,0.2328758497647798,0.21532844982373706,0.36986248793082865,0.3389960935397762,in_sample
6963.KL,2010-10-10,95.75205391406155,,False,0.025641268583258766,0.005167560862301995,0.16025660113959342,0.14704625029982804,0.3717954270914047,0.3464817062883961,in_sample
6963.KL,2010-12-05,81.44373847766296,,False,0.18232072607390445,0.1703751612134471,0.06848244369286605,0.05455152226035141,0.07361953555829373,0.0814210792763139,in_sample
6963.KL,2011-04-03,82.58669631297154,,False,-0.027471364072495938,-0.014336275768157882,-0.07865699821355303,-0.07435575770926446,-0.15543533038158222,-0.16140173683385894,in_sample
6963.KL,2013-10-13,80.95597329938674,,False,0.022222085698964462,0.01173350640805028,0.029629545115231967,0.0065580338892064875,0.09629638731180147,0.06886254145746856,in_sample
6963.KL,2014-01-12,87.91348759785951,,False,-0.03164279660470059,-0.021777516289931187,-0.01837806908479214,-0.021471244124550315,-0.005112739256321013,-0.02153660655179404,in_sample
6963.KL,2014-05-11,82.01025921126676,,False,-0.018518551143652726,-0.016365030747266862,0.024691187978537314,0.01494678937454586,0.21901781713151966,0.22082848232815297,in_sample
6963.KL,2014-07-20,85.21991883965647,,False,0.18060715730428356,0.18523078301362902,0.18060715730428356,0.1898598182255805,0.27267314837432033,0.30689151109385326,in_sample
6963.KL,2014-07-27,92.63282578031028,,False,0.10990308427078117,0.11328551670259852,0.1661655486132123,0.18100035535732184,0.25129385427246764,0.29871728787931595,in_sample
6963.KL,2014-09-28,97.21636363567943,95.97221884383764,True,-0.032651933907038674,-0.020894251403133487,0.015118665939663784,0.0321629447319417,-0.04061339913734216,0.027036701251478806,in_sample
6963.KL,2015-01-11,92.37596353988424,86.16628045132836,True,0.2851854294890985,0.24073944428657662,0.6150511574957113,0.5720366680752232,0.5068835326878892,0.4479608100669019,in_sample
6963.KL,2015-01-18,96.8555338872045,86.16628045132836,True,0.3445943017712894,0.311684807658399,0.5004061555902838,0.4785085232112684,0.38813108428689924,0.33035301090412594,in_sample
6963.KL,2015-01-25,98.96387399940375,86.16628045132836,True,0.17280449819591487,0.17014791103436655,0.22674909181845598,0.22643292815779262,0.15542686896430258,0.13170078341095762,in_sample
6963.KL,2015-02-01,90.52695040754374,90.1103335384729,True,0.2588444210117725,0.23641650428268615,0.23087023892676517,0.21284368178433682,0.11337796842193755,0.06772492179020947,in_sample
6963.KL,2015-07-26,87.91524046065257,93.34519718628097,True,0.00902531687657607,0.09392382973788471,0.21841174092682134,0.24822999466502776,0.2833324583462394,0.2856221811746419,in_sample
6963.KL,2015-08-02,95.76150830840821,28.98672865546024,False,-0.14015746889439706,-0.07608837208534479,0.16535447677165865,0.22810619976781554,0.22286039483256526,0.2299462734226409,in_sample
6963.KL,2016-08-14,89.84804271572607,83.96313395717704,True,-0.04225348512470551,-0.04361317218286067,-0.021126742562352755,-0.009981643100218833,-0.022662593000289367,-0.001340244243277021,out_of_sample
6963.KL,2016-08-21,89.06963784301526,83.96313395717704,True,-0.09523794147826814,-0.07468306000041657,-0.008016548971207016,0.008995018443294114,-0.0422232896772101,-0.010528827099974956,out_of_sample
6963.KL,2016-10-23,81.07541231745172,66.70030496306948,False,-0.02721073146016032,0.0004422537137473703,-0.04081625458069169,-0.021540609493488586,-0.001405056036037125,-0.002914067856970841,out_of_sample
6963.KL,2017-03-19,86.14436503589089,92.11349877955747,True,0.016666732638959725,0.024809043740881442,0.12368972682497378,0.1061157841230398,0.11809903171958,0.09306461463331703,out_of_sample
6963.KL,2017-07-30,88.00815688308819,77.5359884052931,False,0.07727304631445785,0.07609025439637651,0.1727274655669652,0.17048643340866146,0.4273470316078179,0.44230387130828874,out_of_sample
6963.KL,2017-10-15,85.46775225185807,94.61517341414799,True,-0.006472426827017101,0.0009563709940042485,-0.022653900753409593,-0.0032443644115648616,-0.022653900753409593,-0.05834541360068936,out_of_sample
6963.KL,2017-10-22,82.90423860744734,94.61517341414799,True,-0.04153329187444406,-0.030623580003577077,-0.02236438920876907,-0.02949960978774835,-0.016025746589941325,-0.06314608576257862,out_of_sample
6963.KL,2019-02-24,89.42922641591024,73.47354808217726,False,0.04568571190820249,0.07749666354561974,0.12699713619990952,0.1847111717751838,0.05527903210553276,0.12270014701700588,out_of_sample
6963.KL,2019-03-03,94.64869249475937,70.94115063338143,False,-0.018348444844594056,0.015242423093725681,0.06472522026477068,0.10140294347359004,-0.11581501591965186,-0.05558308261432952,out_of_sample
6963.KL,2019-09-29,82.18211336750944,80.07698178231722,True,0.013590114005428849,0.022516101934327633,-0.0012065330501197487,-0.009223470350130731,-0.008604956530926118,-0.025042922128480305,out_of_sample
6963.KL,2020-01-26,83.34988974228554,55.643303516575905,False,-0.08762410980483236,-0.06116820866500966,-0.510020341908515,-0.3386518871964044,-0.3714742915855076,-0.2662676317798192,out_of_sample
6963.KL,2020-07-19,95.62176912106077,85.94325867154562,True,0.2936505718123318,0.31353367311854297,0.49206342652031015,0.5493698625248326,0.880952244824234,0.9222845397038081,out_of_sample
6963.KL,2020-08-16,89.29900638931349,91.55352057557707,True,0.15337438024706554,0.1915569018913568,0.4539878741669209,0.4758721959268543,0.5019813187954505,0.530710859540209,out_of_sample
6963.KL,2020-08-23,95.01049768655453,91.55352057557707,True,0.058823667895092115,0.1035190559775552,0.3521387201422917,0.3986031803759786,0.2662885747301818,0.25831838455569955,out_of_sample
6963.KL,2020-08-30,81.71581371393638,91.55352057557707,True,0.11702132566412035,0.12755754474256434,0.2595528514274008,0.2795959583254649,0.2809012938426295,0.23596319297921098,out_of_sample
6963.KL,2020-09-06,95.54311595297814,92.63996686645994,True,0.09268290587800587,0.10294766428168442,0.1453131627572759,0.1776182378805352,0.17468009017436043,0.11416659858860838,out_of_sample
6963.KL,2020-10-11,85.20314917177033,82.17706585481254,True,0.033008146409768395,0.04000652005524736,0.14308284678755953,0.08329260177189463,0.09651269897416165,0.03321999671860279,out_of_sample
6963.KL,2020-10-18,90.58015558545556,82.17706585481254,True,-0.06349211374042708,-0.12057928893004785,0.03174637343490417,-0.08843928085164435,-0.08333343885489687,-0.16934656427105765,out_of_sample
6963.KL,2021-02-14,88.05565255399343,92.10274592447611,True,-0.09479910928504964,-0.10497148240399863,-0.048715928831819834,-0.05673755898660998,-0.09764839917493424,-0.090164378439574,out_of_sample
6963.KL,2023-08-27,82.51701658253599,71.63128869319293,False,0.06878315375591536,0.06480943966085011,-0.02672912849268118,-0.02434077606712008,-0.04268440826387717,-0.053885630716316746,out_of_sample
6963.KL,2023-09-03,93.75826619980933,76.1311664994222,False,0.009900972885332359,0.03672836355294249,-0.11922222821066937,-0.10451019654077195,-0.09931776822772237,-0.09281933002665516,out_of_sample
6963.KL,2024-03-31,90.22818065935978,81.29720535575643,True,0.054711859140756026,0.029263742025346425,0.18583815590635944,0.13158927334322212,0.48229755455079293,0.4469475700274276,out_of_sample
6963.KL,2024-04-07,88.77935611638014,73.99001045699526,False,0.014550411201903868,-0.007529618259798431,0.18178381603270297,0.15514497744666375,0.4159109395513442,0.39350941836805375,out_of_sample
6963.KL,2024-05-26,88.1627760398962,91.55683174148369,True,0.2499998816599418,0.26792629197192064,0.2442427561683572,0.2336523991500116,0.15743511651288772,0.1546563095892382,out_of_sample
6963.KL,2024-06-02,87.36148341991986,95.1402989926856,True,0.19811332694046846,0.20224069602440523,0.1261334534346671,0.11598743129690459,0.04096379694839974,0.016500576259535982,out_of_sample
6963.KL,2024-06-09,92.54714136041484,95.1402989926856,True,0.1621619493978816,0.1663897354128909,0.0482954299760838,0.052504654868902746,-0.014963759800155007,-0.052630841023701164,out_of_sample
6963.KL,2024-06-16,90.89092580103592,95.1402989926856,True,0.1438977322597135,0.13659357832832433,-0.040885612202430276,-0.03387400416075995,-0.12007860520828328,-0.14857327357463246,out_of_sample
6963.KL,2024-06-23,99.32139039296204,95.1402989926856,True,-0.004605700829298805,-0.033643002748173785,-0.07405181912828054,-0.09513498178842889,-0.2052278098405732,-0.24407413458673563,out_of_sample
4758.KL,2009-04-12,95.2219566857248,,False,0.028572604590204383,-0.06214530313154874,0.0666646716933116,-0.07580701287777018,0.08571804307789534,-0.0537685997680865,in_sample
4758.KL,2009-06-14,95.91282221649612,,False,-0.23943743765570707,-0.21889896666821912,-0.07042177339512247,-0.15731805220744996,-0.09154935667217673,-0.1728133697312308,in_sample
4758.KL,2009-08-16,92.05866354990665,,False,-0.1390738223464177,-0.15565684555792586,-0.1390738223464177,-0.17714478328673003,-0.19867407587529248,-0.25941098387296935,in_sample
4758.KL,2010-07-25,92.94639076926235,,False,-0.09917758014011928,-0.135843030953817,-0.13223273535164873,-0.22236553969671596,-0.11570525466192824,-0.2228480567291988,in_sample
4758.KL,2011-11-20,85.19085222563018,,False,-0.012662056322400002,-0.02078908196228503,-0.06329091000179986,-0.11050620202757194,0.012661833660213792,-0.06108679667884103,in_sample
4758.KL,2014-02-23,85.75684189361205,,False,0.24418851921347126,0.24979281573856738,0.29070531926114246,0.27871565863813674,0.3023279058460717,0.27359636785240854,in_sample
4758.KL,2014-03-23,92.90149725931387,,False,0.03738726031411813,0.01969414570529593,0.04672875993852924,0.01219941271913446,0.009348623428899718,-0.021555319690067607,in_sample
4758.KL,2014-03-30,94.50386908789454,,False,0.0782641912168623,0.07272583602287344,-0.026088097729872337,-0.0360787448958581,-0.043478021455271534,-0.062384069665239364,in_sample
4758.KL,2014-04-06,96.7908909851834,,False,-0.12598527203956242,-0.13270179882844732,-0.14173780551708945,-0.15077040776719233,-0.03937551645323396,-0.05247469643786052,in_sample
4758.KL,2014-07-06,92.27619544470588,,False,-0.02307217612106898,-0.011628622864819119,-0.10000056830241844,-0.09002659156760479,-0.12307265421675433,-0.09951182989390289,in_sample
4758.KL,2015-04-26,82.24712445663077,54.26980902519666,False,-0.12871295263646934,-0.08840329730563368,-0.1980250661240822,-0.12242566108071386,-0.1980250661240822,-0.12508861303688446,in_sample
4758.KL,2016-09-18,92.60603042543096,76.50075375366391,False,-0.03896265964793985,-0.042580334590969666,-0.09090645572431459,-0.07953309657562467,-0.1688317750201943,-0.1618323700888783,out_of_sample
4758.KL,2017-02-12,93.91529960048801,86.48195930173658,True,0.15790198584134504,0.14693042987627147,0.3157940315568873,0.2906136068377739,1.1052745169061209,1.0677216598137647,out_of_sample
4758.KL,2017-03-19,89.76791444172424,93.20787083898495,True,0.11827357750944306,0.12641588861136477,0.6559108234943711,0.6383368807924371,0.7634367219240346,0.7384023048377716,out_of_sample
4758.KL,2017-04-16,85.46392410936623,97.76938980400786,True,0.4807743443087727,0.454846981853756,0.5769278264192409,0.5434787454073843,0.74039432603007,0.7236755329464405,out_of_sample
4758.KL,2017-04-23,94.09744366483146,97.76938980400786,True,0.3760703167953793,0.36910583393402147,0.43590416113107944,0.4158250012067053,0.3931692647240098,0.39376722537372233,out_of_sample
4758.KL,2017-04-30,97.21564487774718,97.76938980400786,True,-0.01923155234544199,-0.021629655404083185,0.3076959594054124,0.3012539313064438,0.0,0.0050337794639969706,out_of_sample
4758.KL,2017-05-07,90.28048803485406,85.48067023926507,True,0.018750714936867006,0.01068942341558562,0.24999758557906077,0.24946996737326183,-0.012498974318215816,-0.01496103102785877,out_of_sample
4758.KL,2018-01-14,80.54651225691293,68.18781227235745,False,-0.16393370026828188,-0.16237000657302547,-0.21311616526239696,-0.2247748854298732,-0.19671785085515733,-0.20458541079446074,out_of_sample
4758.KL,2018-07-29,93.73972240804954,85.98468294039299,True,0.030300431536596673,0.008001489200077042,-0.022728120151109782,-0.046185845179304824,-0.0833347062913329,-0.06242059000113491,out_of_sample
4758.KL,2018-08-05,85.90539314143528,41.35284572183835,False,-0.03676440202930369,-0.05899365398800459,-0.03676440202930369,-0.04410114278090474,-0.07352880405860739,-0.01902037522093987,out_of_sample
4758.KL,2019-12-22,92.00397803439459,93.71147105626851,True,0.15517433159224803,0.16409879633398258,0.13793152321221805,0.17874689204129665,-0.00862149389352337,0.1562234581347968,out_of_sample
4758.KL,2020-01-19,85.90779900536155,95.80401848301477,True,-0.014926585458545607,0.017251490735246792,-0.1417931657639947,0.015531358694127612,-0.10447646915666733,0.044858382638760075,out_of_sample
4758.KL,2020-04-19,81.48990859714932,69.46497863962075,False,0.20161422828924966,0.20438543106099022,0.177418594179205,0.07887804457568155,0.21774476291751024,0.08664637554779012,out_of_sample
4758.KL,2020-04-26,91.90403406965505,69.46497863962075,False,0.08823278498750757,0.03938799514030733,0.007348555824578813,-0.09296172386200653,0.17647061974006717,0.011138660397675831,out_of_sample
4758.KL,2020-05-03,89.66207339432553,67.60897780945562,False,0.04929523021741891,0.00278940591202341,-0.014085722850958337,-0.0711684940788602,0.06338102634717015,-0.06577974612486419,out_of_sample
4758.KL,2020-05-10,84.63453240357421,67.60897780945562,False,0.041665516513287995,-0.0842251231294353,0.013885374196801529,-0.10934310465374128,0.020830373645450515,-0.13936519176302595,out_of_sample
4758.KL,2020-05-17,89.87184952161647,67.60897780945562,False,-0.0201359417526973,-0.12172922972919199,0.013424054283399914,-0.1208175465543853,0.36912755239967315,0.2446476455023836,out_of_sample
4758.KL,2021-05-02,85.72712794503963,34.52069222238341,False,-0.08721026034738252,-0.08270860087252303,-0.12790814303159612,-0.10170393483169363,-0.13372246467981885,-0.08489152045626766,out_of_sample
4758.KL,2021-09-26,86.48599961007086,89.69818381607986,True,0.44329922572491476,0.40673414647315415,0.48969190457573875,0.49394762516232893,0.44329922572491476,0.46291337117539233,out_of_sample
4758.KL,2021-10-03,94.63162043102527,91.21331173867685,True,0.20434874433209058,0.17953367387549596,0.1782618434160306,0.1863039364068846,0.2739135830036342,0.27918097214599996,out_of_sample
4758.KL,2021-10-10,95.3314728101138,91.21331173867685,True,0.0898434279245951,0.11041382465271425,0.04687496360729888,0.08662177172118496,0.20312561867591902,0.2008044953137191,out_of_sample
4758.KL,2022-12-25,94.61067203793509,75.31317403130137,False,0.09259264567466692,0.07519910849404007,0.13888905999387316,0.13738366857182294,0.027777982764937145,0.07046525793610237,out_of_sample
4758.KL,2023-08-27,83.61744955214421,71.234233363034,False,0.04672898677027797,0.042755272675212716,0.1121505310883568,0.1145388835139179,0.08411288308146239,0.07291166062902282,out_of_sample
4758.KL,2023-10-01,92.51176356171561,44.65169645077831,False,-0.0325198761084972,-0.04496921847749792,-0.06504081245988969,-0.08593017193383631,-0.06504081245988969,-0.08625313964366525,out_of_sample
4758.KL,2024-06-16,92.34297357843955,73.02278597627675,False,-0.01785722932054751,-0.02516138325193669,-0.09821412719804386,-0.09120251915637353,-0.05357186088845183,-0.08206652925480101,out_of_sample
7241.KL,2011-01-02,90.49557007253101,,False,-0.024994559743407696,-0.026956480068964957,-0.024994559743407696,-0.005480556950974318,-0.05000004082744159,-0.04778793788786419,in_sample
7241.KL,2012-01-01,85.41397286128021,,False,-0.02703274038286126,-0.020610996391359042,-0.02703274038286126,-0.045350823532910624,-0.02703274038286126,-0.0630286222751493,in_sample
7241.KL,2013-07-28,95.28618847645924,,False,0.0,0.047875393344692554,0.025635277896257806,0.028832886530706037,0.10256352778962578,0.10700033639117275,in_sample
7241.KL,2013-10-27,94.23536890892474,,False,0.3695698698808257,0.38225159737355496,0.5000046949481832,0.48874786103673684,0.5454692210089391,0.5479780303852977,in_sample
7241.KL,2013-11-03,97.59209194182522,,False,0.1886783755729475,0.18740245659336444,0.3610663077500727,0.33308920672996456,0.32161529940224975,0.3259458586361293,in_sample
7241.KL,2013-11-10,97.10681747166414,,False,0.254544427614569,0.2420921028748465,0.2735567907144155,0.25678741111854747,0.2735567907144155,0.2738061429803011,in_sample
7241.KL,2013-11-17,99.40700531747659,,False,0.06249952082512887,0.03429636606726337,0.09445970185226599,0.07393307682664811,0.07812812644731058,0.06766928264625599,in_sample
7241.KL,2014-04-06,84.87222897685562,,False,-0.013330363626604213,-0.020046890415489127,0.25333552153829164,0.24430291928818876,0.21333270813191668,0.20023352814729012,in_sample
7241.KL,2014-05-18,93.88613122302245,,False,0.0,0.0035043994741877616,0.35106449113006105,0.35116534461891447,0.4574469371882019,0.4805282562766497,in_sample
7241.KL,2014-05-25,90.3748911922872,,False,-0.05208535175441677,-0.06091256324295729,0.4270836475012205,0.4250774630720068,0.4687500559477059,0.4713767730737422,in_sample
7241.KL,2014-07-20,93.39319555745443,,False,0.02919689292175831,0.03382051863110378,0.021899261985925275,0.031151922907222226,0.08759087177068178,0.12180923449021472,in_sample
7241.KL,2015-03-08,86.09097078044931,,False,-0.04000107356823691,-0.055253242509186264,-0.024000959896305938,-0.030260123817061568,-0.08800131591047862,-0.05510631951254463,in_sample
7241.KL,2015-03-15,92.33060656918273,,False,-0.10526235741585914,-0.14037393793711633,-0.10526235741585914,-0.11979864163870886,-0.12030007551688446,-0.09985947276941007,in_sample
7241.KL,2015-12-27,93.58703264072244,,False,-0.07291666084590044,-0.04989302491748113,-0.06250000388051082,-0.06933494629170162,0.12500006984919465,0.09324194651687348,in_sample
7241.KL,2016-01-03,89.01104962759639,,False,-0.13265305377701245,-0.11805345862252248,-0.08163269526359607,-0.06445698097437863,0.04081628681073312,0.03415161172356065,in_sample
7241.KL,2016-01-10,92.7805898919509,,False,-0.12745097810055186,-0.13037686273493337,-0.08823527005579462,-0.1092776172852696,-0.01960782480441495,-0.051545412019983305,in_sample
7241.KL,2016-01-17,93.6029400217255,,False,-0.21495333402185052,-0.22428061347339726,0.0,-0.041748787692032774,-0.09345796162597453,-0.1486297235565286,in_sample
7241.KL,2016-03-20,80.45341845539423,77.92314677972496,False,-0.09259261098908717,-0.09938032475562784,-0.1574074166056547,-0.1060889378609205,-0.22222227741170594,-0.17845472750134514,in_sample
7241.KL,2016-10-30,93.07719499799838,80.5568228114152,True,-0.13186813330768368,-0.10611779997074486,-0.12087913311531134,-0.08907589501845845,-0.09890113273056664,-0.09568009372495583,out_of_sample
7241.KL,2017-02-26,83.08126881044687,77.52796217100938,False,-0.01111110080907347,-0.039020557102208406,0.0,-0.033974194996105406,-0.0888888726999726,-0.13006416325621462,out_of_sample
7241.KL,2017-09-24,82.60649466122182,71.97584982445692,False,-0.01204818152329224,0.005111235530048041,-0.10843370552245662,-0.08055178089417335,-0.08433734247587214,-0.07419070977582885,out_of_sample
7241.KL,2018-09-30,98.00286286130904,82.49218148607419,True,0.10588231911708834,0.16727705147155822,0.37647049913769615,0.43071583176848616,0.04705877733065725,0.1155806485875461,out_of_sample
7241.KL,2019-07-14,93.4234168666124,77.4236506613088,False,-0.09090907243657693,-0.05832354790164623,-0.10227269802458014,-0.06334970999302092,-0.1250000169331378,-0.058043887371962116,out_of_sample
7241.KL,2019-07-21,94.07140381544605,77.4236506613088,False,-0.10869567611717729,-0.0731328197576008,-0.16304351417576593,-0.12870490194298317,-0.14130434007973677,-0.08018349194578517,out_of_sample
7241.KL,2021-03-14,91.62492816625138,88.688837077976,True,0.3085106619076796,0.31063974702363695,0.31914894966153123,0.3366275447252572,0.2765957986461249,0.29964476941706525,out_of_sample
7241.KL,2021-03-21,93.11215346645993,88.688837077976,True,0.2828282512045557,0.29378019234621366,0.25252525009265814,0.2793793836493055,0.26262625046329063,0.2940062915810178,out_of_sample
7241.KL,2021-03-28,93.16167822939809,88.688837077976,True,0.2621359110934779,0.2577585400270118,0.1262135911093478,0.1507230882574554,0.3009709423297848,0.30869533366855706,out_of_sample
7241.KL,2021-04-04,91.72695293710626,93.32679194320393,True,0.22641511555879246,0.21613344332291876,0.13207557779396226,0.12634184962018605,0.16037743912341132,0.1765693981673521,out_of_sample
7241.KL,2021-04-11,98.45321288176467,93.32679194320393,True,0.00813007342129105,0.023512333510064504,-0.02439022026387315,-0.003425699359469365,-0.0162601468425821,0.032677688117295406,out_of_sample
7241.KL,2021-04-18,92.62250849591196,93.32679194320393,True,-0.023622025071121953,-0.0075437442711522515,-0.0157480167140813,0.004906287991444696,-0.055118058499284556,-0.0005289386634394419,out_of_sample
7241.KL,2021-04-25,89.37687484324636,93.32679194320393,True,-0.10769230063850332,-0.07893132986523604,0.030769294253470136,0.042818313629910745,-0.08461530702353649,-0.031178060533466737,out_of_sample
7241.KL,2021-08-29,84.55398552763057,74.37685423317909,False,0.2076923923379602,0.2442295800027913,0.9384615948919734,0.939769688467645,0.7076923923379602,0.7483298085276602,out_of_sample
7241.KL,2021-09-05,95.13698695316977,84.78560219480944,True,0.013333320617675781,0.05405215431494871,0.6933333079020182,0.7102475118698047,0.3466666539510091,0.39510011599206346,out_of_sample
7241.KL,2021-09-12,94.94742072389079,84.78560219480944,True,0.13664597928912614,0.14430472058080027,0.45341608284349544,0.48148767751648097,0.18012419830827953,0.22722533719332566,out_of_sample
7241.KL,2021-10-17,85.92409007761722,93.99928932238215,True,0.12820512507010423,0.1701627653862705,-0.015384661469467811,0.05306393477695493,0.03589740078516738,0.07041578488184112,out_of_sample
7241.KL,2021-10-24,94.49394970345251,93.99928932238215,True,-0.11904760102656228,-0.07966676459339099,-0.2142857007699217,-0.1600882115560357,-0.16666669820351598,-0.14604431085133143,out_of_sample
7241.KL,2021-10-31,81.3404270633326,93.99928932238215,True,-0.2047244050142244,-0.17266285128159878,-0.21259841337126503,-0.18324437627113005,-0.22834643008534633,-0.20578368730192673,out_of_sample
7241.KL,2022-08-28,85.03797085480905,54.820565874762174,False,-0.06896551960383053,-0.018768519935146673,-0.09770112422580761,-0.06179473698427814,-0.11494255551007942,-0.08096906275444689,out_of_sample
7241.KL,2023-02-26,88.2851413890401,86.35014069539095,True,-0.12149537239587599,-0.08229980969515924,-0.12149537239587599,-0.09768286394321099,-0.18691592325194906,-0.16751723515583192,out_of_sample
7241.KL,2023-03-05,86.18975395598757,37.89818377570193,False,-0.1000000108372079,-0.07870037754781893,-0.1636363665919658,-0.13776859706688904,-0.21818182212262105,-0.18339109138710535,out_of_sample
7241.KL,2023-08-27,81.36511485876905,62.065941557289285,False,-0.0489130607314954,-0.05288677482656065,-0.032608728750215664,-0.030220376324654564,0.07065217003986839,0.05945094758742882,out_of_sample
7241.KL,2025-05-18,81.89637156270273,71.32794435774335,False,-0.0062499939464033556,0.02787758018971085,0.05625002002343506,0.07895086539384225,0.043749957624823484,0.05314713881219425,out_of_sample
6971.KL,2003-01-19,84.57780978991512,,False,-0.14893741896353221,-0.12868475838681814,-0.2127672432891817,-0.1501599928011954,-0.19148954561467862,-0.13058246454286737,in_sample
6971.KL,2005-01-02,92.21088122373374,,False,-0.11612146931650688,-0.1269211870600995,-0.16068582353299163,-0.15636594988786645,-0.23496410128528827,-0.2084827545635864,in_sample
6971.KL,2007-01-14,93.31488430472355,,False,-0.08444868933900407,-0.1930315414328525,-0.11516911229196906,-0.1772598297109572,-0.05986710781396988,-0.20244355457782998,in_sample
6971.KL,2007-02-25,84.62056147183695,,False,-0.09523968164782552,-0.05798135275769556,-0.14285417028940234,-0.16770868589336826,-0.10714337207585156,-0.16430871041017436,in_sample
6971.KL,2009-05-17,89.28393444065792,23.707465215286124,False,-0.10145243426397448,-0.1763284469203093,-0.14492656822361213,-0.19772627107885812,-0.11594371187094302,-0.2842224502117456,in_sample
6971.KL,2009-09-27,83.75128874480299,71.22931070590847,False,0.0,-0.04083322545721342,0.0,-0.046796811225346714,-0.03076644422492307,-0.07149287984383637,in_sample
6971.KL,2011-06-12,83.46884567230309,42.27621393438356,False,-0.048781107268895355,-0.07355317898225527,-0.024393209321442035,-0.003984461744900896,-0.09756240767866303,-0.0448053672933821,in_sample
6971.KL,2013-05-26,90.83335700785749,71.04157684917402,False,0.0,0.009706429810088986,0.007632721836028002,-0.0062866778599976105,0.022898636700110307,0.014337205536484347,in_sample
6971.KL,2014-06-08,91.04313636049437,93.05851562107654,True,0.13725478056378967,0.12533118385470104,0.11764894481255338,0.11730534967366112,0.08823551089799464,0.08640481659989142,in_sample
6971.KL,2014-06-15,92.71695663804836,93.05851562107654,True,0.02752016425221665,0.024104648936806874,0.009173388084072217,0.028819154311168507,0.02752016425221665,0.03193208563715019,in_sample
6971.KL,2014-06-22,97.65230423795713,93.05851562107654,True,-0.09836191849018412,-0.0916005752376937,-0.09836191849018412,-0.08700821144884016,-0.057378638228047694,-0.04142719447074812,in_sample
6971.KL,2015-11-15,91.37291542247647,89.57350740275653,True,0.05092505037329462,0.06223972033400262,-0.014520990358694601,-0.013737313847407562,-0.27262252638620443,-0.2747624415622362,in_sample
6971.KL,2015-11-22,94.61934309135763,89.57350740275653,True,-0.1589146844086623,-0.14808966586001865,-0.27316696951543556,-0.25310549401077326,-0.4499643016565999,-0.439042986615242,in_sample
6971.KL,2017-04-16,93.83537996486683,85.31633586118603,True,-0.028846254980101738,-0.054773617435118466,-0.028846254980101738,-0.06229533599195835,-0.04326956699525051,-0.05998836007888009,out_of_sample
6971.KL,2018-03-11,88.36322143286309,30.94024729988256,False,-0.31654771263378534,-0.31280024310419413,-0.2589929304083012,-0.2578594279565609,-0.2913671761422611,-0.24389221140615658,out_of_sample
6971.KL,2018-08-19,85.65146543068488,92.43483008449027,True,0.0944882663146075,0.08311154599085528,0.11811029511650879,0.14767624314756056,0.14173239947191124,0.18399832271203975,out_of_sample
6971.KL,2018-10-07,84.55220411489296,33.71285450503884,False,-0.0774195181884471,-0.04181192826776,-0.11612918442493483,-0.061384206383715646,-0.17419380758998085,-0.12631935863733745,out_of_sample
6971.KL,2019-02-24,89.78204335609053,84.29172457616849,True,-0.03333396449001623,-0.0015230128525989886,-0.08000000511748662,-0.022285969542212326,-0.046668023653534896,0.020753091257938214,out_of_sample
6971.KL,2019-03-03,86.31308413972575,36.53640558028445,False,-0.08496871309263754,-0.0513778451543178,-0.09150391889085004,-0.054826195682030676,-0.07843143772269846,-0.018199504417376118,out_of_sample
6971.KL,2019-08-25,90.58494643092278,44.96742793854613,False,-0.10404636492393868,-0.09663960422197425,-0.09826489279001539,-0.07454077611836402,-0.08670538729950819,-0.07764574356403046,out_of_sample
6971.KL,2019-12-15,90.4095878465569,89.66182163279598,True,-0.025515371952371385,-0.03843571508496081,-0.03610817088809395,-0.025498147986120098,0.0009658257795422448,0.057013622743603075,out_of_sample
6971.KL,2020-05-17,94.96136730476938,78.50470875721896,False,-0.022471327568665187,-0.12406461554515988,0.03370789256834499,-0.10053370826944022,0.1573030038673801,0.03282309697009056,out_of_sample
6971.KL,2020-05-24,92.75099293376847,78.50470875721896,False,-0.08510591949566208,-0.1341746571559624,-0.015957516758143164,-0.12701986899823142,0.053192492151090565,-0.03577849478189073,out_of_sample
6971.KL,2020-08-02,85.52576846657878,43.377091048209074,False,-0.014851357031537366,0.034121387512500045,-0.03960452189066296,0.019388454166429793,0.3267330312548378,0.3947673167429516,out_of_sample
6971.KL,2020-08-09,82.47690394961946,43.377091048209074,False,0.06310785990803405,0.10257205745627829,-0.019417161749551822,0.029906703748943202,0.1893204648428854,0.2598148436479138,out_of_sample
6971.KL,2020-10-25,94.97988077058282,83.13074306220126,True,-0.08208919751223773,-0.14839946913632154,-0.10447726930070962,-0.21008796755507575,0.6644010976192265,0.5758379694948113,out_of_sample
6971.KL,2021-01-17,96.82921411587289,86.17280945664193,True,0.15862060561997302,0.17557807094268907,0.12643644605197557,0.13339403592015694,0.0827586025987442,0.09183046428185161,out_of_sample
6971.KL,2021-01-24,97.60019935803246,86.17280945664193,True,-0.07003891245639025,-0.06264263216300073,-0.04669265604638358,-0.06513645488150402,-0.08949399484055647,-0.0967838571347481,out_of_sample
6971.KL,2021-06-20,81.45228016931587,83.73465607303764,True,0.4227642868457794,0.464657283487684,0.9878046931392097,1.040628745810468,1.1341461808840505,1.142377562982208,out_of_sample
6971.KL,2021-06-27,83.37024700192198,83.73465607303764,True,0.41501988859284206,0.43825549529208885,0.8498024719857458,0.8765066824518377,1.094861943776534,1.1020236971879054,out_of_sample
6971.KL,2021-07-04,95.88422892481292,87.48123567454054,True,0.02932557608513476,0.054597040928111976,0.6598240946149009,0.6227744585251092,0.4252200616393517,0.42606130272111753,out_of_sample
6971.KL,2021-07-11,86.94804288670942,87.48123567454054,True,0.3371427433599591,0.35738495890673266,0.49999982471824683,0.4548788923540069,0.3971426690404958,0.3945778421147341,out_of_sample
6971.KL,2021-08-15,81.58053953606732,93.29877899513122,True,0.07361965098982301,0.026540044820702366,0.08997968494960983,0.05091939059592652,0.10224950968776286,0.0845630978133711,out_of_sample
6971.KL,2021-11-21,88.63714822381412,81.56969230506675,True,-0.051070833537491825,-0.03564676816105303,-0.1983383196518843,-0.21786577630945883,-0.23304946812871638,-0.26802067453423495,out_of_sample
6971.KL,2024-03-24,89.56412164424542,85.19114314032349,True,-0.054878069611974487,-0.058236449523300406,0.3353659001969643,0.28723930461233876,0.4024390075477653,0.36034204697101735,out_of_sample
6971.KL,2024-03-31,87.85663010911486,85.19114314032349,True,0.0,-0.0254481171154096,0.2857143769458877,0.23146549438275038,0.3750000088697391,0.33965002434637376,out_of_sample
6971.KL,2024-04-07,94.30893558911691,47.8394773946365,False,-0.07262569720786531,-0.09470572666956761,0.2067039842808896,0.18006514569485038,0.19553081034081338,0.1731292891575229,out_of_sample
6971.KL,2024-04-14,89.53544695774167,47.8394773946365,False,0.3114754311939957,0.27947754356189397,0.16393446147009283,0.12085372557274572,0.2841529232364501,0.2454821094868554,out_of_sample
6971.KL,2024-12-08,87.26273340931807,71.6957248088533,False,0.0,-0.010048015457926546,-0.12738856114771965,-0.09247149556291415,-0.22929936450820665,-0.2054034718516903,out_of_sample
6971.KL,2024-12-15,81.24878105354098,71.6957248088533,False,-0.05031449134334397,-0.04637356464851102,-0.09433960566617486,-0.08325027182293476,-0.23899370267569367,-0.2007777086003246,out_of_sample
6971.KL,2025-12-07,83.49170546849795,52.0284502909199,False,-0.053892165558151114,-0.08682710579465573,0.005988018395350124,-0.0709426622327956,0.0,-0.061916935522602475,out_of_sample
6971.KL,2025-12-14,87.03008662597698,52.0284502909199,False,-0.01694913656104499,-0.04670226954069609,-0.13559322718812358,-0.19360966014526582,-0.19774012859517037,-0.24673848440506443,out_of_sample
6971.KL,2026-04-26,94.27473441699924,83.2215073876537,True,0.2835051216979335,0.28796349738377813,0.2835051216979335,0.2883355253905403,0.14432987790265395,0.13787186055009834,out_of_sample
6971.KL,2026-05-03,94.56879705617935,86.53795511563642,True,0.24528313557335849,0.26790196276492045,0.11320755777939623,0.14472869497944488,0.061320812008739616,0.07351579218424094,out_of_sample
6971.KL,2026-05-10,94.87030238559309,86.53795511563642,True,0.09565218833533967,0.12690397777715115,0.09565218833533967,0.1351302425511319,0.004347822030685716,0.01759681428688937,out_of_sample
6971.KL,2026-05-17,89.73877822517385,86.53795511563642,True,-0.012605129565465131,0.019913728264587052,-0.021008482491862716,0.006993713373675454,0.03361341170559033,0.03618203566024989,out_of_sample
6491.KL,2002-01-13,95.65678601049713,,False,-0.16935493057734188,-0.18056340396305598,-0.30645160275833033,-0.36987619915266867,-0.2903226482777977,-0.373362029689109,in_sample
6491.KL,2002-04-21,90.56528391938679,,False,-0.14678892663853108,-0.13363679997591837,-0.25688062161742936,-0.1944519032051401,-0.2660549692846109,-0.19277883502148307,in_sample
6491.KL,2003-06-01,85.08449733917452,,False,0.02409647863022981,-0.005674452743535653,0.27710856456140404,0.2189219174853257,0.37349395703441285,0.26642882841800086,in_sample
6491.KL,2005-01-16,87.48512678053659,,False,0.029411444853785162,0.045362159296115756,-0.00980421143459053,0.020623626804584516,-0.08823552401134191,-0.01754912631583365,in_sample
6491.KL,2005-07-24,96.87609736610416,,False,-0.02999985961085863,-0.014941676191540179,-0.04956031334163074,-0.0307243012939928,-0.008681161874399554,0.00632376054608421,in_sample
6491.KL,2005-10-09,81.8808040820122,,False,-0.03030328207040679,-0.018100605062619613,-0.0808080384142614,-0.03749894494077654,-0.07070708714549048,-0.043232196751292216,in_sample
6491.KL,2006-05-07,91.14161661524902,,False,0.033333500570502515,0.06522519170612667,0.058333643664277554,0.10689924956857086,0.04166664605645216,0.06939765153220805,in_sample
6491.KL,2006-05-14,96.31656362158931,,False,-0.19014074456298877,-0.13771078336127,-0.09859147948726416,-0.05667854460189849,-0.07746459738979032,-0.04841848392448256,in_sample
6491.KL,2006-08-13,81.17309692539995,,False,0.0,-0.015314073860653789,-0.03076909349854182,-0.06123802527224116,-0.01538489479374821,-0.07455052549877042,in_sample
6491.KL,2006-08-20,92.72472428388726,,False,-0.05453571280700059,-0.07257179585835409,-0.07586215608085332,-0.11995979729884032,-0.08297112645267747,-0.16821527485285662,in_sample
6491.KL,2006-08-27,90.13505220185299,,False,-0.12041045703394317,-0.1358861552151916,-0.14102573669325652,-0.17118815549669728,-0.08605116766760214,-0.181020255826068,in_sample
6491.KL,2007-02-25,80.34829667547378,,False,-0.13286701499502498,-0.09560868610489502,-0.13986006422888975,-0.16471457983285567,-0.09090900723196313,-0.1480743455662859,in_sample
6491.KL,2008-08-10,89.52810104895208,78.48135797260589,False,0.0,0.044425218848541774,-0.021505408758872527,0.07097795831610802,-0.19354843440484099,0.0355846268160909,in_sample
6491.KL,2009-04-05,86.451841307015,87.30358385268401,True,0.15000002367867096,0.0576857387565165,0.44999997632132904,0.2988440087908663,0.6249995619445872,0.4389376575018421,in_sample
6491.KL,2009-04-12,93.2084564056978,87.30358385268401,True,0.2499999097955209,0.15928200207376775,0.5714284167923215,0.4289567322212397,0.40476184033013396,0.2652751974841521,in_sample
6491.KL,2009-04-19,96.82450730074986,87.30358385268401,True,0.06666660492671356,0.01585686163710595,0.5444445155389359,0.4149543286113757,0.32222219041679184,0.21593000492409564,in_sample
6491.KL,2009-04-26,96.12376699564236,87.30358385268401,True,0.05263153696855887,-0.0003362043758734501,0.30526324940854166,0.23795051235608572,0.2736843750832492,0.14451885076089177,in_sample
6491.KL,2009-06-07,89.79413484729919,88.9866263714431,True,-0.10606055909463297,-0.10344776635288494,-0.015151483840866425,-0.10757363578327693,0.09848493197991176,0.006648558636118171,in_sample
6491.KL,2009-06-14,89.45703776722674,88.9866263714431,True,-0.1438849520888093,-0.12334648110132135,0.02158274008771862,-0.06531353872460888,0.04316537115132623,-0.03809864190772785,in_sample
6491.KL,2009-08-16,85.83569200321635,93.42486026261433,True,0.05517250461110377,0.038589481399595636,0.18802883465744055,0.14995787371712824,0.14508798303715806,0.08435107503948122,in_sample
6491.KL,2009-08-23,86.56917316245169,93.42486026261433,True,0.1554056184961723,0.10607549005167899,0.14291198229971785,0.06301786278684529,0.11486506688598153,0.022778076726372026,in_sample
6491.KL,2010-03-28,98.77436582838625,84.46078562167706,True,-0.03703716724462309,-0.053491700151693286,-0.15277784162957478,-0.13041517769105157,-0.12037052311388477,-0.12230942446994619,in_sample
6491.KL,2010-07-25,86.93213719317998,77.84643543107691,False,0.10280347492555397,0.06613802411185624,0.10280347492555397,0.012670670580486737,0.1325098220706332,0.025367020003362634,in_sample
6491.KL,2011-01-02,84.4207557516901,88.62611120926857,True,0.0490798161604848,0.04711789583492754,0.01227006124267485,0.03178406403510823,-0.006134730454187203,-0.003922627514609801,in_sample
6491.KL,2011-01-09,94.63376130510544,88.62611120926857,True,-0.011363590331881586,0.014326371983554425,-0.10227255126895901,-0.07072461758435031,-0.06818178027331424,-0.05747713110250509,in_sample
6491.KL,2011-01-16,81.94904668596483,88.62611120926857,True,-0.02247166656588019,0.025538063041875753,-0.14044932966522922,-0.09314027053481486,-0.08426953497120518,-0.07637087691340527,in_sample
6491.KL,2011-07-17,86.32755329573918,81.38661988212998,True,-0.15343894172184697,-0.09410785530264423,-0.0687830503898832,-0.00022701622737725247,-0.17989412040983502,-0.0675467112027499,in_sample
6491.KL,2011-12-18,83.2839628497061,82.31247918361613,True,0.010869461922643034,-0.02790369403067216,0.11412996680220336,0.04903737129568174,0.09239111549979394,0.0154722141409539,in_sample
6491.KL,2012-01-29,83.75872899106753,88.61203632016952,True,-0.04040406627996433,-0.06530379309256477,-0.04040406627996433,-0.08309584785557428,-0.050505183970342336,-0.09715516097932356,in_sample
6491.KL,2012-02-05,92.17107186300966,44.44917889523497,False,-0.028985495097487005,-0.058236136320232064,-0.09661835998000266,-0.13402481825046714,-0.10628023466754431,-0.12514597089089385,in_sample
6491.KL,2013-01-13,89.44174566457086,37.482266219588354,False,-0.12682939887587882,-0.09182618733912766,-0.08292695313926823,-0.06584726509722619,-0.05853669855829684,-0.06207272602299351,in_sample
6491.KL,2013-05-19,86.98364492597973,89.35654318774449,True,-0.03686641363272925,-0.03292663846328318,-0.05990772273474239,-0.06922852464965845,-0.046082795464864185,-0.05483269946997453,in_sample
6491.KL,2014-03-02,81.9380579264685,86.8196173413531,True,0.10377362324801538,0.09556407136560656,0.10849052167015363,0.09469714717944769,0.094339710281178,0.07605749249653541,in_sample
6491.KL,2014-03-09,87.93110876855326,86.8196173413531,True,0.11520751599545033,0.10191793075309587,0.07834111995266087,0.05824574806612805,-0.004608327867081943,-0.027050554897102314,in_sample
6491.KL,2014-03-16,95.00502849393233,86.8196173413531,True,0.030701757227375802,0.004365536260850126,0.017543984671201992,-0.016581157010550008,-0.048245633924963956,-0.08014376602168888,in_sample
6491.KL,2014-03-23,84.3443328362125,86.8196173413531,True,0.03930104715644049,0.021607932547618287,0.013100420720212459,-0.02142892649918232,-0.05240189788504672,-0.08330584100401404,in_sample
6491.KL,2014-03-30,91.98745881657385,86.8196173413531,True,0.004273429191266677,-0.0012649260027221814,-0.008546963587584836,-0.018537610753570598,-0.05555563153698163,-0.07446167974694945,in_sample
6491.KL,2014-04-06,94.2689623361128,48.769404206212954,False,-0.03305787982417065,-0.03977440661305556,-0.10743816029215236,-0.11647076254225525,-0.0578513405558964,-0.07095052054052296,in_sample
6491.KL,2017-02-12,82.49849322958691,68.93215278375908,False,-0.021858226141634986,-0.03282978210670857,0.032786807810242645,0.007606383091129251,0.021857635694735172,-0.01569522139762107,out_of_sample
6491.KL,2018-08-05,87.46582501714283,43.28841695215507,False,-0.01744183131918079,-0.039671083277881686,-0.030044587951752008,-0.037381328703353055,-0.07915638583116258,-0.024647956993495063,out_of_sample
6491.KL,2019-07-14,89.2027236156514,80.970402017383,True,-0.0057142323850054065,0.026871292149925296,-0.011428353667343504,0.02749463436421571,-0.041870151201841996,0.025085978359333697,out_of_sample
6491.KL,2020-01-05,84.78550400418557,31.870604785598555,False,-0.03571425043884607,0.014131190143559423,-0.09523812920703711,-0.015343883377830853,-0.31547618982294157,-0.14897912628142682,out_of_sample
6491.KL,2020-05-17,90.35193976098522,79.5900537562468,False,0.06382978166974675,-0.03776350630674795,0.14184385756314152,0.0076022567253563045,0.15602815178678955,0.031548244889500004,out_of_sample
6491.KL,2020-05-24,88.331537454595,79.5900537562468,False,-0.006944459115325997,-0.056013196775626335,0.11111115379003926,4.880154995098862e-05,0.1319444030992328,0.04297341616625151,out_of_sample
6491.KL,2020-11-22,93.68143627462905,85.48462027672552,True,0.05521465895100888,0.01835819449022457,0.15950922870666306,0.13864020297136895,0.09202464554431888,0.08846697091196594,out_of_sample
6491.KL,2021-02-28,82.31846149663578,73.23822410606773,False,0.03763436273473488,0.02263195807917316,0.02688150016570486,0.007436053351610419,0.02150525638315276,0.031380050269818896,out_of_sample
6491.KL,2021-07-11,85.98420389394828,80.47893373185956,True,0.009852119000588844,0.030094334547362437,0.013878076237033944,-0.031242856127206002,0.055687454875700676,0.05312262794993904,out_of_sample
6491.KL,2021-07-18,88.55365089031153,80.47893373185956,True,0.004830912583959924,0.01623992639039403,0.0045366621845358565,-0.030596798301365698,0.04553821877167601,0.018332577661991367,out_of_sample
6491.KL,2021-10-24,88.94974621681983,92.17006546669184,True,0.0,0.03938083643317129,-0.028571372665041804,0.02562611654884421,0.0,0.02062238735218456,out_of_sample
6491.KL,2022-02-20,96.75413453095094,89.18852843205427,True,-0.08606550475142186,-0.07871075056198226,-0.01639336532159248,-0.007635036738674144,-0.028688591400623645,0.007891685485494175,out_of_sample
6491.KL,2022-06-12,95.22737582852574,76.79425549517879,False,-0.19298237317382066,-0.1473584136456521,-0.16673487324879407,-0.17182212376229916,-0.18168134223171628,-0.17982726575561697,out_of_sample
6491.KL,2023-07-16,82.41170063575673,78.32193700045451,False,-0.0017475919755970976,-0.03366487023002677,-0.04291254240579693,-0.07326470578701906,-0.08922324275599712,-0.09261540556321413,out_of_sample
6491.KL,2023-07-23,88.03465266459698,78.32193700045451,False,-0.030857186787015618,-0.05389891653900265,-0.0762857779756302,-0.10848200380674151,-0.10657138294063817,-0.12823361247690018,out_of_sample
6491.KL,2023-07-30,82.61310473905786,78.32193700045451,False,-0.04549747675535389,-0.04145708274686978,-0.07061595843430822,-0.07053322315026822,-0.11582925471567689,-0.10941015816646206,out_of_sample
6491.KL,2024-05-19,83.18711760002542,92.7801471872729,True,0.02803734947538579,0.033790123074756526,0.03271021837453046,0.03120085718641425,-0.03621497210927728,-0.02349092666186748,out_of_sample
6491.KL,2024-05-26,95.01586689522998,92.7801471872729,True,-0.031249878119839595,-0.013323467807860777,0.008928583036205752,-0.0016617739821398452,-0.09812841475708081,-0.10090722168073034,out_of_sample
6491.KL,2024-09-01,84.55558827238663,29.491746200765004,False,-0.03286394868403568,-0.021719034183423802,-0.05164325560208412,-0.015605610712669436,-0.037558807729037975,0.015467173294366102,out_of_sample
6491.KL,2024-12-08,91.24779087558268,83.09575276045919,True,-0.021276587019936326,-0.031324602477862874,0.008510564511461495,0.04342763009626701,-0.038297891784141905,-0.014401999127625555,out_of_sample
6491.KL,2025-05-25,87.74852628571642,82.63287399096536,True,0.0843882733958541,0.10564686380645981,0.1434600763901684,0.14966050853138063,0.1366572667896078,0.10997985741392281,out_of_sample
6491.KL,2025-06-01,97.88397337556205,82.20472019089623,True,0.03100780405524019,0.017874208461117855,0.015503955385762831,-0.0013422902408972912,0.07755104480045709,0.0184666170750098,out_of_sample
6491.KL,2025-07-06,86.27522847974764,45.47858471590104,False,-0.029411812340484372,-0.018548649465723245,-0.037334982871966606,-0.05341691776590759,-0.0531812227114018,-0.09115083266028344,out_of_sample
0099.KL,2009-07-26,82.74632116238034,,False,-0.038462963165635515,-0.04530626363477846,0.1538462752697985,0.09733526546503517,0.75,0.6627158405524403,in_sample
0099.KL,2009-09-13,80.40188277220095,,False,0.11475379247289758,0.09361637699558496,0.40983708765065474,0.36640346365929466,0.3079222279316042,0.2566758939910916,in_sample
0099.KL,2009-10-11,83.88058887628654,,False,0.2647071462507999,0.24287246643581584,0.17328349700447687,0.14379782934913382,0.37137292556965157,0.33979612773541973,in_sample
0099.KL,2009-10-18,95.48149007057746,,False,-0.08910069818734435,-0.10039150015248238,-0.1801902555402001,-0.1827603204037419,-0.04355700191597722,-0.07236892484122777,in_sample
0099.KL,2013-09-22,89.09289845612598,,False,0.1000006635377177,0.10124383869242526,0.4700019021414574,0.4766395767440529,0.3607754839033122,0.3393972071120916,in_sample
0099.KL,2013-09-29,90.82436256789059,,False,0.05769230087589052,0.03437800975769181,0.3076913970189736,0.2973544988801513,0.3865519559995364,0.35171838586701065,in_sample
0099.KL,2013-11-10,87.80104412142141,,False,-0.11143562559860215,-0.12388795033832466,-0.06466809417687008,-0.08143747377273812,-0.05130684313390906,-0.05105749086802351,in_sample
0099.KL,2014-03-02,83.2594494448531,89.68671928337976,True,0.15521829034653933,0.1470087384641305,0.25847837424742937,0.24468499975672342,0.39400697752509267,0.3757247597404501,in_sample
0099.KL,2014-03-23,98.67402917710046,89.68671928337976,True,0.10285711467222196,0.08516400006339975,0.13714308909089468,0.1026137418714999,0.2224314567558874,0.19152751363692008,in_sample
0099.KL,2014-03-30,86.55619277129921,89.68671928337976,True,0.0893857764924362,0.08384742129844734,0.206704385806532,0.19671373864054623,0.2520230058716261,0.2331169576616583,in_sample
0099.KL,2014-04-06,95.60996177945309,81.8795642751947,True,0.015873234537458286,0.00915670774857337,0.1534387466123738,0.14440614436227092,0.14265928600017758,0.129560106015551,in_sample
0099.KL,2014-04-13,91.36495257363367,81.8795642751947,True,0.005102523712256561,-0.0024865300072850795,0.10185078296525091,0.09643159282406943,0.1434293807960376,0.1260219777080342,in_sample
0099.KL,2014-08-24,92.64532949069502,79.51896132567975,False,0.42551551912850577,0.43700676179266706,0.4413532625362918,0.48554373499855646,0.5522272331963738,0.5827992573495921,in_sample
0099.KL,2014-08-31,93.61956052792304,79.51896132567975,False,0.4280581437025268,0.44178187143164976,0.3910617719806891,0.4163818229803082,0.47245362754307724,0.5029877230229937,in_sample
0099.KL,2014-09-07,96.41205508082048,86.26286134710354,True,0.29943978115918396,0.31423272038522393,0.38788393561077167,0.39500741526872446,0.3899910140126028,0.4154504550943342,in_sample
0099.KL,2014-09-14,83.77392066997345,86.26286134710354,True,0.2133333138448322,0.2385321721344256,0.3666662220852343,0.3836145919166242,0.27340990730842546,0.33067856862869965,in_sample
0099.KL,2014-09-21,99.05246569064154,86.26286134710354,True,0.011110186592334342,0.04418953925910494,0.08888834415870386,0.10819093641947677,-0.059719108526721645,0.0032712296828063953,in_sample
0099.KL,2014-09-28,96.96136388864046,86.26286134710354,True,-0.025906768491874742,-0.014149085987969554,0.031088008591475307,0.04813228738375322,-0.08546987186555244,-0.017819771476731472,in_sample
0099.KL,2015-01-25,88.60997696272375,71.10602527060783,False,0.15340858557720352,0.1507519984156552,0.08454810045004382,0.08423193678938046,0.3427742434615938,0.3190481579082488,in_sample
0099.KL,2015-04-19,95.1188484676663,85.3795720536686,True,-0.08974391440600171,-0.0713568527244052,-0.05523149573670292,0.005168529790228159,-0.10699959616423166,-0.03642001248467003,in_sample
0099.KL,2016-02-14,86.98314674341036,77.51485029156925,False,0.05022830142803529,0.01810640310967873,0.10550364776527117,0.06008281805786593,0.07786582555213294,0.07444679629533049,in_sample
0099.KL,2016-02-21,93.90601193166066,77.51485029156925,False,0.042967302085504006,0.018213313252494527,-0.012600342635638901,-0.044310068225967676,-0.016874989626881224,0.010959837334617663,in_sample
0099.KL,2017-03-19,80.52658723994408,77.82708659205248,False,0.02678561939249566,0.03492793049441738,0.035714005160421954,0.01814006245848798,0.04460422240034202,0.019569805314079047,out_of_sample
0099.KL,2017-03-26,94.94083814517627,77.82708659205248,False,0.021459359786452144,0.015559288855262112,0.008583690605802732,-0.004321954129626167,0.0302271433727149,0.004129444049358177,out_of_sample
0099.KL,2017-04-02,93.73445869392113,54.221377997124584,False,0.0,-0.016073934867069848,-0.029166707279130802,-0.04767729215721096,-0.01663078249968236,-0.039250294205795455,out_of_sample
0099.KL,2018-02-25,88.25301498605927,79.5993475248297,False,-0.0051283659277529346,-0.007126738585891532,-0.0051283659277529346,-0.019229896951121185,0.03076887638576133,0.03452928465865953,out_of_sample
0099.KL,2019-12-29,92.72186241681841,91.88924113782446,True,-0.10400015392941729,-0.08053083044229041,-0.1520002361022641,-0.10269591357730846,-0.47195887769830386,-0.281143001198194,out_of_sample
0099.KL,2020-01-05,86.45501244908534,20.687122481449848,False,-0.2637794258102388,-0.2139339852278333,-0.24015725803724342,-0.16026301220803715,-0.4322995534933989,-0.26580248995188416,out_of_sample
0099.KL,2020-05-10,92.83877969382615,79.14547646863257,False,0.05319120820786524,-0.07269943143485805,0.021276521173412288,-0.10195195767713051,0.08577825801585158,-0.07441730739262488,out_of_sample
0099.KL,2020-05-17,81.72157589241364,79.14547646863257,False,0.01587286930158546,-0.08572041867490923,-0.0001670600225083464,-0.13440866086029357,0.06399341106979473,-0.060486495827494824,out_of_sample
0099.KL,2020-05-24,92.42631950141492,79.14547646863257,False,-0.019941858618092913,-0.06901059627839325,0.005448215286878993,-0.10561413695320927,-0.04533193252306482,-0.1343029194560461,out_of_sample
0099.KL,2020-05-31,89.9061898984429,79.14547646863257,False,-0.06873066334382372,-0.07883757978600088,0.06996887279030377,-0.009012960131170866,-0.0984519675736481,-0.16895595204144886,out_of_sample
0099.KL,2020-10-18,84.8965347558157,48.666584918679625,False,-0.04166664397943484,-0.09875381916905562,-0.020917355496399354,-0.14110300978294787,-0.047379107455260326,-0.13339223287142113,out_of_sample
0099.KL,2022-02-20,85.14393449644518,75.95150242659624,False,-0.03200023365764173,-0.024645479468202135,-0.007596540383774871,0.0011617881991434634,-0.0726723402367501,-0.036092063350632274,out_of_sample
0099.KL,2022-12-04,80.05184804334148,72.35797264320438,False,-1.408502084794361e-07,-0.009238864669307168,0.07407389931548207,0.06344493489315274,0.06481475873556514,0.08168613083450058,out_of_sample
0099.KL,2023-01-15,92.09501748174598,87.7693900873167,True,-0.008695739591574448,0.0049762690477273535,-0.008695739591574448,0.03274160415952273,-0.052950306676971905,-0.00747296581957705,out_of_sample
0099.KL,2023-01-22,85.44471751384391,87.7693900873167,True,-0.017241357831103237,-0.0016248385807397705,-0.06111442485564995,-0.002060764540206643,-0.052339758996171666,-0.008882684164894725,out_of_sample
0099.KL,2025-01-19,85.77925120159914,69.6656643233268,False,-0.03448274815637318,-0.050363062027426124,-0.11776831101296373,-0.08293761547739066,-0.17619423410092827,-0.10473286063847491,out_of_sample
0099.KL,2025-05-18,95.41842564899264,78.1736263088351,False,0.037118331669608734,0.07124590580572293,0.12511623019066148,0.14781707556106866,0.1942574361714886,0.20365461735885937,out_of_sample
0099.KL,2025-05-25,97.59046118752092,78.1736263088351,False,0.006126460141043013,0.02738505055164872,0.05292302920927585,0.05912346135048809,0.16406495580434116,0.13738754642865617,out_of_sample
0099.KL,2025-08-03,92.07990321566176,40.92131843100693,False,-0.01587307945331589,-0.04311410087459218,0.018483753385206452,-0.03088532376449012,0.02920452994766296,-0.02291667213783793,out_of_sample
0099.KL,2025-08-10,80.68474968089909,40.92131843100693,False,-0.03157894097050926,-0.0451758042641137,0.029120045749903276,-0.02102836919727731,0.029120045749903276,-0.004387157039952766,out_of_sample
0099.KL,2025-08-17,96.77808125361435,40.92131843100693,False,-0.03269632152439217,-0.04778826842565587,-0.03269632152439217,-0.061820771310067905,-0.02251427731356314,-0.049659461721948336,out_of_sample
0099.KL,2026-04-19,87.7292652899622,80.48505712522602,True,0.07228920591391526,0.04573791680944753,0.1336727038432852,0.14050369016446246,0.1520565677580727,0.15425096891712897,out_of_sample
0099.KL,2026-04-26,84.91924218988429,80.48505712522602,True,0.08875737776813401,0.0932157534539786,0.12558659068756609,0.1304169943801729,0.10150989519292698,0.09505187784037138,out_of_sample
0161.KL,2016-08-07,86.82804584620618,,False,0.04444255783162057,0.03978521797316004,0.06023438967864326,0.06713926574211125,0.06023438967864326,0.05649050111676713,in_sample
0161.KL,2016-08-14,96.02744085674554,,False,-0.04578727245101412,-0.04714695950916928,-0.005181762388554182,0.0059633370735797395,-0.06608891551606629,-0.04476656675905394,out_of_sample
0161.KL,2017-03-12,90.54842391030176,,False,0.2558143004829871,0.2417596332965537,0.20930189818558906,0.18300907029103158,0.046512402297398024,0.011946328730982253,out_of_sample
0161.KL,2017-03-19,92.76842639258196,,False,0.06382957648411186,0.07197188758603358,0.08510796094669187,0.0675340182447579,-0.042551608208369764,-0.06758602529463274,out_of_sample
0161.KL,2017-03-26,90.29235345648907,,False,0.0,-0.0059000709311900325,0.08163418794192863,0.06872854320649974,-0.12244880687702289,-0.14854650620037962,out_of_sample
0161.KL,2017-10-22,86.31764151713031,,False,-0.04347907436076056,-0.032569362489893575,-0.13043458663127133,-0.1375698072102506,-0.10869628262958943,-0.15581662180222672,out_of_sample
0161.KL,2021-03-14,98.43766868463472,,False,-0.3291141224479124,-0.32698503733195505,-0.3291141224479124,-0.31163552738418643,-0.40506489524236255,-0.3820159244714222,out_of_sample
0161.KL,2021-08-01,90.50209863390596,,False,0.0,-0.06393687953613607,-0.1940278689522495,-0.21909148705723894,-0.1453219722764403,-0.2078671228155352,out_of_sample
0161.KL,2021-08-08,85.83385514481057,,False,-0.10145029469143785,-0.1681638732393141,-0.2997706882948634,-0.32304893403522583,-0.2479020015851024,-0.2965729690902124,out_of_sample
0161.KL,2021-08-15,86.77941366949032,,False,-0.22535316036748712,-0.27243276653660775,-0.269087057844939,-0.3081473521986223,-0.09265961354276489,-0.11034602541715666,out_of_sample
0161.KL,2022-02-06,93.2627563912982,,False,-0.09999993441394377,-0.15331098219560949,0.15000001093100937,0.09769365674304918,0.24999983603485942,0.1989937395736928,out_of_sample
0161.KL,2022-02-13,90.28711501206767,,False,-0.17187498558900025,-0.16511704561451232,0.07812509126966519,0.060137755767777065,0.21874990712911263,0.22796527279305015,out_of_sample
0161.KL,2022-10-30,93.77707226706967,95.48237380523535,True,0.016806563366982837,-0.010298879752003727,0.29411750440997303,0.275206563416596,0.27731072058567574,0.2406773142563829,out_of_sample
0161.KL,2022-11-06,91.14916173335422,34.91501569502818,False,-0.0476190178748035,-0.07787739499523492,0.2222222222222222,0.1824455724932623,0.2698413442018801,0.22863238744522887,out_of_sample
0161.KL,2024-06-23,89.86711077776813,82.03919845900158,True,0.1604938187571565,0.13145651683828152,0.012345695819020348,-0.008737466841128,-0.012345620188984333,-0.051191944935146755,out_of_sample
0161.KL,2024-06-30,91.93501177863766,82.03919845900158,True,0.022727233173859242,0.008394686241055455,-0.056818256969667434,-0.08552733972305245,-0.06818183874959319,-0.11769474818307543,out_of_sample
0161.KL,2024-07-07,83.66093368775863,76.4500618612537,False,-0.03370784274018971,-0.03372648266800621,-0.067415754312211,-0.10948849610011044,-0.011235901692175514,-0.04169483186943062,out_of_sample
0161.KL,2024-07-14,96.777370472638,76.4500618612537,False,-0.13265304782937473,-0.11844109216813103,-0.16326533291267908,-0.18430219089867658,-0.09183679273937613,-0.09857521609276977,out_of_sample
5001.KL,2002-01-06,87.97717440392944,,False,0.09000018549902963,0.053444836757121215,0.0,-0.03475281935663079,0.19000030234881207,0.09968636298773129,in_sample
5001.KL,2002-01-13,84.6155458050131,,False,-0.019607991951113266,-0.030816465336827355,0.0,-0.06342459639433831,0.1666667859985342,0.08362740458722293,in_sample
5001.KL,2002-01-20,82.61471229865123,,False,0.0,-0.03357042673667044,0.029126080044924764,-0.04690498966445029,0.2524268306344914,0.14122188679840145,in_sample
5001.KL,2003-01-26,89.60635870222704,,False,-0.07207206976646578,-0.05066089562658731,-0.08108104649698678,-0.026297154536359335,-0.02702699417213743,0.022613430355342263,in_sample
5001.KL,2003-06-01,93.45410755488444,,False,0.08547001698858048,0.055699085614815014,0.2930755934773757,0.23488894640129737,0.549919403182937,0.442854274566525,in_sample
5001.KL,2003-06-08,81.42878203338607,,False,0.2118643894381851,0.14798250267753127,0.40506019655738695,0.34423002280102627,0.5016582806723545,0.41108800937902656,in_sample
5001.KL,2003-06-15,96.42102243123209,,False,0.12598413660592261,0.07676243348320749,0.24837373369092328,0.20160152245942484,0.4034007206973451,0.30695758391460043,in_sample
5001.KL,2003-08-03,92.90363793546656,,False,0.06875013921228974,0.040715399748140965,0.25,0.2234589980655276,0.35000017133820277,0.23741845262582056,in_sample
5001.KL,2003-09-21,88.22550741235723,,False,0.10000017133820277,0.05044159503203506,0.08000013707056221,0.015418121318394956,0.03000008566910138,-0.03419226369769279,in_sample
5001.KL,2004-01-11,90.82675852690606,,False,0.049586800264761394,0.06170184497780956,0.2561983358729145,0.18262361904840496,0.14049572640084118,0.06547931629770432,in_sample
5001.KL,2004-02-29,81.50657284976694,,False,-0.03092791954609018,-0.048988978027494606,-0.03092791954609018,-0.026674256978515148,-0.1821305793364316,-0.08237401467640111,in_sample
5001.KL,2004-03-07,90.1405255148286,,False,-0.09210536757451858,-0.0934482580655425,-0.08881567437808748,-0.03471647997462854,-0.20723687414218184,-0.11954289475755174,in_sample
5001.KL,2005-07-03,85.38343987216348,,False,0.0025398342427190713,-0.045971378224231196,-0.08298488021575182,-0.1102325758147104,-0.38232141143704296,-0.41349520453823124,in_sample
5001.KL,2006-01-15,88.64460692397545,,False,-0.07499993287765315,-0.084222405648103,-0.1583333467578027,-0.16936525517896736,-0.09999994630212251,-0.13488315356931513,in_sample
5001.KL,2006-07-09,86.14339363567323,,False,-0.0892856855189942,-0.10271538506150749,-0.12499997123327992,-0.16295537658298936,-0.16071425694756564,-0.20608137560560463,in_sample
5001.KL,2006-10-15,96.49156211907366,,False,0.05357145733814865,0.01416277987557639,0.0,-0.11697540553839104,0.09821430009764576,-0.04093616601885597,in_sample
5001.KL,2007-01-07,86.48017121004641,,False,0.016260136194579732,-0.06324714166474894,-0.024390256680042067,-0.06391188139620735,-0.09756092194382332,-0.21044022214668184,in_sample
5001.KL,2007-01-14,89.49491416909756,,False,-0.007752075060738541,-0.11633492715458697,-0.07751935196504753,-0.13961006938403564,-0.11627902794757129,-0.2588554747114314,in_sample
5001.KL,2007-02-25,92.44468896173862,,False,-0.20833326621098647,-0.1710749373208565,-0.20833326621098647,-0.2331877818149524,-0.23611099924053303,-0.2932763375748558,in_sample
5001.KL,2009-08-02,81.47167719231076,92.46758976820742,True,0.33846169112602387,0.3389979111189775,0.18461547681868767,0.14845070590078316,0.24615390359196937,0.16767918297235215,in_sample
5001.KL,2009-08-09,87.36558977394179,92.46758976820742,True,0.18840573137484581,0.1935877030708276,0.04347825282140969,0.02544267535438927,0.20289845146405286,0.1536529790571584,in_sample
5001.KL,2009-08-16,97.15667668945018,92.46758976820742,True,-0.12765956001310125,-0.14424258322460937,-0.17021279197641775,-0.20828375291673007,0.0,-0.060736907997676844,in_sample
5001.KL,2009-11-15,93.08930203851928,76.01173430060484,False,-0.2982455619468714,-0.28962218963432773,-0.11403505626980916,-0.13136055841623975,0.01754382033726145,0.03568753629384262,in_sample
5001.KL,2010-01-17,80.62621556252013,81.39481845543379,True,-0.018518536038989952,0.016280970295256054,0.12037039555604806,0.110652091297349,-0.13888887246344692,-0.16614943832156623,in_sample
5001.KL,2010-01-24,82.73310807958126,81.39481845543379,True,-0.044247854628579074,-0.011351619607760148,0.09734507672835181,0.10030557173430585,-0.21238945355054137,-0.23724244257195692,in_sample
5001.KL,2010-01-31,83.73610275489071,81.39481845543379,True,-0.025861956960013283,-0.03509032730354761,-0.13793100600678304,-0.1823891995240349,-0.24137927427525852,-0.3030235395077991,in_sample
5001.KL,2011-03-27,84.64519988361124,79.17020127251445,False,0.007092228133972402,0.0023415099525159414,-0.05673755331807648,-0.07354991823367395,-0.19858148190555144,-0.23017397528433162,in_sample
5001.KL,2011-04-03,89.93444700043723,32.359705201455185,False,-0.1528662943735932,-0.13973120606925515,-0.22292994822368953,-0.21862870771940096,-0.2611465828318463,-0.26711298928412297,in_sample
5001.KL,2011-11-06,93.16672095115787,53.38336339717353,False,-0.03157887731468255,-0.03936901727282118,-0.105263058828844,-0.14128309954015342,-0.03157887731468255,-0.060945862554478245,in_sample
5001.KL,2012-10-28,93.02940978456895,74.04444450395813,False,-0.14893610805633536,-0.11450198388849604,-0.13829790197314246,-0.1304983224863052,-0.11702128599148419,-0.1197427130697895,in_sample
5001.KL,2013-03-17,88.61077598056166,68.39037275734829,False,-0.02439018881613886,-0.06794405454224624,-0.02439018881613886,-0.1133164802145708,-0.060975627801609686,-0.15187407576329331,in_sample
5001.KL,2013-05-19,83.30354749876743,71.6616091425053,False,-0.11904758465475339,-0.11510780948530731,-0.05952375431420939,-0.06884455622912546,-0.13095232031232834,-0.13970222431743867,in_sample
5001.KL,2013-11-10,87.11340748566862,41.97822375948551,False,-0.13157890093128613,-0.14403122567100862,-0.14473693387388695,-0.16150631346975497,-0.15789471472918387,-0.15764536246329833,in_sample
5001.KL,2014-02-23,88.17015945251406,65.71058622960416,False,-0.0799999080385465,-0.07439561151345038,-0.0799999080385465,-0.09198956866155224,-0.0799999080385465,-0.10873144603220967,in_sample
5001.KL,2014-07-06,95.6862228163388,83.55680732382785,True,0.011904887710244175,0.023348440966494036,0.20238103836311652,0.21235501509793017,0.3095239633866296,0.333084787709481,in_sample
5001.KL,2014-09-14,95.11926113168829,93.16499402301774,True,-0.21428564912028214,-0.18908679083068874,-0.16071422258527332,-0.14376585275388343,-0.2946427889227954,-0.2373741276025212,in_sample
5001.KL,2014-09-21,85.20415201030369,93.16499402301774,True,-0.2389381211155728,-0.20585876844880222,-0.2035399165339126,-0.18423732427313969,-0.3274336608272958,-0.26444332261776776,in_sample
5001.KL,2015-01-18,80.46752203630672,77.02373434026454,False,0.30232550195626007,0.26941600784336966,0.6162791077600496,0.5943814753810341,0.6976744980437399,0.6398964246609666,in_sample
5001.KL,2015-01-25,93.31523058228821,77.02373434026454,False,0.18085106599803483,0.1781944788364865,0.45744673406747144,0.45713057040680805,0.5106383079908291,0.4869122224374841,in_sample
5001.KL,2015-02-01,92.37520542145569,86.87811579254053,True,0.3636364457364231,0.3412085290073368,0.39393947212992675,0.3759129149874984,0.41414131770642365,0.36848827107469556,in_sample
5001.KL,2015-02-08,94.63707685418876,86.87811579254053,True,0.36792467209964613,0.369295251145681,0.3396226676544811,0.3257619820627237,0.20754724938320337,0.20266724318739812,in_sample
5001.KL,2015-02-15,94.257523329791,86.87811579254053,True,0.24107153344704593,0.25173254663032824,0.30357156908439165,0.27949532676923977,0.22321431524237215,0.21949401572054048,in_sample
5001.KL,2015-07-12,94.16652099053505,90.41295775003029,True,-0.10638301196986713,-0.08718837663712878,-0.15425527903635597,-0.08056595815752768,0.0053191709800206,0.05590259434090546,in_sample
5001.KL,2015-07-19,96.29461425077488,90.41295775003029,True,-0.30909094603593346,-0.23385623322668392,-0.1818182820975337,-0.11051008320393091,-0.15909091700770003,-0.14739832949568552,in_sample
5001.KL,2015-07-26,89.68980333553914,90.41295775003029,True,-0.27391297780530205,-0.1890144649439934,-0.17826078892268707,-0.14844253518448064,-0.1956520556051397,-0.19336233277673717,in_sample
5001.KL,2015-11-01,84.03819596962127,44.476010686863475,False,-0.017856990125661273,-0.027990810105528622,-0.02678559922799816,-0.025464870395568762,-0.15624991803410487,-0.13193596125305418,in_sample
5001.KL,2016-10-30,83.01751595265759,86.3023461474092,True,0.16981136395088184,0.19556169728782066,0.22641501135751646,0.2582182494543694,0.48113220790204564,0.48435324690765647,out_of_sample
5001.KL,2016-12-18,94.54688075300385,91.6973480399655,True,0.10071938149125122,0.07952621258092582,0.38848916103646286,0.3511523224397687,0.48057557870335277,0.43185754092736245,out_of_sample
5001.KL,2017-02-05,94.81462557324487,94.39943609684832,True,0.1421053176441358,0.1282359667312364,0.15499995361593374,0.12231174658127714,0.21578956638158167,0.16650199636905885,out_of_sample
5001.KL,2017-02-12,83.27909346494276,94.39943609684832,True,0.06632130826152816,0.05534975229645458,0.3056996313666646,0.2805192066475512,0.1805699796812572,0.14301712258890098,out_of_sample
5001.KL,2017-09-03,81.9445477234155,88.38784539748877,True,0.1584157175690537,0.16833026435903536,0.18811874891967342,0.20336273636346883,0.07920785878452685,0.11075044525885616,out_of_sample
5001.KL,2017-09-10,95.75274387159841,88.38784539748877,True,-0.016666674776141987,-0.007733575053702948,-0.008333377935447603,0.013561093758800389,-0.20416666463929783,-0.16931075239056162,out_of_sample
5001.KL,2018-07-29,88.31071600674215,74.02101240512424,False,-0.05154639276615404,-0.07384533510267367,-0.13402064085538887,-0.1574783658835839,-0.26804123255230683,-0.24712711626210884,out_of_sample
5001.KL,2019-06-23,83.7656220595253,75.71546452448125,False,0.07142858967489157,0.08571916786075966,0.08928571580624096,0.1386309365723662,0.07142858967489157,0.11956706147063563,out_of_sample
5001.KL,2019-06-30,92.80522528654505,75.71546452448125,False,0.0,0.014454644001802004,0.15000001589457193,0.1875569335054883,-0.0666666825612386,-0.021981179349805244,out_of_sample
5001.KL,2019-07-07,86.87825541192085,55.421705883327924,False,-0.01639342724524056,0.016753095289371286,0.04918035990574884,0.09101617467444767,-0.0655737871509894,-0.007096367470370422,out_of_sample
5001.KL,2019-08-25,96.27294789314844,72.29746581002149,False,-0.18840582214015708,-0.18099906143819267,-0.14492753422878743,-0.12120341755713604,-0.14492753422878743,-0.1358678904933097,out_of_sample
5001.KL,2020-06-21,89.08266733083599,59.22099311426394,False,0.058823567910728604,-0.00027038118363677255,0.13725496062587217,0.09921908381414533,0.3137254773630905,0.31532442788527826,out_of_sample
5001.KL,2020-06-28,94.44364174168386,59.22099311426394,False,-0.018518500530834543,-0.086704269144211,0.09259259095734859,0.032799843236784886,0.35185186329855983,0.3394269637243466,out_of_sample
5001.KL,2020-08-23,82.1971402085843,86.78725042639331,True,0.23728814792167296,0.28198353600413606,0.508474487232362,0.5549389474660489,1.1694915226840727,1.1615213325095906,out_of_sample
5001.KL,2020-08-30,91.71472330736856,86.78725042639331,True,0.27419360296783457,0.28472982204627856,0.5161290173724088,0.5361721242704729,1.1935485161057908,1.1486104152423724,out_of_sample
5001.KL,2020-09-20,87.93308198722707,94.47197330798404,True,0.21917799808089378,0.22102983897975934,0.7534246378487198,0.6982950199237814,1.1369862977906764,1.0188750491130583,out_of_sample
5001.KL,2020-09-27,91.86854835724705,94.47197330798404,True,0.18987335507026679,0.19948147615860587,0.7215190148471999,0.6654539814306201,1.126582156234667,1.031594299445692,out_of_sample
5001.KL,2020-10-25,85.60781577268419,96.1880909632768,True,0.44680860993440547,0.38049833831032165,0.7872340339187474,0.6816233356643813,0.8936170169593737,0.8050538888349584,out_of_sample
5001.KL,2020-11-01,84.5911133315098,99.08396876129463,True,0.4226804600092398,0.3267632816476461,0.7113402791630908,0.592531079048218,0.7628866719292449,0.6743660778224958,out_of_sample
5001.KL,2020-11-08,96.05801910035773,99.08396876129463,True,0.4766355581664247,0.4093762336209692,0.6915888508518406,0.6208023848124159,0.5794392448396637,0.5486687930781373,out_of_sample
5001.KL,2020-11-15,98.60350420077846,99.08396876129463,True,0.21875001164153202,0.1590591170986017,0.2968750104773788,0.2695111838172443,0.42187503841705565,0.4288323300469277,out_of_sample
5001.KL,2020-11-22,93.82150231012963,99.08396876129463,True,0.23529402689950532,0.19843756243872102,0.3088234366017668,0.28795441086647267,0.3529411104723675,0.3493834358400145,out_of_sample
5001.KL,2020-11-29,84.00830685696474,99.08396876129463,True,0.20289856174166912,0.1820101020977543,0.23913044529886598,0.2458796635800345,0.3695651708193078,0.383660750283697,out_of_sample
5001.KL,2020-12-06,99.4277761014569,96.47259677599679,True,0.14556963056769998,0.14226477165211127,0.0696202161086334,0.10380953818316264,0.1075949233381667,0.134786079271073,out_of_sample
5001.KL,2021-05-02,89.03478732067514,21.478045590465843,False,-0.17073173568335223,-0.16623007620849273,-0.13821144199818802,-0.11200723379828553,-0.11382112481619479,-0.06499018059264358,out_of_sample
5001.KL,2021-05-09,92.19666522641012,21.478045590465843,False,-0.2348485224776783,-0.22917905239872802,-0.20454552227800274,-0.1704657230717347,-0.18181818181818182,-0.1233281642164335,out_of_sample
5001.KL,2022-01-09,81.36636576034208,73.7554036263731,False,-0.008695644061371431,0.004491993747414585,0.060869612089853954,0.02144924890632574,0.1304347645808254,0.09200584545578011,out_of_sample
5001.KL,2022-04-24,82.6196387150987,80.36555753211708,True,-0.22929936450820665,-0.19630874885843827,-0.2993630655465043,-0.2087059476699397,-0.3057324860109422,-0.19116727401990763,out_of_sample
5001.KL,2022-11-20,83.97884020098216,72.82524252663784,False,0.007692300638503318,-0.012468943156046405,0.0,-0.031538987043441796,0.007692300638503318,-0.009743476462303911,out_of_sample
5001.KL,2023-05-21,85.86250888916608,67.58663659972329,False,-0.03076920255401327,-0.002817550784321065,-0.03076920255401327,-0.019253898262659212,-0.007692300638503318,-0.02772673743032736,out_of_sample
5001.KL,2023-08-13,84.55748089389569,67.4951923785307,False,0.0,0.0015167057536385649,0.0,0.027642831502409933,0.0077519308209066115,0.01271362363374864,out_of_sample
7095.KL,2003-05-25,88.01370592030032,,False,0.06727947263859965,0.01879127616331238,0.10285338644432493,0.002005282099414779,0.06219620636526389,-0.05707309719367609,in_sample
7095.KL,2003-06-01,82.67915760461644,,False,0.04694948153748744,0.017178550163721974,0.04694948153748744,-0.011237165538590894,0.02700650518359223,-0.08005862343281975,in_sample
7095.KL,2003-06-08,94.20639397429477,,False,0.046949345626431056,-0.016932541134222788,-0.04265557535807118,-0.10348574911443187,-0.009642525747935112,-0.10021279704126305,in_sample
7095.KL,2003-10-26,92.28491294549228,,False,-0.10454474128839437,-0.07973211352166593,-0.06818177270031021,-0.025070510077661173,-0.09090830434654144,-0.10686995044673081,in_sample
7095.KL,2004-03-07,85.93962375047646,,False,0.10144947481223723,0.10010658432121332,0.07729308344046355,0.1313922778439225,0.08323991303138616,0.17093389241601625,in_sample
7095.KL,2004-03-14,90.61273123615747,,False,0.04672986432386845,0.04838037696605697,0.0420560549738052,0.09765493955294552,0.06263565283571985,0.1550328961760014,in_sample
7095.KL,2006-03-05,94.85251615725035,,False,0.004063540231338035,-0.006515252353169661,0.14634138033580338,0.11111514927021127,0.056909811395984604,0.041837769435737165,in_sample
7095.KL,2006-04-30,93.22309784302092,,False,-0.07801477855891512,-0.05854638749564066,-0.07420421318927574,-0.029020269892308576,-0.0513450304464726,-0.025524091085158462,in_sample
7095.KL,2006-12-03,94.51497628356314,,False,0.0,-0.014933668887027633,-0.016668308354641576,-0.09978950019109395,0.053331654093551374,-0.13494545482084436,in_sample
7095.KL,2007-02-11,85.18196280005402,,False,0.019354676394741806,0.061293025510505014,0.12258185350581098,0.09191784440102836,0.2580662655233383,0.15932100632694415,in_sample
7095.KL,2007-06-24,86.65465555198809,,False,0.026596354623294773,0.03321475060264202,0.010638987372494184,0.154375849464361,0.026596354623294773,0.09994512631907276,in_sample
7095.KL,2007-12-23,86.86464001502289,,False,-0.07563042954234114,-0.10122957039893106,-0.16974788180982822,-0.18658355810869295,-0.17310887225327062,-0.024401240189019957,in_sample
7095.KL,2008-05-25,80.4942323707108,,False,-0.11397032479663162,-0.06054151058063732,-0.1360290906830347,-0.002876714325211027,-0.1176462700244632,0.02334274481591117,in_sample
7095.KL,2008-12-21,81.04961699248626,66.5786681917338,False,0.05494596408952091,0.032045523959477865,0.027472827885481443,-0.010683266945487255,-0.12087865444848182,-0.08328165389036254,in_sample
7095.KL,2009-01-25,80.48688105602155,74.17344624465841,False,-0.08205263331057762,-0.1015555719069124,-0.17948776731202776,-0.16130262130051146,-0.010257046779718764,-0.11622821662242502,in_sample
7095.KL,2009-05-10,92.34155972253967,84.27119799729871,True,0.0009235843814169687,-0.04652569327592876,-0.0138684743742956,-0.058580984161629004,-0.004006705105279947,-0.14826349905424102,in_sample
7095.KL,2009-05-17,86.76417105606612,84.27119799729871,True,-0.0024216680041050033,-0.07729768066043985,-0.02663383888780799,-0.07943354174305398,-0.0024216680041050033,-0.17070040634490757,in_sample
7095.KL,2009-08-16,86.81670856241861,71.76630082505521,False,-0.01666717028180223,-0.03325019349331036,0.019047326575475105,-0.019023634364837203,-0.023809938275396243,-0.08454684627307309,in_sample
7095.KL,2011-03-20,83.54692313876537,81.51415117545015,True,0.04691262406477745,0.03491046527523857,0.07160460198064296,0.04710149654939114,0.022259167542485723,-0.012517263079695504,in_sample
7095.KL,2011-03-27,95.0319919373735,81.51415117545015,True,0.01428578453493637,0.00953506635347991,0.01428578453493637,-0.0025265803806610986,-0.016844898850036445,-0.048437392228816614,in_sample
7095.KL,2011-04-03,86.91729198392477,58.11065288882535,False,0.004718033111213028,0.017853121415551086,-0.023548724082217486,-0.019247483577928923,-0.028687691657449124,-0.03465409810972584,in_sample
7095.KL,2011-04-10,90.6854503880926,58.11065288882535,False,-0.006976822204054223,0.019983216382168885,-0.03210666822730177,-0.0336219173565802,-0.0397080400492073,-0.05604840263994551,in_sample
7095.KL,2011-10-30,80.79111977518801,67.06789316134696,False,0.04166668354381568,0.0755911138275549,0.0833332050670008,0.07366261171260105,0.10555482061197298,0.07799405792086381,in_sample
7095.KL,2011-12-25,84.46319162431206,74.17467760223504,False,0.020512262931696855,0.0027934450771791436,0.0820506968595388,0.04127938448804754,0.21538466830496963,0.16508891001063003,in_sample
7095.KL,2012-01-01,84.2564723577026,81.43131310638987,True,0.03316370011263003,0.03958544410413224,0.0765305397455152,0.05821245659546584,0.2474499404933417,0.21145405860105368,in_sample
7095.KL,2012-01-08,86.55133499068715,81.43131310638987,True,0.03797494990113124,0.021701568772048777,0.11645640966499506,0.07045638048027975,0.23797586542094937,0.18368729646927806,in_sample
7095.KL,2012-01-15,91.00099027639317,81.43131310638987,True,0.06250068352535475,0.03716364107064071,0.1600007086790878,0.12327878802980295,0.2350006102514367,0.18523267345194125,in_sample
7095.KL,2012-03-11,91.16626368446195,96.22166553997022,True,0.0646550480626452,0.05207113728545236,0.07758627137492471,0.06996116747213814,-0.014890221495391659,-0.011463980722948656,in_sample
7095.KL,2012-03-18,91.80636462046289,96.22166553997022,True,0.04008343529866629,0.01989763269569597,0.04641269992450043,0.03819078209691383,-0.02876926720257763,-0.02827287590516381,in_sample
7095.KL,2012-03-25,95.0421512651695,96.22166553997022,True,0.0020437855209046833,-0.001752346282675901,-0.030675092135549815,0.0029792066203926104,-0.04071504164476158,-0.036553198465586634,in_sample
7095.KL,2012-08-26,80.86213009551248,69.23826382768647,False,-0.04347774540449371,-0.028601078474660403,-0.0391303660539325,-0.05013011439157598,-0.04782518287121494,-0.03633403378741256,in_sample
7095.KL,2013-01-13,90.82369135208207,43.07025157364401,False,-0.04241008079463212,-0.007406869257880956,0.004464960230442168,0.021544648272484212,0.037947030094920384,0.03441100263022371,in_sample
7095.KL,2013-03-17,82.91738595477645,80.72374944075729,True,0.021928662843086043,-0.021625202883021336,0.0307012066967183,-0.05822508470171364,0.04670584048715771,-0.044192607474525934,in_sample
7095.KL,2013-10-27,91.62888540855708,91.34833352974947,True,0.2584495891193047,0.271131316612034,0.33598463470881573,0.32472780079736935,0.5049697622718414,0.5074785716482,in_sample
7095.KL,2013-11-03,97.64101892551726,97.24257267485524,True,0.28731424425424734,0.2860383252746643,0.26305993538833317,0.23508283436822505,0.35261231331447934,0.3569428725483589,in_sample
7095.KL,2013-11-10,98.8609654072746,97.24257267485524,True,0.1167510759328344,0.1042987511931119,0.1912008940534792,0.17443151445761118,0.24365493390547346,0.243904286171359,in_sample
7095.KL,2013-11-17,85.5081361535524,97.24257267485524,True,0.13277343594200344,0.10457028118413794,0.22689111263652642,0.20636448761090856,0.25042090966532526,0.23996206586427068,in_sample
7095.KL,2013-11-24,98.97446534338627,97.24257267485524,True,0.061611562560699835,0.037365519444953296,0.1958919731739575,0.18558838779562065,0.24328545855078723,0.22943775815431652,in_sample
7095.KL,2013-12-01,99.4885488039025,80.89973970754694,True,-0.018841016460565067,-0.04550817336945853,0.05072426515256944,0.05632359906961426,0.1579703487684227,0.14802947548270481,in_sample
7095.KL,2014-01-12,88.31219268994613,90.02688275797561,True,0.01917839063829758,0.029043670953066987,0.08767141100691958,0.08457823596716141,0.1739728685287458,0.15754900123327276,in_sample
7095.KL,2014-01-19,92.06251685108698,90.02688275797561,True,0.039630239553364525,0.03612226920719711,0.0634081720902458,0.06776005906601461,0.10964406755498861,0.08777434582124694,in_sample
7095.KL,2014-02-23,82.87386335940683,96.5158816307398,True,0.005006400802074619,0.010610697327170732,0.05506915823871987,0.04307949761571413,0.012515783152968883,-0.016215754840694294,in_sample
7095.KL,2014-03-02,86.86233222609006,91.32875658284325,True,0.01965627677569669,0.011446724893287867,0.023341840179318913,0.009548465688612971,0.007371004053334119,-0.010911213731308468,in_sample
7095.KL,2014-11-09,91.51290444709225,64.03643608305883,False,-0.049574833778359716,-0.008559397506748362,-0.17847013822923352,-0.13931855633862017,0.0056658136754598075,0.029199509737576422,in_sample
7095.KL,2014-11-16,83.92892403441101,64.03643608305883,False,-0.11888104179040224,-0.0743334110900548,-0.21678300935355652,-0.1719321192812427,-0.006992948976282094,-0.004594602110016112,in_sample
7095.KL,2015-02-01,89.91536375768412,40.52455663713337,False,-0.011267671724382616,-0.03369558845346898,-0.05915490459200169,-0.07718146173443002,-0.014084503818322798,-0.05973755045005088,in_sample
7095.KL,2015-08-02,89.92997075826388,28.97625737871002,False,-0.12428576299208506,-0.060216666183032785,-0.07142850755136386,-0.008676784555206957,-0.031428608157965776,-0.02434272956789013,in_sample
7095.KL,2015-11-08,94.65193774743032,89.10535610162215,True,-0.031764816027427485,-0.021187633509095936,0.2588236290513602,0.2547837294304248,0.181176485100959,0.19179516153344406,in_sample
7095.KL,2015-11-15,86.10671290574305,89.10535610162215,True,0.03953486996694865,0.05084953992765666,0.19767453181049954,0.1984582083217866,0.2,0.19786008482396825,in_sample
7095.KL,2015-11-22,95.43350727298912,89.10535610162215,True,0.05777774686436567,0.06860276541300932,0.1511110570126399,0.17117253251730222,0.13333353620260033,0.14425485124395823,in_sample
7095.KL,2015-12-27,90.2132803132401,94.62421361271446,True,-0.07222218358045708,-0.049198547652037766,-0.044444454104885726,-0.051279396516076534,0.12037037842073811,0.08861225508841694,in_sample
7095.KL,2017-01-22,86.21732576407389,68.6836618618496,False,0.060109271440846754,0.0344078505145307,0.2076502482311643,0.15941286569127563,0.27868865955171285,0.2389863518891281,out_of_sample
7095.KL,2017-03-19,89.66422525257205,89.73714673811878,True,0.05882366308009951,0.06696597418202123,0.1312217951712452,0.11364785246931121,0.07762380652809575,0.05258938944183278,out_of_sample
7095.KL,2017-03-26,82.85627536405735,89.73714673811878,True,0.06756714793497774,0.06166707700378771,0.07207199919989311,0.059166354464464214,0.08658188814941763,0.06048418882606091,out_of_sample
7095.KL,2017-04-02,91.18343545715145,80.98210705408704,True,0.03493440669642472,0.01886047182935487,0.021834286614261136,0.0033237017361809756,0.039977658205093955,0.017358146498980858,out_of_sample
7095.KL,2017-04-09,92.70340624003767,80.98210705408704,True,-0.01680673880863133,-0.028875280184294784,-0.012233365629884085,-0.0324604865570948,0.0006505347601618243,-0.011951992403447806,out_of_sample
7095.KL,2018-07-08,86.81173612393832,85.20469390099372,True,0.13432824886931202,0.06447262310030155,0.044776189126815524,-0.048861526906847905,0.1940298697618588,0.11632499062493919,out_of_sample
7095.KL,2018-07-15,96.66719011421998,85.20469390099372,True,0.020134310853631952,-0.028543593401782974,-0.07382532905280705,-0.11868196539986123,0.10738270477306434,0.07531405565220126,out_of_sample
7095.KL,2018-07-22,97.12244716648807,85.20469390099372,True,0.006172952262654723,-0.01024034826480906,-0.14197526744249153,-0.16995201782339817,-0.043209963278965174,-0.02957204098496417,out_of_sample
7095.KL,2018-09-30,87.35415874670362,75.68753177055451,False,-0.06249997777057742,-0.001105245416107535,0.06249997777057742,0.1167453104013674,-0.08749998666234646,-0.018978115405457602,out_of_sample
7095.KL,2018-10-07,87.83080138509307,38.19468110971709,False,-0.04848478211909772,-0.012877192198410624,-0.04848478211909772,0.006260195922121466,-0.10303028056000946,-0.05515583160736606,out_of_sample
7095.KL,2019-02-03,86.7411066146525,45.98549831185333,False,0.0,-0.010234436077119508,-0.04294477938593333,-0.0192445639340434,-0.0368097859647515,-0.009991123019416705,out_of_sample
7095.KL,2020-07-26,88.75366475203577,78.24272044357332,False,-0.04605255515305396,-0.03819528805642543,0.0,0.05220147157694025,0.05921076243757955,0.11316740609333821,out_of_sample
7095.KL,2020-10-25,81.63147835523644,75.21458767706791,False,0.3048780997333386,0.2385678281092548,0.24999991965127366,0.14438922139690752,0.9817073268717958,0.8931441987473806,out_of_sample
7095.KL,2020-11-01,90.02369404254353,86.88745584335844,True,0.19883032779071907,0.10291314942912536,0.38596478114419475,0.2671555810293219,0.865497097203515,0.7769765030967659,out_of_sample
7095.KL,2020-11-08,97.80410145489986,86.88745584335844,True,0.06060609489015147,-0.006653229655304023,0.2222221482761439,0.15143568223671916,0.5909090425080215,0.5601385907464951,out_of_sample
7095.KL,2021-01-03,81.14952872399434,95.6595013646413,True,0.3016529317128509,0.33902360789062114,0.392561943420187,0.4229575052252562,0.43801650372506146,0.4538656673925017,out_of_sample
7095.KL,2021-01-10,93.161019944388,95.6595013646413,True,0.36090229884545005,0.3943092744458869,0.27443633568234127,0.2946850192252902,0.2857144272523364,0.3150067738480546,out_of_sample
7095.KL,2021-01-17,97.94064318537822,95.6595013646413,True,0.05230769106014759,0.06926515638286365,0.02153842286457537,0.028496012732756752,0.03384608148856037,0.04291794317166779,out_of_sample
7095.KL,2021-06-06,80.70315189462116,25.898496445289833,False,-0.05882346468666547,-0.03025114565149156,-0.019607821562221822,0.033513897959949586,0.17647064798153955,0.16905192494941637,out_of_sample
7095.KL,2022-06-12,86.63148473127387,71.81278756258325,False,-0.14545459836244212,-0.09983063883427358,0.021212042778484926,0.016124792264979853,-0.09090910483222162,-0.08905502835612229,out_of_sample
7095.KL,2022-07-31,80.56060693532764,83.98751121259855,True,-0.08235293767882583,-0.08775428914558708,-0.17058824928469668,-0.12552146944498663,-0.255882373927045,-0.22518339513488364,out_of_sample
7095.KL,2023-01-22,90.05570339278968,78.27542887196888,False,0.046822828122246606,0.062439347372610074,0.15384629037308617,0.21289995068852946,0.2207359120215247,0.2641929868528016,out_of_sample
7095.KL,2023-01-29,88.28990949332233,78.27542887196888,False,0.06514673344001265,0.09235784403487259,0.18892518948747836,0.2542653079915781,0.18892518948747836,0.23930084373395677,out_of_sample
7095.KL,2023-02-05,90.29619469627427,81.75117420648388,True,0.07886439706897463,0.10363505504981482,0.13564669599584,0.18118938133474038,0.160883379586822,0.21088104542110606,out_of_sample
7095.KL,2023-03-12,83.25755478744951,80.00184663073314,True,0.0571429190297578,0.061357559648147,-0.0285713873134948,-0.027147937781897516,-0.051550849629787406,-0.015391006579770584,out_of_sample
7095.KL,2024-04-14,85.70932346714606,90.94152263468322,True,0.5445026934186648,0.5125048057865631,0.6363660386178976,0.5932853027205506,0.6813792552261675,0.6427084414765728,out_of_sample
7095.KL,2024-04-21,98.97852848113077,90.94152263468322,True,0.01217388101598802,-0.032444489219038176,0.24543399860865997,0.2068250813553395,0.16627511563233513,0.12008003897288297,out_of_sample
7095.KL,2024-11-24,83.31599147107045,80.19834770850352,True,0.035593198977614544,0.034567896827144444,-0.045762743625388895,-0.031257555379975495,-0.15254242347407082,-0.1536872021576145,out_of_sample
7095.KL,2025-05-04,87.30797270871805,58.192300643645375,False,-0.08563350340410333,-0.06350044914470418,-0.05448715674314798,-0.04519701149396545,-0.13457766260531046,-0.1289179951040494,out_of_sample
7095.KL,2026-04-26,89.1012902284893,76.1903955240643,False,-0.2142857583164072,-0.2098273826305626,-0.17781303070744556,-0.17298262701483874,-0.2657198511938702,-0.27217786854642584,out_of_sample
7034.KL,2002-03-31,95.56486467696118,,False,-0.022540511643212458,-0.08241357207568785,-0.14549149111237575,-0.1583998499019148,-0.15163817308655955,-0.1347753237125473,in_sample
7034.KL,2003-09-14,88.53640021019885,,False,0.2741113819669336,0.20700747269047787,0.43654805418902787,0.34768792160268475,0.5431474886046095,0.4810102333941451,in_sample
7034.KL,2003-09-21,98.4219886023127,,False,0.1300451042970942,0.0804865279909265,0.39013469238919024,0.325552676637023,0.34529266084603527,0.2811003114792411,in_sample
7034.KL,2003-09-28,87.27948751648347,,False,0.24778681533729097,0.16397066321499895,0.28318525252424925,0.2262614271521356,0.27876075400834543,0.24166928465486648,in_sample
7034.KL,2003-10-05,91.92510495263606,,False,0.20689678024165517,0.10297894500573516,0.2931042138095448,0.24030765011682062,0.21120725132516965,0.1574109710394011,in_sample
7034.KL,2003-10-12,98.32069467953295,,False,0.12749016649653472,0.10710206453124524,0.2111558773004181,0.21581020760772526,0.17131492845729995,0.1740594494699497,in_sample
7034.KL,2003-10-19,83.54713364720008,,False,0.23015859022182644,0.21584453497502615,0.1904769603712663,0.17653417204959987,0.23809569712701914,0.18128755960618664,in_sample
7034.KL,2003-10-26,98.87862161080083,,False,0.028368978379844232,0.05318160614657268,0.024823101422723294,0.06793436404537234,0.05673773867936883,0.040776092579179454,in_sample
7034.KL,2004-05-02,81.75472207253337,,False,-0.06832213911415583,-0.032805957309041185,-0.06832213911415583,-0.0516436920216176,-0.012422155023590082,-0.012410213188772308,in_sample
7034.KL,2005-01-09,92.12912211743391,,False,-0.3284889235596302,-0.3189285168220228,-0.34593048657009845,-0.31215258983826494,-0.34593048657009845,-0.30188276633582706,in_sample
7034.KL,2008-04-06,87.54279160510607,,False,-0.02941123116081678,-0.069919259762899,-0.16666765156930033,-0.21095642551175653,-0.12745208116568862,-0.10172339337311966,in_sample
7034.KL,2008-04-13,90.24141077627047,,False,-0.17592602807823174,-0.20678926828961833,-0.24074023839175449,-0.24216783018411503,-0.24074023839175449,-0.1503881976433639,in_sample
7034.KL,2012-02-05,86.0809710445637,77.93472033220404,False,0.03759447559625437,0.008343834373509308,0.04511180752053102,0.007705349250066551,0.022555721993408044,0.0036899857700584925,in_sample
7034.KL,2012-02-12,84.56913341025991,77.93472033220404,False,-0.014704804045118742,-0.02580835119417598,0.03676529862489533,0.012938114652011157,-0.014704804045118742,-0.03351812079766361,in_sample
7034.KL,2013-03-10,80.46238112577686,78.37302646124418,False,0.08823538168938012,0.06726143776337394,0.007353508516198416,-0.017320642949123624,0.2647061450681404,0.19501884157362703,in_sample
7034.KL,2013-04-07,90.1922621042869,59.33098675533344,False,-0.07432387747549656,-0.0779480713751834,0.16216231005539122,0.11444967266800887,0.10810815458883724,0.05783722016126506,in_sample
7034.KL,2013-05-19,89.00833623456633,87.71965968288877,True,-0.04571463629302349,-0.041774861123577416,-0.02857006101212818,-0.037890862927044244,-0.01665171559794788,-0.02540161960305822,in_sample
7034.KL,2013-12-08,92.49939374226169,94.07430600309344,True,0.06372585378140404,0.05946189512314787,0.078431477039817,0.09097693394207,0.06862823572760518,0.06386068147565344,in_sample
7034.KL,2013-12-15,91.3866906299149,94.07430600309344,True,0.00938953981620063,0.016855505755641258,0.0892018260985772,0.10645941850597412,-0.04225360621554309,-0.03785772177636908,in_sample
7034.KL,2013-12-22,88.43118917258143,94.07430600309344,True,-0.03686634484123706,-0.02325393419916435,0.06912410263624756,0.0792762948650251,-0.09677450026950563,-0.07886944232424616,in_sample
7034.KL,2014-07-20,88.7590879886381,89.76743889743597,True,0.0731714083709815,0.07779503408032697,0.20151778043150986,0.21077044135280681,0.11270993234844355,0.14692829506797647,in_sample
7034.KL,2014-07-27,88.70045203665607,89.76743889743597,True,0.1666667660264744,0.17004919845829175,0.09131577963482204,0.10615058637893156,-0.03617474846567875,0.011248685141169577,in_sample
7034.KL,2014-08-24,87.37259938962615,94.73019256092897,True,-0.06458655426372406,-0.05309531159956275,-0.17386414047175336,-0.12967366800948868,-0.06439755975901851,-0.0338255356058002,in_sample
7034.KL,2015-01-18,88.60112171532553,80.03188181900515,True,0.05555558519567497,0.022646091082784585,-0.04629638451093739,-0.06819401688995277,-0.06481478588041253,-0.1225928592631858,in_sample
7034.KL,2015-01-25,96.11777548172476,80.03188181900515,True,-0.05882356603230519,-0.06148015319385351,-0.13025223133734148,-0.13056839499800485,-0.13445395415229586,-0.15818003970564082,in_sample
7034.KL,2015-02-01,83.06949290549429,33.81032754382945,False,-0.07883822529458127,-0.10126614202366764,-0.16597535855460316,-0.1840019156970315,-0.14522825941869733,-0.19088130605042541,in_sample
7034.KL,2015-11-01,92.45197916254945,90.2848801366955,True,0.2500001331378312,0.23986631315796386,0.3820759809234029,0.3833967097558323,0.4433959185114308,0.4677098752924815,in_sample
7034.KL,2015-11-08,86.92118680073588,90.2848801366955,True,0.2129627666088224,0.22353994912715394,0.45833330844337183,0.45429340882243646,0.34722213095903015,0.3578408073915152,in_sample
7034.KL,2015-11-15,94.41614235901272,90.2848801366955,True,0.207964663030907,0.219279332991615,0.5176989577866408,0.5184826342979278,0.3274336093718844,0.32529369419585263,in_sample
7034.KL,2015-11-22,97.54561625701392,90.2848801366955,True,0.16182555952519262,0.17265057807383627,0.37759310607354474,0.39765458157820704,0.21161812174715666,0.22253943678851457,in_sample
7034.KL,2015-11-29,99.1223630528264,90.2848801366955,True,0.10566066697451174,0.11700030196715562,0.15471661181997234,0.18881880311340374,0.1433963368871849,0.1479785352207766,in_sample
7034.KL,2016-01-03,90.42816063414307,33.64717404806159,False,-0.07619052300392291,-0.06159092784943294,0.003174741664383048,0.02035045595360049,-0.031745880577610054,-0.03841055566478253,in_sample
7034.KL,2016-01-10,94.30478555113898,33.64717404806159,False,-0.12536435334464002,-0.12829023797902153,-0.0728861863318569,-0.09392853356133186,-0.09620987881189728,-0.12814746602746563,in_sample
7034.KL,2016-06-12,93.10528422522566,89.65265197995075,True,0.10290254444477827,0.10087961734259791,0.11058984821405089,0.09668551560371925,0.13485030482389376,0.1162238751526302,in_sample
7034.KL,2016-06-19,87.04013567824991,89.65265197995075,True,0.07692329960726209,0.04969727217139319,0.16047243353343119,0.12354920536909977,0.15261353961964894,0.11428042036168201,in_sample
7034.KL,2016-06-26,89.82892376701399,89.65265197995075,True,0.05172449957334427,0.03742261504174897,0.08957601384366762,0.05675571869954166,0.07699443679059546,0.0654036404010767,in_sample
7034.KL,2016-07-03,88.59314732000227,76.7104309806367,False,0.01673477978991541,0.012458292329073166,0.07308372711978067,0.05068696619272195,0.043684168713438234,0.028637564995789032,in_sample
7034.KL,2016-07-10,80.48564870425344,76.7104309806367,False,0.00697006622025934,-0.004887352594010655,0.02896698401870003,0.012397001316707342,0.01639717338811431,0.011526504644657475,in_sample
7034.KL,2016-07-17,81.03265115042844,76.7104309806367,False,0.0775813226036044,0.06814114053124357,0.07028377976406486,0.05947107494015845,-0.03285253696293465,-0.03104240780502444,in_sample
7034.KL,2016-07-24,86.6991142025674,76.7104309806367,False,0.03598995201279296,0.01773265515182689,0.024027145157788483,0.026700006347757096,-0.02686662620517602,-0.027801770415284078,in_sample
7034.KL,2018-07-29,88.03144587993272,69.83400616604935,False,0.1287793960607735,0.10648045372425385,-0.027571583560595816,-0.05102930858879086,-0.10384058153118153,-0.08292646524098354,out_of_sample
7034.KL,2018-08-05,89.0555303942262,67.62049144352893,False,0.011110762613236347,-0.011118489345464552,-0.0370373110905301,-0.04437405184213115,-0.2148150348756794,-0.1603066060380119,out_of_sample
7034.KL,2018-08-12,92.87678474366292,67.62049144352893,False,-0.07473330340855912,-0.07108941247421743,-0.1281141131389921,-0.11227583232163782,-0.1886122439017661,-0.13773033617211775,out_of_sample
7034.KL,2018-08-19,97.65830562127591,67.62049144352893,False,-0.1666663580857158,-0.178043078409468,-0.22875817248226446,-0.1991922244512127,-0.31045746411357833,-0.2681915408734498,out_of_sample
7034.KL,2019-03-10,83.77771202562899,64.58417552064822,False,-0.05660380330802573,-0.03392985529519799,0.060377382693678094,0.08573602009282694,-0.06037749521691836,-0.04303121613783963,out_of_sample
7034.KL,2019-05-05,91.74613488363504,24.654417618145843,False,-0.11387915272564818,-0.12209998002430597,-0.10320279977036449,-0.12447559951138726,-0.09252655293130142,-0.09903721792334408,out_of_sample
7034.KL,2019-10-06,85.61639340703148,88.09138077914842,True,0.003484454070850298,-0.019415082332028818,0.14982589295547097,0.14721305058562348,0.19163783320984637,0.15765121222292533,out_of_sample
7034.KL,2019-11-10,85.74897101244413,93.86977134822068,True,0.14950161334125045,0.17515190224900654,0.1362126449743998,0.13518761317771175,0.17940203190472465,0.22827353385195898,out_of_sample
7034.KL,2020-02-16,94.49387298426103,93.76410102890547,True,-0.17857136720990271,-0.04926405851393989,-0.3142857437392467,-0.19323374778849786,-0.207143060863123,-0.1021549702393145,out_of_sample
7034.KL,2020-10-25,94.09118286174744,74.30744809578175,False,-0.06349221239409268,-0.1298024840181765,-0.15873039697340544,-0.26434109522777155,-0.20964685024857407,-0.29820997837298935,out_of_sample
7034.KL,2021-09-05,92.66120989689996,44.430525928455076,False,-0.09931507337616878,-0.05859623967889585,-0.016865991356550147,4.8212611236359004e-05,-0.051241313656089936,-0.002807851615035585,out_of_sample
7034.KL,2024-01-14,92.25019095413165,66.01232696937718,False,-0.04000015589040139,-0.05676838914553839,-0.08500003401845624,-0.12031140918363822,-0.03967569247870428,-0.08533440920809243,out_of_sample
7034.KL,2024-05-05,89.95525142739872,75.78520600837061,False,-0.014151003271828517,-0.018611328288390974,-0.0754715881966433,-0.07578613472169134,-0.10849053450903716,-0.12314213621972178,out_of_sample
7034.KL,2025-09-28,93.77545818718995,71.06215801880786,False,-0.03305796998220527,-0.03568061724305238,-0.05785126914451904,-0.06314625513152582,-0.016528934041291153,-0.05186032452683974,out_of_sample
7034.KL,2025-12-07,92.48466638308287,67.6710811465871,False,-0.04866056517864219,-0.0815955054151468,-0.04866056517864219,-0.12559124580678793,-0.03225817998822897,-0.09417511551083144,out_of_sample
7034.KL,2025-12-14,93.9152818773469,67.6710811465871,False,-0.08553411690040823,-0.11528724988005933,-0.09341748220534275,-0.151433915162485,-0.054000751260942746,-0.10299910707083682,out_of_sample
7034.KL,2026-03-22,85.73920068441673,83.9068522693219,True,0.08730163083197247,0.10212109522683582,0.3095237889041534,0.2981854400780704,0.23809515561661357,0.2596443747740857,out_of_sample
7034.KL,2026-03-29,93.81665318395555,83.9068522693219,True,0.13740471156289003,0.13291462818530042,0.18320618953149534,0.1831945003183084,0.14503824494814524,0.14540025417848967,out_of_sample
7034.KL,2026-04-05,96.5593095645874,93.86623234912543,True,0.1594202834885749,0.14377886825339353,0.13043472149031904,0.13776592391493567,0.07971018567312063,0.09608294283361901,out_of_sample
7034.KL,2026-05-03,89.27580304279468,47.727232928285325,False,-0.025000047360773534,-0.0023812201692115717,-0.0687499597433425,-0.03722882254329384,-0.06557163506440118,-0.05337665488889985,out_of_sample
5665.KL,2002-04-14,88.4837704901791,,False,-0.0210528552569718,-0.03693767470745018,-0.05263147409829447,-0.025576940653041204,0.0,0.040697782766558485,in_sample
5665.KL,2002-04-21,92.65346512324668,,False,-0.11009173249992765,-0.09693960583731497,-0.1697250918771884,-0.10729637346489913,-0.08256908875191712,-0.009292954488789265,in_sample
5665.KL,2002-09-01,95.68150833103475,,False,-0.015624427580739146,0.07434408529304928,-0.10937485368655664,-0.031102257782439913,-0.11718760139264935,-0.015635656214466262,in_sample
5665.KL,2003-04-27,94.42941106144008,,False,0.07874068028120985,0.041861727332721574,0.11794246471982624,0.03078712137968151,0.4155239967106802,0.2740777669222016,in_sample
5665.KL,2003-05-04,90.86719594056677,,False,0.06870293215456331,-0.001762284053858032,0.13058948158684175,0.028255518888676487,0.30992473960316835,0.17717274165200972,in_sample
5665.KL,2003-05-11,95.78025194526214,,False,-0.06250042439438647,-0.14411719444584026,0.3335325157653844,0.18282002569107947,0.24132010347264493,0.09390839736116757,in_sample
5665.KL,2003-07-06,96.19663213067076,,False,-0.0691489792731555,-0.0662805095282808,-0.01595769261177864,-0.04104354552909435,-0.06383022292324744,-0.08742662305179745,in_sample
5665.KL,2004-03-07,85.98581568155574,,False,0.06280189152869795,0.06145900103767404,0.106280338333332,0.16037953273679095,0.06763305107063834,0.15532703045526844,in_sample
5665.KL,2004-03-14,93.53285427147158,,False,-0.0043667604074875905,-0.002716247765299066,-0.030567682448938642,0.025031202130201678,-0.052298549980950376,0.04009869335933117,in_sample
5665.KL,2004-03-21,91.99565311390461,,False,-0.04583322360799722,0.0013114655101859884,-0.1750000879232335,-0.052848459847831306,-0.11279615868968478,-0.024200875587990806,in_sample
5665.KL,2004-11-14,84.34272007314877,,False,0.0871779173110644,0.07364494885538485,0.06741137816868083,0.028886571000942787,0.03281923032121294,0.004223142717093828,in_sample
5665.KL,2004-11-21,86.1706627418932,,False,0.04232821580192265,0.035672952869638785,0.04717633824219987,0.010711604767068311,0.03263197092136819,0.012699590439444745,in_sample
5665.KL,2004-11-28,89.5080682917024,,False,0.02293595790901794,0.025333187520485124,0.02293595790901794,0.0005691082849890797,-0.03862976577110706,-0.036837330404087355,in_sample
5665.KL,2004-12-05,96.11798225343254,,False,-0.05286323963942305,-0.04224362668232401,-0.07048469480988613,-0.07055011077389683,-0.14977968417732448,-0.13488607296123506,in_sample
5665.KL,2006-02-12,85.58827127828222,,False,-0.0955053215011771,-0.09729822217425432,0.28089886225850547,0.2554726205832675,0.29213453557373936,0.24750826026088868,in_sample
5665.KL,2006-04-09,91.69202980885665,,False,0.00877170996578368,-0.00995224389582767,-0.13596494461287495,-0.12220006878546996,-0.12280737966419943,-0.09205638745730428,in_sample
5665.KL,2006-11-19,82.21432220822334,,False,0.09016460004857048,0.04353664877582751,0.2049188288988086,0.12945700274323457,0.3688530041868122,0.17661446562920732,in_sample
5665.KL,2006-11-26,84.58308975235299,,False,0.056451623834258224,0.038260969085571014,0.3145157488752417,0.232162409539866,0.43548376165741776,0.24531571483181783,in_sample
5665.KL,2006-12-03,97.0314403549678,,False,0.0814820173970013,0.06654834850997367,0.3629630111236311,0.2798418192871787,0.32592634041508034,0.13764923150068462,in_sample
5665.KL,2007-01-28,90.14872827061386,,False,-0.027173643309672497,-0.12425965535570171,-0.13043438104180283,-0.18664480163026,-0.032608493765521745,-0.15696204721684173,in_sample
5665.KL,2008-01-06,94.94835853692916,,False,0.14932089136682933,0.19937989696826242,0.036199003967716206,0.11070111845647734,-0.05882369587151882,0.08317143836154278,in_sample
5665.KL,2008-01-13,94.48269231982874,,False,0.033333403303605375,0.09947158327387155,-0.04166664555494665,0.10335849518796725,-0.14166663831664264,0.05239490678879841,in_sample
5665.KL,2008-05-18,98.52164375756244,88.35300041319556,True,-0.13259664213162162,-0.07776331319368407,-0.17679561881964967,-0.06125514797046201,-0.2016576751757108,-0.06299069642030106,in_sample
5665.KL,2009-01-11,82.31792965265639,56.83596442508954,False,-0.04255296342412613,-0.01814786642712592,-0.18439709690807962,-0.11818882535512948,0.02127688511777545,0.03439884259923569,in_sample
5665.KL,2009-04-05,91.12875291802224,79.2047383733033,False,0.06250038089412498,-0.029813904028029484,0.20833373773944133,0.0571777702089786,0.23611135877066564,0.050049454327920545,in_sample
5665.KL,2009-04-12,93.21259044694564,79.2047383733033,False,0.042944896600179486,-0.047773011121573644,0.09202487813131459,-0.05044680643976719,0.042944896600179486,-0.09654174624580235,in_sample
5665.KL,2009-10-25,91.56294335519169,79.9215654918657,False,-0.049019346247573835,-0.05474897287965375,-0.06633699870572979,-0.06623439837006773,0.11244973048855483,0.08760561315346224,in_sample
5665.KL,2010-01-24,92.8453189480341,87.42710491479913,True,-0.14693886291297764,-0.11404262789215872,-0.04897992196648785,-0.04601942696053382,0.03265270081967953,0.00779971179826398,in_sample
5665.KL,2010-10-03,87.34568331596695,40.92836095368758,False,-0.04166655152054259,-0.06849568113184347,-0.02083324362646923,-0.038380643567511974,-0.06340603263290429,-0.0942724270239567,in_sample
5665.KL,2013-05-05,96.875358438556,87.50760303627965,True,0.180733763309091,0.136804527888425,0.21546175143865073,0.16898345726099193,0.2571347701931233,0.1905534851102526,in_sample
5665.KL,2013-05-12,98.91934661051867,87.50760303627965,True,-0.018527543175634865,-0.020338645156393352,0.027932895532815118,0.02799495070792401,0.03374057463210602,0.02802509327093919,in_sample
5665.KL,2014-04-27,80.00937310472263,79.93849626502464,False,-0.012262278800595931,-0.016690048212870578,-0.10034091786622164,-0.11363498362406144,-0.10034091786622164,-0.1067837546297611,in_sample
5665.KL,2016-03-20,88.50707942664899,79.35522778855577,False,0.2571429904135842,0.2503552766470435,0.14285719333847885,0.19417567208321304,0.12000006219300596,0.16376761210336677,in_sample
5665.KL,2016-03-27,88.82160098148216,79.35522778855577,False,0.20879134022190643,0.200474633614796,0.08791211106181307,0.1319316194991721,0.07692313965136444,0.1236483719431129,in_sample
5665.KL,2016-04-03,92.96714331081108,84.83055760159729,True,0.052083338701357326,0.07419907752520342,-0.031249951687784043,0.011636900685891328,0.0,0.044722456412432436,in_sample
5665.KL,2016-04-10,92.94975949218856,84.83055760159729,True,0.0,0.040176930913418236,-0.0699999919608476,-0.022316063706422494,-0.0699999919608476,-0.027995771357120967,in_sample
5665.KL,2016-04-17,97.48515169561814,84.83055760159729,True,-0.09090914712693642,-0.033194703737583695,-0.10909095406518549,-0.05887653151550336,-0.07272734018868733,-0.02443426462488947,in_sample
5665.KL,2016-09-25,92.19746532312206,87.65585923206667,True,0.0,0.0006044379508720665,-0.015625040763433524,0.01261566784765222,-0.03906245697193128,-0.019194024865274356,out_of_sample
5665.KL,2016-10-02,88.31079702209301,49.92664997886268,False,-0.0305343360103445,-0.04125714027015544,-0.06870223242035998,-0.053398587559235225,-0.061068672020689,-0.039647218286706316,out_of_sample
5665.KL,2017-02-19,92.05868273719652,88.1568718549343,True,0.020979119564392926,-0.0009921492218199802,-0.027971928781837792,-0.041621989560367695,0.2027973485583969,0.16286601525151234,out_of_sample
5665.KL,2017-02-26,90.22600748473621,88.1568718549343,True,-0.034013650657885384,-0.06192310695102032,-0.040816347135238906,-0.07479054213134431,0.14978350658667844,0.10860821603043644,out_of_sample
5665.KL,2017-05-07,94.32272575802348,73.64131402834768,False,-0.022779589252612566,-0.03084088077389395,-0.011076260567203086,-0.011603878773002025,-0.0286311825152767,-0.031093239224919657,out_of_sample
5665.KL,2017-08-20,95.70940600854323,79.89303001305963,False,0.2680412810075908,0.26234942666617134,0.14948448831526884,0.16125106270289333,0.2061855140790817,0.22529347478555586,out_of_sample
5665.KL,2017-09-17,86.12933281227936,84.57490154549437,True,-0.09349600400873088,-0.07613638370985054,-0.04878056247455781,-0.024121105464106188,-0.1869919092607885,-0.15055969480113518,out_of_sample
5665.KL,2019-04-14,87.38541882182433,81.37567415121377,True,-0.07499998807907104,-0.06279265763034021,-0.10500001907348633,-0.11675334025647438,-0.07999998331069946,-0.11211932297470265,out_of_sample
5665.KL,2020-12-06,96.1099057975152,92.69250484956837,True,0.1554054162901103,0.15210055737452158,-0.08783783348395588,-0.05364851140942664,0.19594591764571323,0.22313707357861953,out_of_sample
5665.KL,2021-01-03,83.66341609329388,28.731328040309137,False,-0.2105263194585807,-0.17315564328081043,0.03508768505324682,0.065483246858316,-0.0701754398195269,-0.05432627615208664,out_of_sample
5665.KL,2021-02-28,85.65097502523118,77.62032298054973,False,-0.10169488671615176,-0.11669729137171347,0.005649712187014997,-0.013795734627079443,-0.03954798530910498,-0.029673191422438842,out_of_sample
5665.KL,2021-05-09,91.63510304238325,45.62901223795035,False,-0.13478258661151113,-0.12911311653256086,-0.27826086911452064,-0.2441810699082526,-0.3347826073435619,-0.2762925897418136,out_of_sample
5665.KL,2021-09-05,86.40286649792607,30.51640838308705,False,-0.16756759891551767,-0.12684876521824473,-0.11891893285134118,-0.10200472888355468,-0.15675679855402355,-0.1083233365129692,out_of_sample
5665.KL,2023-11-05,95.63555668984986,26.592713611428618,False,-0.2435897494679139,-0.24803820624371978,-0.18589741826292497,-0.18915963112391376,-0.21153842039126936,-0.25040234726947697,out_of_sample
5665.KL,2025-05-04,86.35805524881327,44.209974412236306,False,-0.058823541786431094,-0.03669048752703194,-0.10588238924019788,-0.09659224399101535,-0.08235300057486925,-0.07669333307360818,out_of_sample
7231.KL,2009-04-19,92.16807544448552,,False,-0.009902225277902311,-0.06071196856750992,0.0693084481985657,-0.06018173872899453,-0.04950383922616662,-0.15579602471886284,in_sample
7231.KL,2009-08-16,93.40754439141453,,False,-0.10096807932697219,-0.11755110253848032,-0.10885458551519184,-0.14692554645550415,-0.014219895891102891,-0.07495680388877973,in_sample
7231.KL,2010-01-10,92.55638166273921,,False,-0.07746384562246754,-0.04259868395279926,-0.10563415657544091,-0.1108933631608822,-0.07008766988879053,-0.10331321211406577,in_sample
7231.KL,2011-10-16,80.94524466884435,,False,0.060346191998489694,0.042099243925445035,0.09015390649755609,0.0778829813831366,0.1433318177010465,0.09362406862343081,in_sample
7231.KL,2011-11-13,81.58031257321659,,False,0.0281113043306038,0.03398023717634848,0.07826276581061652,0.047365741209552684,0.11169518230152542,0.06402197751429137,in_sample
7231.KL,2011-11-20,90.56375784825202,,False,0.01995094785279039,0.01182392221290536,0.052590080655296086,0.005374788629524008,0.14234517840513256,0.06859654806607773,in_sample
7231.KL,2012-02-05,80.79300621852114,,False,0.14285853470874252,0.11360789348599745,0.1505812697045591,0.11317481143409464,0.24324573854475975,0.2243800023214102,in_sample
7231.KL,2012-02-12,96.79254521837379,,False,0.0785704671014895,0.06746691995243226,0.1737454885683365,0.14991830459545233,0.2911207690742004,0.27230745232165554,in_sample
7231.KL,2012-04-15,86.69182007805587,,False,0.09876376912267402,0.11049093170899728,0.13594155932057556,0.15621452709528305,0.3252650165539151,0.3143924344864303,in_sample
7231.KL,2012-05-13,80.75040628029704,,False,0.03383601757053451,0.04248323002529421,0.2061418967355419,0.18327397626030967,0.31526720510052886,0.28325341085888045,in_sample
7231.KL,2012-07-01,93.55882081496712,,False,-0.03211059973824985,-0.048237865222072775,0.20642214151394764,0.17573712413601775,0.04112175371956631,0.025769894054737348,in_sample
7231.KL,2013-03-31,86.15308273933358,,False,-0.030837479555400567,-0.054562845852871286,0.048457900087917914,-0.012219434857411761,0.06174981213070791,0.011367867288177319,in_sample
7231.KL,2013-06-02,80.48560654998124,,False,0.012711383708798823,0.010269591036936705,0.07203312548761023,0.05033428911669786,0.14406857375825644,0.17128397105841617,in_sample
7231.KL,2013-09-22,83.30819039412025,,False,0.010344463896169876,0.011587639050877434,0.12068870496816214,0.12732637957075765,0.21399380400236787,0.19261552721114725,in_sample
7231.KL,2013-11-10,86.6744911403274,,False,0.1576160925293886,0.1451637677896661,0.2507567843641966,0.2339874047683286,0.13100363900566614,0.13125299127155168,in_sample
7231.KL,2013-11-17,96.56546874092912,,False,0.08325692819118442,0.05505377343331892,0.15505686279006173,0.13453023776444387,0.09262185465866353,0.08216301085760894,in_sample
7231.KL,2013-11-24,87.85267597811212,,False,0.05147073845625447,0.02722469534050793,0.08528978264449577,0.07498619726615889,0.16830008076070804,0.15445238036423733,in_sample
7231.KL,2013-12-01,93.55863408651267,,False,0.15993968639874884,0.13327252948985538,0.023476983002364515,0.029076316919409335,0.13620725044258672,0.12626637715686884,in_sample
7231.KL,2013-12-08,92.37086563044043,,False,0.08045905066099747,0.0761950920027413,-0.022989014834420892,-0.010443557932167882,0.08045905066099747,0.07569149640904572,in_sample
7231.KL,2015-01-25,94.47752396837085,81.13626080412921,True,0.10988929956589298,0.10723271240434466,0.10056837842936274,0.10025221476869937,0.11724377492083184,0.09351768936748686,in_sample
7231.KL,2015-08-02,91.72872381645406,33.347579087251965,False,-0.06944457995990846,-0.005375483150856189,0.025116120571708596,0.0878678435678655,0.1046908414927801,0.11177672008285575,in_sample
7231.KL,2015-08-09,89.79769204240007,33.347579087251965,False,-0.0807176374370567,-0.025156475651836173,0.024675081580484894,0.05667815697026436,0.07001470381212974,0.08008219451475604,in_sample
7231.KL,2015-10-18,84.2039579474529,78.8465266900367,False,0.11489349251982235,0.148624410100637,0.07804310845107464,0.12270704179269853,0.20689298864947986,0.2413811486137693,in_sample
7231.KL,2015-10-25,81.86562318697855,78.8465266900367,False,0.08474552922090185,0.11340832519910923,0.08630537732669652,0.12548291655542748,0.21888607268872398,0.26703532619218173,in_sample
7231.KL,2016-01-17,80.48945960854265,33.211352303949006,False,-0.06666711370329868,-0.07599439315484542,-0.12161227799088327,-0.16336106568291603,-0.10390324627547284,-0.1590750082060269,in_sample
7231.KL,2017-01-29,89.36301741357791,73.91133558384324,False,-0.03500017282380013,-0.04211015547194474,0.09207580398258261,0.05685792929133973,0.11229921025050754,0.07097347666935054,out_of_sample
7231.KL,2017-03-26,91.30312149549688,83.30877111383619,True,0.018518317312932138,0.012618246381742106,0.00925888871605204,-0.0036467560193768588,0.014912183321933975,-0.011185516001422747,out_of_sample
7231.KL,2017-04-02,89.83583377311191,38.189242302959634,False,-0.04054039945771738,-0.05661433432478723,0.06306264661732928,0.044552061739249124,-0.017067772260997708,-0.039687283967110805,out_of_sample
7231.KL,2017-04-09,86.76754668339352,38.189242302959634,False,-0.022222592220482798,-0.03429113359614625,-0.008889697702207145,-0.029116818629417854,-0.03466429481945136,-0.04726682198306099,out_of_sample
7231.KL,2020-10-25,90.72803359202437,93.21707862326495,True,0.24623128203480177,0.17992101041071795,0.06828170133308181,-0.037328996921284316,0.129326255505468,0.04076312738105273,out_of_sample
7231.KL,2020-11-01,94.43899031062506,87.57544370815373,True,0.06666661393387545,-0.02925056442771827,0.0508886991387285,-0.06792050097614435,0.0701709452075978,-0.01834964889915125,out_of_sample
7231.KL,2020-11-08,96.74292700775963,87.57544370815373,True,0.02678563086078656,-0.04047369368466894,-0.041907863581778455,-0.11269432962120318,-0.03286890243495488,-0.06363935419648127,out_of_sample
7231.KL,2021-12-12,86.61313460154963,83.8471565758841,True,0.14057483514926525,0.10415149660559372,0.16730681269761055,0.14455144975922576,0.08711005788856772,0.009830534927619844,out_of_sample
7231.KL,2021-12-19,88.42646172695534,83.8471565758841,True,0.07826103061032642,0.04276196872499145,0.1565221949404185,0.10533744624835822,0.02992975968151161,-0.014151145576790536,out_of_sample
7231.KL,2022-11-27,85.4344808484769,72.99539162434907,False,-0.03716207649425758,-0.029183828320705454,-0.01182422189530798,-0.02110074094613976,-0.028716431213686885,-0.02223156407582152,out_of_sample
7231.KL,2023-08-27,95.23227548489221,92.64602386236486,True,0.134100660315077,0.13012694622001175,0.16560332883148338,0.16799168125704447,0.24436043762006573,0.23315921516762617,out_of_sample
7231.KL,2023-09-03,97.96148676889392,95.70475568671009,True,0.08127701237637358,0.10810440304398372,0.10304786024942215,0.11775989191931957,0.11756169164432274,0.12406012984538996,out_of_sample
7231.KL,2023-09-10,92.45472806996828,95.70475568671009,True,0.0799069694107474,0.1060727809964995,0.09411631448183211,0.09756653450960301,0.17226731770713855,0.17128442911376413,out_of_sample
7231.KL,2023-10-08,82.00045039294481,89.52314943480052,True,0.013157934408774174,-0.010167999131277798,0.0855262081943852,0.0576480534714191,0.11708326819723032,0.09041902763580062,out_of_sample
7231.KL,2023-10-15,89.2026382679065,89.52314943480052,True,0.0,-0.0007201788275032237,0.12101884234908492,0.12252149716323102,0.029698632453804337,-0.000402306694888499,out_of_sample
7231.KL,2025-12-07,90.0038038475086,83.22578877918339,True,0.02537000852449125,-0.007564931712013369,-0.004787987206431717,-0.08171866783457744,0.01783044035450215,-0.04408649516810033,out_of_sample
5015.KL,2002-04-07,87.10532480700705,,False,0.15646320962070223,0.11280794579727149,0.1768709270548665,0.20269107045245716,0.1353344277446006,0.18258821839405806,in_sample
5015.KL,2002-04-14,95.42944321575771,,False,-0.005714486477252157,-0.021599305927730534,0.00020172386725746705,0.02725625731251073,-0.03468873399955541,0.006009048767003075,in_sample
5015.KL,2002-04-21,93.00313236121968,,False,-0.027174117938024565,-0.014021991275411873,-0.021068049825158048,0.04136066858713122,-0.06531327115032967,0.007962863112798188,in_sample
5015.KL,2003-07-06,84.1273759728818,,False,0.02389072042647796,0.02675919017135267,-0.003412960060925423,-0.02849881297824114,-0.031192364808206585,-0.05478876493675659,in_sample
5015.KL,2003-07-13,91.82272564595378,,False,-0.045454564402094735,-0.0431199845092785,-0.038735005525294845,-0.08374115962932087,-0.0882845963839158,-0.11080150098847392,in_sample
5015.KL,2005-07-10,94.69429584196673,,False,-0.026923104405450524,-0.07096864223500869,-0.019230874820941487,-0.025395046769585525,-0.003693729369958485,-0.03017638567490286,in_sample
5015.KL,2006-04-02,93.3929095371824,,False,0.049242320518660114,0.024852892735350168,0.022727152220618378,0.018280938418477857,-0.027685522321962627,-0.005788996286298857,in_sample
5015.KL,2007-02-25,89.46539957150033,,False,-0.05555556356356818,-0.018297234673438217,-0.05555556356356818,-0.0804100791675341,-0.02777767367361365,-0.08494301200793644,in_sample
5015.KL,2007-04-08,80.97212270124244,,False,0.05220911538592551,-0.013846601598648096,-0.0534288989729908,-0.1168807955383245,-0.024367370836457312,-0.0833702469699138,in_sample
5015.KL,2007-11-04,85.15915484532304,,False,0.05429883482942451,0.054656621707940146,0.04977380267726804,0.014309925350648803,0.022625083210959712,0.016957707609159735,in_sample
5015.KL,2009-04-26,95.3943107270649,77.7677259937884,False,0.01714308079925434,-0.03582466054517798,0.030441898229057438,-0.036870838823398505,0.07262366378305954,-0.05654186053929791,in_sample
5015.KL,2009-05-03,86.06485097537166,68.80652800058095,False,0.0112996094242157,-0.042569211500800154,0.012840043917277128,-0.07298472356461266,0.05454507820515128,-0.11213842733233192,in_sample
5015.KL,2009-05-10,82.78599267195646,68.80652800058095,False,0.03677203738700468,-0.010677240270341046,0.02492326779588455,-0.019789241991448853,0.06639418508689993,-0.07786260886206114,in_sample
5015.KL,2009-10-04,95.65710733923471,95.68822364836903,True,0.04444454571020863,0.013787567083265624,0.06666681856531295,0.013311390294587562,0.10222210359661275,0.05439624543599099,in_sample
5015.KL,2009-10-11,96.15005948988649,95.68822364836903,True,-0.004201640332793104,-0.026036320147777157,-0.004201640332793104,-0.03368730798813615,0.11764691401515473,0.0860701161809229,in_sample
5015.KL,2010-01-03,95.02314359079185,98.83981897961648,True,0.14661652934666458,0.15731751050890957,0.4210524982629652,0.4226238616988803,0.4849621629824863,0.451680696918815,in_sample
5015.KL,2010-01-10,97.73145975845041,98.83981897961648,True,0.023102329695114335,0.05796749136478262,0.29042895611358854,0.2851697495281473,0.30362995588580505,0.2704044136605298,in_sample
5015.KL,2010-01-17,94.99492686251278,98.83981897961648,True,-0.01898716222981166,0.015812344104434346,0.2531644806858677,0.24344617642716868,0.3734175278948949,0.3461569620367756,in_sample
5015.KL,2010-01-24,85.7315689053114,98.83981897961648,True,-0.031249885567435385,0.0016463494533835409,0.21875011443256462,0.22171060943851864,0.38437477342352205,0.3595217844021065,in_sample
5015.KL,2010-03-07,87.50658931756162,92.88557558640044,True,0.010229931457810936,-0.017590092926573517,0.12787684043614542,0.09202463888235937,0.0741686513662735,0.09772647994266084,in_sample
5015.KL,2010-03-14,83.0732757230753,92.88557558640044,True,0.095959508159066,0.07858608675486634,0.03787883887781911,0.021336691009999884,0.025641035125207275,0.038461304458205454,in_sample
5015.KL,2010-04-18,82.59301799878152,97.95517220477156,True,0.0090291947556726,0.0041296027771768025,-0.1202176830729562,-0.09163062376970321,-0.0090869907013333,-0.0027393382080130634,in_sample
5015.KL,2013-01-13,95.24607293892181,89.2583198966935,True,0.1319996493367188,0.16700286087346994,-0.00800025838347036,0.009079429658571683,0.023999872413131097,0.020463844948434423,in_sample
5015.KL,2013-01-20,98.9592623398601,89.2583198966935,True,0.01960785540752099,0.048544106863460945,-0.11942936405370438,-0.09032010367848474,-0.08199615304019962,-0.09517293757331874,in_sample
5015.KL,2013-01-27,91.1913696846586,89.2583198966935,True,-0.07543867012170502,-0.0662457234508618,-0.13157899599232092,-0.1253241535522986,-0.08771924267544275,-0.12995780907384696,in_sample
5015.KL,2013-08-18,93.65128759421621,80.36088947157559,True,0.04217170372344624,0.0519242769247447,0.05139436981222962,0.05278679490504317,0.07721823241095353,0.06813668277384553,in_sample
5015.KL,2013-08-25,93.74693847668648,80.36088947157559,True,0.025245354621046198,-0.021678949611770228,0.03774849345834628,-0.007874300490588418,0.04489273176408711,0.00491757039631683,in_sample
5015.KL,2014-05-18,83.49685564197274,66.83006401006564,False,-0.04007000941444473,-0.03656560994025697,-0.04328021203077507,-0.04317935854192168,-0.020807096655673013,0.002274222432774784,in_sample
5015.KL,2015-04-12,83.91764479525965,71.49330763174736,False,0.036585108170929366,0.056462478577747,0.010263248654554913,0.06393106989635461,-0.02931382985730365,0.030367061566832082,in_sample
5015.KL,2015-04-19,83.80306341851802,71.49330763174736,False,0.009999863417178656,0.028386925098775162,-0.03869574019059132,0.02170428533633976,-0.08788826168085431,-0.017308678001292682,in_sample
5015.KL,2015-04-26,88.18619429536602,71.49330763174736,False,-0.03921558091671526,0.001094074414120412,-0.07563016466103806,-3.0759617669726125e-05,-0.11582017975133463,-0.04288372666413691,in_sample
5015.KL,2015-05-03,84.12059326144079,32.81714541789475,False,-0.038834923575792095,7.568884152057281e-05,-0.048785172332011004,0.010501978459770654,-0.11644471855039619,-0.06281681470871976,in_sample
5015.KL,2017-03-05,91.85531534779636,66.46916686164172,False,0.011267926846100604,-0.0072934944108024626,0.07605668419206123,0.04112297299176461,0.1661975201030377,0.12878193120442077,out_of_sample
5015.KL,2017-03-12,95.80586623132514,66.46916686164172,False,0.008196488648493453,-0.005858178537939924,0.09289600311472442,0.06660317522016693,0.13661166053201537,0.1020455869655996,out_of_sample
5015.KL,2017-03-19,88.29190940976092,66.46916686164172,False,0.021738874134815372,0.029881185236737093,0.10597806599929196,0.08840412329735799,0.11406262286673602,0.08902820578047305,out_of_sample
5015.KL,2017-03-26,85.56801795754706,66.46916686164172,False,0.02439042017811094,0.018490349246920907,0.13279122092008525,0.11988557618465634,0.09160045055219827,0.06550275122884155,out_of_sample
5015.KL,2017-05-07,93.32129511654115,90.23165401028466,True,0.039999832822796046,0.03193854130151466,0.02493776380786682,0.024410145602067883,-0.013497469504340488,-0.015959526213983444,out_of_sample
5015.KL,2017-05-14,91.93976490689063,90.23165401028466,True,0.0073098708880264774,-2.17578725522638e-05,-0.005281524502795969,0.0036943247711246387,-0.04305580847402827,-0.04230126798176432,out_of_sample
5015.KL,2017-05-21,95.12915897480586,90.23165401028466,True,-0.03636219067307976,-0.04938616250746873,-0.03636219067307976,-0.02885205139827521,-0.08295041722889168,-0.08220389046983537,out_of_sample
5015.KL,2020-06-14,84.3534445563678,52.3473345019273,False,-0.045197591656815375,-0.07483494803655683,-0.045197591656815375,-0.0659735161024291,-0.028078492216559784,-0.008570313927360167,out_of_sample
5015.KL,2020-09-20,82.23457307566599,72.4686242763657,False,0.0581396505018711,0.05999149140073665,0.07558154565243244,0.02045192772749406,0.46511630913048646,0.3470050604528683,out_of_sample
5015.KL,2020-10-18,89.54085728996095,82.33442226588157,True,0.016483547462084722,-0.04060362772753605,0.3846152617337306,0.26442960744718214,0.31868154172700996,0.23266841631084917,out_of_sample
5015.KL,2020-11-22,92.70709589653531,95.26970548358258,True,0.17788470511758897,0.14102824065680467,0.14423079532053248,0.12336176958523837,0.10576926634618065,0.10221159171382771,out_of_sample
5015.KL,2020-11-29,86.67661145320143,95.26970548358258,True,0.1857141600652035,0.1648257004212887,0.07619062510790697,0.08293984338907548,0.1047618652057122,0.11885744467010145,out_of_sample
5015.KL,2020-12-06,97.59376186447538,97.97004613425884,True,-0.03773579060824001,-0.041040649523828715,-0.162264067410943,-0.12807474533641378,-0.166037723915849,-0.1388465679829427,out_of_sample
5015.KL,2023-03-12,92.47099468648703,87.33891364399771,True,0.034999915428968326,0.03921455604735753,0.05569995563512302,0.0571234051667203,0.040174964274558224,0.07633480732457504,out_of_sample
5015.KL,2023-07-30,81.38729756596182,81.10402090674464,True,-0.05000006133446625,-0.04595966732598214,-0.05454549047877821,-0.05446275519473821,-0.03573052961221215,-0.029311433062997327,out_of_sample
5015.KL,2023-12-03,91.41432096160516,83.38417939702482,True,0.012145772735666024,0.013326763066045764,0.21457480996860906,0.18031175757379284,0.13765177816637453,0.07398022255736196,out_of_sample
5015.KL,2023-12-10,80.99409347354022,83.38417939702482,True,0.1733872531905815,0.14173609846772495,0.1733872531905815,0.12164554783788152,0.19758073373442567,0.1309704361695675,out_of_sample
5015.KL,2024-01-07,90.15847933514353,93.32166199294208,True,0.0,-0.019474170641761733,0.020618496134212457,-0.013268096908368016,0.006606466362993194,-0.025969249997264767,out_of_sample
5015.KL,2024-05-26,86.74765402937,76.42236206573867,False,0.006896497988449275,0.024822908300428093,0.05172402349391975,0.041133666475574156,0.01379309217041528,0.01101428524676576,out_of_sample
5015.KL,2024-07-21,87.59771948694878,82.80782928432572,True,-0.03606547960889453,-0.028335789690079806,-0.016393225211619532,-0.025925457725442184,-0.013001605444737826,-0.011168480938617043,out_of_sample
5015.KL,2025-05-04,96.53072735050598,83.78910205664594,True,-0.04189940591578955,-0.01976635165639039,-0.0474859980945605,-0.038195852845377964,-0.05027932960893855,-0.044619662107677475,out_of_sample
5015.KL,2025-11-30,80.17306148093706,76.29147428926106,False,-0.012084641470545943,-0.057351929864222724,0.021148085126779466,-0.05085078156477089,0.07250754924986819,-0.019959114545993875,out_of_sample
7197.KL,2006-11-19,91.14691756081133,,False,0.11214967248321091,0.06552172121046794,0.21495176785599493,0.1394899417004209,-0.24298925157198875,-0.4352277901295937,in_sample
7197.KL,2006-11-26,92.99300533630658,,False,0.008476285410810648,-0.009714369337876562,0.10169528087435352,0.019341941538977836,-0.23728547274965325,-0.4274535195752532,in_sample
7197.KL,2007-01-14,86.37425575118853,,False,-0.3769211515582257,-0.48550400365207413,-0.3076901204069576,-0.36978083782594573,-0.28461323000087896,-0.42718967676473907,in_sample
7197.KL,2007-06-24,96.87306462862917,,False,0.018516556050376734,0.025134952029723982,-0.09987570018833436,0.04386116190353245,-0.08072018505031564,-0.007371413354537643,in_sample
7197.KL,2009-04-12,93.91721802880248,,False,0.4814665303976852,0.3907486226759321,0.7036886967628073,0.5612170121917255,0.6296221820162816,0.4901355391702998,in_sample
7197.KL,2009-04-19,92.33153411337874,,False,0.5000214105323337,0.4492116672427261,0.7143101372972605,0.5848199503697002,0.3928769663554087,0.2865847808627125,in_sample
7197.KL,2010-10-10,81.01372040593263,,False,-0.09615078076519758,-0.11662448848615435,0.03846957004751727,0.025259219207751885,-0.19230147452154706,-0.21761519532455564,in_sample
7197.KL,2010-11-21,85.12242297611785,,False,-0.4084490123852354,-0.4043521738039987,-0.35211650670547234,-0.39450551354491115,-0.3943701077122172,-0.38671430018719727,in_sample
7197.KL,2013-06-02,81.25652478225614,30.91535092763188,False,-0.17647059345377766,-0.17891238612563978,-0.15687060587376853,-0.1785694422446809,-0.09804713386532295,-0.07083173656516323,in_sample
7197.KL,2013-12-15,91.53728623961383,84.53093277882186,True,0.09999997737787389,0.10746594331731452,0.06665994035450229,0.08391753276189923,0.18332993624406196,0.18772582068323598,in_sample
7197.KL,2014-08-17,88.6108018138675,51.01192523456452,False,0.020199959490397983,0.02485049704736011,0.07070305730500001,0.10043526491468723,0.10100610422667243,0.1225261925845943,in_sample
7197.KL,2015-01-04,81.90643839276471,37.012798547748304,False,-0.0796461204546663,-0.09590038651176956,-0.08849751340353332,-0.12754424551534405,-0.008851392948867018,-0.04342522460428522,in_sample
7197.KL,2015-04-19,85.61623167399233,86.04989515271302,True,0.007693913466687354,0.026080975148283857,0.16923289384321955,0.22963291937015062,0.09230795895512181,0.16288754263468344,in_sample
7197.KL,2015-04-26,93.94520780176289,86.04989515271302,True,0.0,0.04030965533083567,0.09219571957291993,0.16779512461628826,0.23404254499877744,0.3069789980859752,in_sample
7197.KL,2015-07-26,88.61131254114072,89.02243766726407,True,-0.14736665038187657,-0.06246813752056793,-0.021050623281369644,0.008767630456836796,0.11579076308545114,0.11808048591385366,in_sample
7197.KL,2015-08-02,88.5553602787018,29.779515597565247,False,-0.19306971320281938,-0.1290006163937671,-0.09900905030239349,-0.036257327306236584,0.08910913975180655,0.0961950183418822,in_sample
7197.KL,2015-10-25,85.34244259863736,83.46313922535792,True,0.7727304660051342,0.8013932619833416,1.4000043434561638,1.4391818826848948,1.2727305482675615,1.3208798017710193,in_sample
7197.KL,2015-11-01,93.5121710484256,91.92532139206024,True,0.6302531424088492,0.6201193224289818,1.4117672062857833,1.4130879351182126,0.9663899259810359,0.9907038827620865,in_sample
7197.KL,2015-11-08,98.30509984107918,91.92532139206024,True,0.41379344130096857,0.42437062381930013,0.9034496926914503,0.8994097930705149,0.5379314050447566,0.5485500814772416,in_sample
7197.KL,2015-11-15,99.54106457683956,91.92532139206024,True,0.2645493313186474,0.2758640012793554,0.449734974000114,0.450518650511401,0.21693016058598252,0.21479024540995076,in_sample
7197.KL,2015-11-22,87.92077972252531,91.92532139206024,True,0.35384616526876617,0.3646711838174098,0.2820508203873669,0.3021122958920292,0.08717848389337057,0.09809979893472848,in_sample
7197.KL,2015-12-20,85.24949000757411,95.03847913956612,True,-0.05303065202178744,-0.0436931160658471,-0.19697044480859213,-0.19687309449694862,-0.39015230038235504,-0.4221737213122562,in_sample
7197.KL,2015-12-27,88.69816848308102,95.03847913956612,True,-0.18466843696355179,-0.16164480103513248,-0.16724746453872869,-0.1740824069499195,-0.4216027549386106,-0.45336087827093174,in_sample
7197.KL,2017-09-03,84.04764291210053,35.69216867871666,False,-0.07509847692409928,-0.06518393013411762,-0.04743087301553806,-0.03218688557174265,-0.2608697300530177,-0.2293271435786884,out_of_sample
7197.KL,2018-08-05,80.16507384129446,86.45058572095114,True,0.2696635782225597,0.2474343262638588,0.19101282387714438,0.18367608312554334,-0.061796672679251784,-0.007288243841584267,out_of_sample
7197.KL,2018-08-12,94.5800581787591,86.45058572095114,True,-0.005077099503194615,-0.0014332085688529288,-0.015228450644990803,0.0006098301723634816,-0.11675032192353227,-0.06586841419388392,out_of_sample
7197.KL,2018-08-19,97.97106940780304,86.45058572095114,True,-0.13043489208449116,-0.14181161240824336,-0.21739056880732502,-0.18782462077627327,-0.33043591499895547,-0.28816999175882696,out_of_sample
7197.KL,2020-05-17,92.9798297422637,76.63847284691171,False,-0.04254903367005149,-0.1441423216465462,-0.04254903367005149,-0.17679063450783672,0.5106404832877118,0.3861605763904223,out_of_sample
7197.KL,2020-11-15,89.14915561850755,85.129047422483,True,-0.05181148045500527,-0.11150237499793555,-0.05181148045500527,-0.07917530711513977,0.24352588576707593,0.250483177396948,out_of_sample
7197.KL,2021-01-24,95.67801729745446,90.57099735335913,True,0.15315139273634884,0.16054767302973838,0.44144052487900015,0.4229967260438797,0.3243243463570753,0.31703448406288365,out_of_sample
7197.KL,2021-01-31,89.69471922275561,90.57099735335913,True,0.20175261950336892,0.1945067210042399,0.39473682330571186,0.37237981424964406,0.2631578822038079,0.23632563715669933,out_of_sample
7197.KL,2021-02-07,92.67462275864882,92.23757967933544,True,0.19999995475574778,0.18638689142367823,0.28333255286998243,0.27907571581358565,0.224999967951988,0.21041769125634213,out_of_sample
7197.KL,2021-02-14,95.82387094192877,92.23757967933544,True,0.2595438750759397,0.2493715019569907,0.12213908242444631,0.11411745226965617,0.16030560293929214,0.16778962367465236,out_of_sample
7197.KL,2021-09-12,88.08212762852061,85.91619681556882,True,-0.07239782876529759,-0.06473908747362345,-0.16289607693085648,-0.13482448225787094,-0.45248866128894233,-0.4053875224038962,out_of_sample
7197.KL,2023-03-05,85.02202795003032,84.37698771605943,True,-0.026315162821178052,-0.005015529531789079,-0.026315162821178052,-0.00044739329610129705,-0.08552579723452484,-0.05073506649900914,out_of_sample
7197.KL,2023-03-12,82.28554649992329,84.37698771605943,True,-0.04516070953818929,-0.040946068919800085,-0.09677430842467721,-0.09535085889307993,-0.06451564127882953,-0.028355798228812706,out_of_sample
7197.KL,2024-01-14,90.62848350008217,84.47827437439142,True,0.01315859345438647,-0.003609639800750535,0.809211527393168,0.773900152227986,1.5460557319422217,1.5003970152128336,out_of_sample
7197.KL,2024-02-25,93.63479039124253,95.47388770992796,True,1.1150021409602433,1.1193400967972524,0.915000982706181,0.9159951271356035,1.0600015419257205,1.0164216732243359,out_of_sample
7197.KL,2024-03-03,96.96717096542716,94.28701799353587,True,0.24087593169343882,0.24214384317535947,0.3868611566984735,0.3627132170248684,0.37591217565555807,0.32299998735542457,out_of_sample
7197.KL,2024-03-10,84.05631793074417,94.28701799353587,True,0.4072736622515044,0.3972792375668966,0.4872734569247087,0.45497832558690965,0.21091003928915072,0.1740105361525701,out_of_sample
7197.KL,2024-03-17,97.38770535673227,94.28701799353587,True,0.1682242716662175,0.16937695228344052,0.30841120230748503,0.27760287863747196,0.08099628687054111,0.03911788991966159,out_of_sample
7197.KL,2024-03-24,99.218950935005,94.28701799353587,True,-0.0945630996681917,-0.0979214795795176,-0.02600498503966135,-0.07413158062428687,-0.21040216515252083,-0.2524991257292688,out_of_sample
7197.KL,2025-02-09,91.82047665774503,88.41220033670565,True,-0.10757021528434177,-0.0801393651980015,-0.11771102267696744,-0.06316989988117669,-0.00818552997512962,0.0222499081735015,out_of_sample
7197.KL,2025-02-16,83.29646641934572,88.41220033670565,True,-0.13508047566248055,-0.08516218438918118,-0.11693525535284684,-0.03095889953521387,0.0282260745097649,0.05656232499841814,out_of_sample
7609.KL,2002-03-24,88.98294474224053,,False,-0.35862056503592177,-0.4193675063038875,-0.34827580309735584,-0.39507166623678636,-0.3724136885122915,-0.3669395576771423,in_sample
7609.KL,2002-08-25,80.82178322385573,,False,-0.009900957992847481,0.06866172965102606,-0.039603831971389926,0.06689076559071544,0.02970305927696555,0.14218403360539406,in_sample
7609.KL,2002-09-01,84.34972801700515,,False,-0.058252327513863514,0.03171618535992492,-0.08737871839628328,-0.009106122492166552,0.043689404623239246,0.14524134980142234,in_sample
7609.KL,2003-10-19,91.71889930493292,,False,-0.3543045785105437,-0.368618633757344,-0.3609270737259435,-0.3748698620476099,-0.34768214526580987,-0.40449028278664234,in_sample
7609.KL,2005-01-02,82.07921605192182,,False,-0.053333462259834104,-0.06413318000342672,-0.1133333811609062,-0.10901350751578101,-0.18666677479857055,-0.1601854280768687,in_sample
7609.KL,2006-04-09,88.47854762932123,,False,0.027777756983179584,0.009053803121568234,-0.02166323015136887,-0.007898354323963878,-0.02655495143088878,0.004196040776006368,in_sample
7609.KL,2006-07-23,88.12489382042968,,False,-0.028571405436677962,-0.047258175317657025,-0.038095288220531084,-0.07515517728639852,0.08571421631003388,0.02210576273733332,in_sample
7609.KL,2007-06-24,92.4243230023964,,False,0.06521708214749751,0.07183547812684477,-0.07246396655546303,0.07127289553640379,0.0579707266276974,0.1313194983234754,in_sample
7609.KL,2007-07-01,88.15127277823022,,False,0.19148943023068823,0.19075108501265872,-0.007092294847871564,0.052610288666390295,0.028368834301234803,0.06413432353020032,in_sample
7609.KL,2008-04-27,95.02040566595947,,False,-0.03424659512574023,-0.023921206010495095,-0.11293752237088872,-0.04973499233639557,-0.10578378151393066,0.03631913386162407,in_sample
7609.KL,2009-04-12,86.85483114291111,84.10626204536293,True,0.1538461436363832,0.06312823591463006,0.15465365481763904,0.012181970246557261,0.1636046322260405,0.024117989380058658,in_sample
7609.KL,2009-04-19,82.31141439395633,84.10626204536293,True,0.11824365805694348,0.06743391476733587,0.22474313553039701,0.09525294860283678,0.17149319939036595,0.06520101389766975,in_sample
7609.KL,2009-04-26,89.08562021893032,84.10626204536293,True,0.0558991627526376,0.0029314214082052786,0.08186381578786944,0.014551078735413503,0.1337933785370162,0.00462785421465875,in_sample
7609.KL,2009-05-03,95.23048226106228,82.96208435968954,True,0.05548996804560211,0.0016211471205862596,0.04724403864558742,-0.03858072883630237,0.11321220750195306,-0.05347129803553015,in_sample
7609.KL,2009-05-10,96.77638588636712,82.96208435968954,True,0.0006998430299476222,-0.046749434627398105,0.008457356852537644,-0.03625515293479576,0.10154579727236064,-0.04271099667660043,in_sample
7609.KL,2009-10-18,93.97505711734065,87.01689752774928,True,-0.10112355057643718,-0.11241435254157521,-0.10112355057643718,-0.10369361543997897,-0.044943855793653904,-0.07375577871890446,in_sample
7609.KL,2012-01-22,87.20976085091297,70.89209681212871,False,0.0,-0.022651143039264188,0.005814041309200906,-0.026195723930768113,-0.023255922907671714,-0.07609763355311248,in_sample
7609.KL,2014-07-13,95.14604297884404,86.93697418526266,True,-0.08502022030367812,-0.06203743681018483,0.06882595786029069,0.07662675083276418,0.028340143686024843,0.05081847922818161,in_sample
7609.KL,2014-08-24,90.49665676520783,97.04265778160949,True,-0.0690909648471148,-0.05759972218295349,-0.19999996214084798,-0.1558094896785833,-0.15999996971267838,-0.12942794555946008,in_sample
7609.KL,2015-03-29,84.58670973019467,80.84742623342514,True,-0.015873050301807957,-0.043010347748002796,0.03972858819195029,0.053994841183257605,-0.00041521123251736064,0.05009845990607338,in_sample
7609.KL,2015-05-17,84.03061129870144,69.03125739237755,False,-0.03461529365045044,0.008184635125250889,-0.057692222055863385,-0.004522056952522467,0.05000004453095104,0.12134426303729018,in_sample
7609.KL,2015-08-02,91.88660845369107,23.429731860300404,False,-0.14909099006280868,-0.0850218932537564,-0.05454555490978386,0.00820616808637304,0.5018181508583378,0.5089040294484135,in_sample
7609.KL,2015-09-20,81.31644913542401,76.39545202140275,False,0.5384615308494101,0.5100869185503495,0.6769230023242188,0.6832364093148201,0.7692309138612085,0.7867875566960915,in_sample
7609.KL,2015-10-11,87.35788514397575,88.98515138814632,True,0.30330350238055004,0.3155153974510423,0.38138149553756484,0.40404140568333335,0.32132137004652156,0.32954270032634464,in_sample
7609.KL,2015-10-18,93.86665424265233,88.98515138814632,True,0.08999995690393495,0.12373087448474959,0.15000009969985198,0.19466403304147586,0.08749999919596893,0.12198815916025837,in_sample
7609.KL,2015-10-25,90.53719700043855,88.98515138814632,True,0.026634303374466286,0.05529709935267367,0.09443094416491075,0.1336084833936417,-0.10169486773896548,-0.05354561423550774,in_sample
7609.KL,2015-11-01,92.07835959561787,47.44810597522075,False,-0.009345816303404943,-0.019479636283272293,0.06308412479042592,0.06440485362285532,-0.1588785164710642,-0.13456455969001352,in_sample
7609.KL,2015-11-08,88.50255424231632,47.44810597522075,False,0.05990775979225204,0.07048494231058358,0.013824767318633741,0.009784867697698388,-0.12903230778606664,-0.11841363135358159,in_sample
7609.KL,2015-11-15,84.86992453610078,47.44810597522075,False,0.05504600474145251,0.06636067470216052,-0.002293539272301403,-0.0015098627610143642,-0.1559632080091293,-0.15810312318516107,in_sample
7609.KL,2016-06-05,89.03787972319782,51.17274586405656,False,0.0,-0.0059640993355154605,0.015831086231612085,0.005564994039230831,-0.1345647009524003,-0.16305913772193725,in_sample
7609.KL,2017-03-26,87.79062047435781,92.06020785548299,True,0.02976194067173386,0.02386186974054383,0.036288128374249135,0.023382483638820235,-0.04905334005795157,-0.0751510393813083,out_of_sample
7609.KL,2017-04-02,94.7305274937462,78.28038601324074,False,0.01111119478899203,-0.004962740078077819,-0.066934343605325,-0.08544492848340517,-0.10676036180657793,-0.12937987351269103,out_of_sample
7609.KL,2017-07-09,83.0360985756973,25.45199009302539,False,-0.10526320739354032,-0.11355897775961392,-0.1345029349763423,-0.14202026808901552,-0.1345029349763423,-0.1320311903481524,out_of_sample
7609.KL,2020-05-10,84.2451267999358,72.40378657101085,False,0.041095832281131214,-0.08479480736159208,0.15068488477502706,0.027456405924484256,0.36986298976281873,0.20966742435434227,out_of_sample
7609.KL,2020-07-05,88.43874550820719,92.12305706955426,True,0.19047621802266368,0.15756476033262723,0.14285716351699776,0.16053021478102475,0.035714308956622476,0.0637373721591911,out_of_sample
7609.KL,2020-07-12,95.07137118688786,92.12305706955426,True,0.030927790508471817,0.039534152621521976,-0.030927853126996942,0.016803063359696325,-0.12371134988946265,-0.0662056213252129,out_of_sample
7609.KL,2020-07-19,96.83995947200206,92.12305706955426,True,-0.04672901652683418,-0.026845915220622994,-0.14953277341301507,-0.09222633740849268,-0.16822439137701367,-0.12689209649743952,out_of_sample
7609.KL,2020-12-13,81.564161183398,88.17782145316608,True,0.07692308590827984,0.10742921561956628,0.057692343633119356,0.12058633141391395,0.07692308590827984,0.12706019019587123,out_of_sample
7609.KL,2020-12-20,91.53032951968612,88.17782145316608,True,0.01818179207869073,0.03360093568580943,0.009090896039345365,0.04120603537615643,0.04545448019672682,0.06772393359468998,out_of_sample
7609.KL,2020-12-27,88.8263052205126,88.17782145316608,True,0.02654863546309176,0.05362081721223537,0.01769909030872784,0.05196731890689073,0.02654863546309176,0.035676332251323946,out_of_sample
7609.KL,2021-04-25,92.15605634338567,79.03774226170235,False,-0.05426358341156547,-0.02550261263829819,-0.03875972934268898,-0.02671070996624837,-0.16279065606419865,-0.1093534095741289,out_of_sample
7609.KL,2021-05-02,96.18069400328243,25.79318414141639,False,-0.14084504873399073,-0.13634338925913123,-0.20422532921921244,-0.17802112101930995,-0.18309859757389146,-0.13426765335034027,out_of_sample
7609.KL,2021-05-09,96.68440986871968,25.79318414141639,False,-0.22077916136079317,-0.2151096912818429,-0.27922072031457945,-0.24514092110831143,-0.2532467291720455,-0.19475671157029717,out_of_sample
7609.KL,2021-12-05,91.26973056600848,91.23856615252578,True,0.2240437354352683,0.1802345277892548,0.24590162846188798,0.2337290623613994,0.24590162846188798,0.18598447832013348,out_of_sample
7609.KL,2022-01-02,88.89040128149095,86.00230174337771,True,0.017857117677945608,0.048165953156482436,0.017857117677945608,0.0024252337879122274,-0.017857117677945608,-0.04067646969207886,out_of_sample
7609.KL,2022-10-30,85.17423135288763,88.78409706603566,True,0.341269959107535,0.31416451598854844,0.22222221150970461,0.20331127051632755,0.33333336547088616,0.2966999591415933,out_of_sample
7609.KL,2022-11-06,95.66619391778318,94.73467764227651,True,0.1944444186674511,0.16418604154701968,0.10416668599941166,0.06439003627045176,0.2222221566080574,0.18101319985140615,out_of_sample
7609.KL,2025-02-02,95.7039823438627,81.2562864540699,True,0.03468203221760442,0.023262109084296087,-0.06936413465482914,-0.041572071922049605,-0.034682102437224714,-0.004031785512463169,out_of_sample
7609.KL,2025-02-09,89.9573370597869,81.2562864540699,True,0.0056818103383299325,0.03311266042467022,-0.04545455172933605,0.009086571066454698,0.0056818103383299325,0.03611724848696105,out_of_sample
7609.KL,2025-08-17,96.18636113774483,88.00560066322248,True,-0.004273498505225559,-0.019365445406489264,0.05555558439694913,0.026431134611273395,-0.017093994020902236,-0.04423917842928743,out_of_sample
7609.KL,2025-08-24,87.59335014234932,88.00560066322248,True,0.0,-0.0004757584052052524,0.02118651527244916,0.015108101789948068,-0.05932195450534651,-0.07697491434769976,out_of_sample
7609.KL,2025-08-31,88.26266597311071,88.00560066322248,True,0.008368188927230466,-0.013173061146490512,-0.054393329683852264,-0.07861372211892143,-0.12970713168578069,-0.1566574283637914,out_of_sample
5125.KL,2009-04-19,96.20946445763173,,False,0.31737542164838517,0.26656567835877754,0.6284223734090608,0.4989321864815006,0.3082262517740929,0.2019340662813967,in_sample
5125.KL,2009-04-26,98.18498259486012,,False,0.1666671805807023,0.11369943923626996,0.28333332866138755,0.2160205916089316,0.3083331908389871,0.17916766651662963,in_sample
5125.KL,2009-08-16,90.15174608740278,,False,-0.04167410304496453,-0.05825712625647266,0.010694441539609172,-0.027376519400703136,-0.010252674191351957,-0.0709895821890288,in_sample
5125.KL,2009-10-18,87.17654078853327,,False,-0.05940425707661934,-0.07069505904175737,-0.049264641431002704,-0.051834706294544494,-0.049264641431002704,-0.07807656435625325,in_sample
5125.KL,2010-10-17,89.37571011809723,,False,0.04371581094265122,0.0370372818593699,-0.20721921033079724,-0.2189116137221145,-0.12061302764477652,-0.17588666167455774,in_sample
5125.KL,2011-01-16,90.47951812559039,,False,-0.04929644456606195,-0.0012867149583060053,-0.1537151670304486,-0.10640610790003424,-0.0754872148373846,-0.0675885567795847,in_sample
5125.KL,2012-08-05,90.60632123771995,,False,0.0629928973421317,0.0562224537905415,-0.004446962996109953,-0.005437761434364941,0.11724666964102465,0.09470901019198354,in_sample
5125.KL,2012-08-12,89.13951969267646,,False,0.004069505577740051,0.016717155155161287,0.011975511953212788,0.0029379789819644064,0.09103612857981468,0.08449043667826477,in_sample
5125.KL,2012-08-19,90.49580224622082,,False,-0.03323298371815919,-0.029086948326581784,-0.018008327887454715,-0.020172207050582126,0.0433669973377537,0.04864650733695459,in_sample
5125.KL,2012-08-26,91.13925316446249,,False,-0.07572402840222052,-0.060847361472387215,0.01334241585611172,0.00234266751846823,-0.0015596836030705968,0.009931465480731783,in_sample
5125.KL,2013-01-20,91.39190511228087,,False,-0.089172136806994,-0.060235885351054036,-0.06369470295922436,-0.034585442584004714,-0.028729565986910562,-0.04190635052002968,in_sample
5125.KL,2013-05-19,92.03926142817188,,False,-0.05128166026762674,-0.047341885098180665,0.06666685150984918,0.05734604959493311,0.10769287288588499,0.09894296888077464,in_sample
5125.KL,2013-07-14,88.29674059735034,,False,0.03846188837495433,0.03902751419850081,-0.0845290615311078,-0.0498918287361581,-0.053399308859907665,-0.04830874480982442,in_sample
5125.KL,2013-07-21,96.00332195660452,,False,-0.044248078712338046,-0.03896366603219209,-0.13951558438132203,-0.1245301351213666,-0.10610574310622775,-0.09943626348208487,in_sample
5125.KL,2014-07-13,85.02754691370694,,False,-0.07142837525485134,-0.04844559176135805,-0.09821464669674158,-0.09041385372426809,-0.04427580641792636,-0.021797470875769595,in_sample
5125.KL,2014-07-20,89.05446635707297,,False,-0.05263144684223806,-0.04800782113289259,-0.07859705699030846,-0.06934439606901151,-0.05210146087500646,-0.01788309815547353,in_sample
5125.KL,2015-09-20,87.60916993149591,65.67415217275571,False,0.06795155245528807,0.039576940156227536,0.0849047305934461,0.09121813758404738,0.03404904341343841,0.051605686248321424,in_sample
5125.KL,2016-12-18,81.14499365185992,58.36350880041275,False,0.016218135936798394,-0.004975032973527006,0.016218135936798394,-0.021118702659895777,0.15675832095074602,0.10804028317475572,out_of_sample
5125.KL,2017-02-19,82.77894712550317,77.49947933167117,False,0.13684153027745263,0.11487026149123973,0.3017120800018082,0.28806201922327834,0.3546265449183615,0.3146952116114769,out_of_sample
5125.KL,2017-03-19,84.9695122293017,94.8430534855781,True,0.14502509394085733,0.15316740504277904,0.19157024865880573,0.17399630595687177,0.15433307229852117,0.1292986552122582,out_of_sample
5125.KL,2017-10-08,87.48168162101722,69.80518891738218,False,-0.02898560391801111,-0.01590740307387137,-0.07971104075134741,-0.05355456986221051,-0.057858923732783105,-0.07645873019182506,out_of_sample
5125.KL,2017-10-15,83.5868804462044,69.80518891738218,False,-0.021582268500903178,-0.01415347067988183,-0.11510712438549106,-0.09569758804364634,-0.04288242450161045,-0.0785739373488902,out_of_sample
5125.KL,2019-03-03,91.24820795874507,42.581665966504396,False,-0.07938186141194849,-0.04579099347362875,0.03681378257026569,0.07349150577908506,-0.10619502103429394,-0.0459630877289716,out_of_sample
5125.KL,2019-03-10,83.30472579138497,42.581665966504396,False,-0.007718724987572591,0.014955223025255147,-0.007718724987572591,0.017639912411576253,-0.07859589106162716,-0.061249611982548434,out_of_sample
5125.KL,2019-03-17,87.11914375554197,42.581665966504396,False,0.001292691561043669,0.03126519679530558,-0.0683625983278609,-0.026548646920639102,-0.111896369438704,-0.09332490890675307,out_of_sample
5125.KL,2021-02-21,90.652618021891,73.44464074373296,False,-0.020833344994849342,-0.04686596870509262,0.1258419381327655,0.11104636332681773,0.09427598684879529,0.0957965802491442,out_of_sample
5125.KL,2021-08-15,86.45905187123525,79.66133593889417,False,-0.07242065070652025,-0.11950025687564089,0.15706707471493264,0.11800678036124934,0.04686997673102072,0.029183564856628947,out_of_sample
5125.KL,2022-12-04,85.18349689841286,72.951557759991,False,-0.01365432194299889,-0.02289304576209758,0.15188642338339578,0.14125745896106645,0.1105010758374013,0.12737244793633673,out_of_sample
5125.KL,2022-12-11,82.88951249366384,72.951557759991,False,0.014027827662298426,0.011753165936213115,0.1433332771304013,0.13434321503707786,0.06795549533711844,0.0839587809779754,out_of_sample
5125.KL,2023-01-22,89.52379160415357,92.9841939115668,True,-0.029761740242457587,-0.01414522099209412,-0.078058762565896,-0.019005102250452696,-0.035601045543390775,0.007856029287886167,out_of_sample
5125.KL,2023-08-06,92.67107399841466,87.56263529989796,True,0.08590414303318186,0.07329691414194296,0.10462665558714974,0.11918503641822221,0.12356306298914227,0.12585334371851833,out_of_sample
5125.KL,2023-08-13,88.43884247365888,87.56263529989796,True,0.06004907303803647,0.06156577879167503,0.03519261536064187,0.0628354468630518,0.10297319041465598,0.10793488322749802,out_of_sample
5125.KL,2026-01-25,94.9269306589082,74.8861183504423,False,-0.007194273243495961,-0.026287387742282987,-0.08633092506897921,-0.08674951512311488,-0.05035964731474249,-0.035952569693611484,out_of_sample
6874.KL,2002-04-21,89.81427708550802,,False,-0.09239128237832556,-0.07923915571571287,-0.1847825647566511,-0.12235384634436185,-0.1304346779920265,-0.05715854372889863,in_sample
6874.KL,2003-06-01,83.32023721064674,,False,0.07407386454801937,0.044302933174253906,0.08333306687085072,0.02514641979477239,0.16666637970707002,0.059601251090658044,in_sample
6874.KL,2003-06-08,85.44620435782754,,False,0.16363616751454957,0.09975428075389572,0.10909096617113856,0.048260792414777876,0.054545281841170516,-0.03602498945215742,in_sample
6874.KL,2003-06-15,97.2238351657099,,False,-0.007936320534276266,-0.057158023656991394,-0.08730149360047147,-0.1340737048319699,-0.13492040066784533,-0.23136353745059002,in_sample
6874.KL,2006-05-07,89.84862165839495,,False,-0.07692318919805709,-0.04503149806243293,0.04395577449609155,0.09252138040038486,0.07692299458809147,0.10465400006384737,in_sample
6874.KL,2006-05-14,95.99691622904216,,False,-0.37398369184414393,-0.32155373064242515,-0.11382089824510985,-0.07190796335974418,-0.22764230041939146,-0.1985961869540837,in_sample
6874.KL,2006-07-09,90.73349067339247,,False,-0.12844063005873463,-0.14187032960124793,-0.23853218089399375,-0.2764875862437032,-0.3027523740689613,-0.3481194927270003,in_sample
6874.KL,2007-02-18,91.08787141510409,,False,-0.2733813142124992,-0.21008153621568115,-0.15107918756160504,-0.18761381393555984,-0.1366906571062496,-0.20749383894874351,in_sample
6874.KL,2007-02-25,83.31918381259233,,False,-0.20567372501577527,-0.16841539612564532,-0.12056734738170549,-0.14542186298567142,-0.18439713060725785,-0.24156246894158062,in_sample
6874.KL,2007-07-22,93.45645145285683,,False,-0.24019605119645088,-0.10216403453987019,-0.15686283361153466,-0.08968786736860894,0.00980386199223629,0.014947229441312361,in_sample
6874.KL,2007-07-29,93.73465875008112,,False,-0.12820497684178725,-0.06780864145491529,-0.24786322263602437,-0.2113863207351164,-0.09401706878987053,-0.10492916651096591,in_sample
6874.KL,2009-04-12,89.74365205463886,82.7462048716652,True,0.5074624094246294,0.41674450170287625,0.6268657179965922,0.4843940334255104,0.6386693684677609,0.49918272562177907,in_sample
6874.KL,2009-04-19,82.73164287126711,82.7462048716652,True,0.47058821997447486,0.41977847668486723,0.8529407743299654,0.7234505874024052,0.5069333371183065,0.40064115162561026,in_sample
6874.KL,2009-04-26,95.29683682230142,82.7462048716652,True,0.3076925347373191,0.2547247933928868,0.4102567129830922,0.34294397593063625,0.3941701198320866,0.26500459550972916,in_sample
6874.KL,2009-05-03,95.07850696023367,85.20217171906278,True,0.1609193717684602,0.10705055084344434,0.28600151996426343,0.20017675248237365,0.322057669687359,0.1553741641498758,in_sample
6874.KL,2009-05-10,97.54904394642352,85.20217171906278,True,0.07920814995150488,0.031758872294159156,0.0870382957630173,0.0423257859756839,0.10774404427868421,-0.03651274967027686,in_sample
6874.KL,2010-01-17,83.62395390387668,55.499764833532716,False,-0.09803917498863413,-0.06323966865438813,-0.058823504993180474,-0.06854180925187953,0.03921566999545365,0.011955104137334333,in_sample
6874.KL,2010-12-19,93.54659664634725,83.96275046605616,True,0.2105262201292734,0.1638491462715584,0.29323318747746246,0.29680679692229356,-0.030075321438680434,-0.02723508771881173,in_sample
6874.KL,2010-12-26,80.84558177305475,83.96275046605616,True,0.2962961680792647,0.2725791972947216,0.2296297003700609,0.22567350704061842,-0.01481485018503044,-0.009727496799953016,in_sample
6874.KL,2011-01-16,82.81595017936647,85.3801974833887,True,0.0683231523389528,0.11633288194670874,-0.19875781091487613,-0.15144875178446177,0.024844782668710107,0.03274344072651002,in_sample
6874.KL,2011-01-23,88.64198497247328,85.3801974833887,True,-0.051428423033899856,-0.03212545354228672,-0.2399999521137762,-0.21186295234562166,-0.07428543854526072,-0.057812892827566464,in_sample
6874.KL,2011-04-03,83.25435674075763,45.80104907666226,False,-0.042682642817738356,-0.029547554513400298,-0.13414629113225743,-0.12984505062796886,-0.07926829867473126,-0.08523470512700797,in_sample
6874.KL,2013-05-19,87.87390787773751,83.53468397601061,True,0.03191503747241491,0.03585481264186099,0.0531915078952191,0.043870705980303036,0.06382982606617335,0.055079922061063005,in_sample
6874.KL,2013-05-26,80.6457049311053,83.53468397601061,True,-0.02105251060965499,-0.011346080799566003,0.08421061704275876,0.07029121734673315,0.07368419756532017,0.06512276640169422,in_sample
6874.KL,2013-06-02,94.60673307548507,38.27679432796319,False,-0.11214973704770456,-0.11459152971956668,-0.06542060706414636,-0.08711944343505873,-0.11214973704770456,-0.08493433974754483,in_sample
6874.KL,2014-02-23,92.20290894606751,73.23289228099456,False,-0.044444276927571885,-0.03883998040247577,0.0777781128115229,0.06578845218851716,0.1777778008835533,0.14904626288989012,in_sample
6874.KL,2014-04-27,90.09214021016571,80.9643749280554,True,0.02857148162039117,0.024143712208116525,0.0666664191048412,0.05337235334700139,0.09523797499378,0.08879513823024054,in_sample
6874.KL,2017-01-15,83.01569070682325,74.98966277448814,False,0.0,-0.015808634622571,0.38636379927970754,0.35941016337257004,0.37500028410973385,0.33361315663402386,out_of_sample
6874.KL,2017-02-26,85.15730568233936,77.80740017971215,False,0.2244899721386588,0.19658051584552386,0.15306114839467008,0.11908695339856468,0.19387734996907566,0.15270205941283366,out_of_sample
6874.KL,2017-03-05,91.21189426548239,92.24544085332907,True,0.11764692129336156,0.0990855000364585,0.13725477921880655,0.10232106801850993,0.11764692129336156,0.08023133239474463,out_of_sample
6874.KL,2017-03-12,98.44835393548347,92.24544085332907,True,-0.008196632929882942,-0.02225130011631632,-0.03278703616651568,-0.05907986406107316,-0.06480775430859204,-0.09937382787500781,out_of_sample
6874.KL,2017-03-19,84.16047581111475,92.24544085332907,True,-0.0894306995604899,-0.08128838845856819,-0.024389923559030403,-0.04196386626096438,-0.12210316144179423,-0.1471375785280572,out_of_sample
6874.KL,2018-01-14,89.02510430040502,78.7647807955001,False,-0.18446599023298427,-0.18290229653772785,-0.009708655293321336,-0.021367375460797568,-0.20776690957122965,-0.21563446951053306,out_of_sample
6874.KL,2019-01-13,91.70374499263164,89.21511468058385,True,-0.12121220244031129,-0.12317275951874619,-0.12121220244031129,-0.11923982429197238,-0.19191922997203772,-0.16731762541046816,out_of_sample
6874.KL,2019-11-10,86.10471233203604,36.62228430321943,False,0.0,0.025650288907756086,-0.04285715017574526,-0.043882181972433314,-0.12857134806680215,-0.07969984611956782,out_of_sample
6874.KL,2019-11-17,87.67024248188797,36.62228430321943,False,-0.06944442507499464,-0.05465215931527525,-0.09722227479644313,-0.09515923101998915,-0.06944442507499464,-0.0441990826917841,out_of_sample
6874.KL,2020-04-19,86.76905716557876,74.01939609002262,False,-0.03278690741215841,-0.03001570464041786,0.26229490656465954,0.1637543569611361,1.3442620869119035,1.2131636995421835,out_of_sample
6874.KL,2020-04-26,80.93385217058078,74.01939609002262,False,0.2096772346382125,0.16083244479101227,0.33870957479900693,0.23839929511242158,1.1774192074385736,1.0120872480961822,out_of_sample
6874.KL,2020-05-31,83.72814372692159,82.88982966896818,True,0.050632853931825324,0.04052593748964817,0.6329111280863965,0.5539292951649218,0.5569617564009425,0.4864577719331417,out_of_sample
6874.KL,2020-07-12,93.07221688136296,93.21106421816448,True,-0.18881117022210342,-0.18020480810905326,-0.10489512243197792,-0.05716420594528465,-0.15384614612992972,-0.09634041756567996,out_of_sample
6874.KL,2021-02-21,89.63590142614635,66.14401300331603,False,0.057376896907781354,0.031344273197538075,0.057376896907781354,0.04258132210183358,0.0,0.001520593400348913,out_of_sample
6874.KL,2021-10-24,85.88223978374481,87.31460148285156,True,-0.10676278667201654,-0.06738195023884525,-0.10676278667201654,-0.052565297458130524,-0.07794870582663892,-0.05732631847445435,out_of_sample
6874.KL,2022-08-21,86.76337058483125,74.65747215893174,False,0.00021895226275025725,0.024899155034948304,-0.03427121421167522,0.0468021256712819,-0.05151635637037955,-0.027434317950896597,out_of_sample
6874.KL,2022-08-28,87.86926936865935,74.65747215893174,False,-0.07483957095085908,-0.024642571282175223,-0.07483957095085908,-0.03893318370932961,-0.09166065503145131,-0.05768716227581877,out_of_sample
6874.KL,2023-07-30,82.36469838482891,75.79615992629182,False,-0.06306307027304156,-0.05902267626455745,0.018351669201589732,0.018434404485629725,0.018351669201589732,0.024770765750804558,out_of_sample
6874.KL,2023-12-10,86.5093743504422,69.08214885133403,False,0.02586216200771476,-0.005788992715141765,-0.008620682799431545,-0.06036238815213151,-0.025862048398294632,-0.09247234596315282,out_of_sample
6874.KL,2023-12-17,85.58503056267193,69.08214885133403,False,0.017094116254318135,7.472039157910976e-05,-0.017094003615917924,-0.05116701793348188,0.017094116254318135,-0.0358376330459968,out_of_sample
6874.KL,2023-12-24,88.89375370186288,69.08214885133403,False,-0.01680681854425737,-0.038802438758351696,-0.03361352634320768,-0.08804912342204106,0.0,-0.06769204117310981,out_of_sample
6874.KL,2024-04-14,81.85471929636866,85.088824025916,True,0.11538472455721621,0.08338683692511452,0.18461543764207644,0.14153470174472932,0.24615395064762122,0.20748313689802653,out_of_sample
6874.KL,2024-05-19,88.48828024271047,89.44473523610564,True,0.051948093068949375,0.05770086666832011,0.03896109119569245,0.03745173000757624,-0.038961005619770776,-0.026236960172360976,out_of_sample
6874.KL,2024-09-22,90.81930807016568,60.686017522009735,False,-0.050483201170461844,-0.036802902043252685,-0.08897718881693431,-0.04320831779363553,-0.10822414221473652,-0.07222867941922079,out_of_sample
6874.KL,2025-05-18,89.93131031880284,76.94961178594517,False,-0.015872976183784585,0.01825459795232962,0.06349210476886404,0.08619295013927122,0.08730161905297233,0.0966988002403431,out_of_sample
6874.KL,2025-08-24,90.62223890289435,91.57257873761301,True,-8.514948673592386e-08,-0.0004758435546919883,0.5428570990659782,0.5367786855834772,0.3499998978206159,0.33234693797826265,out_of_sample
6874.KL,2025-08-31,92.68938293149466,91.57257873761301,True,0.1124182818115101,0.09087703173778913,0.49243699555466236,0.4682166031195932,0.23678799025765168,0.20983769357964097,out_of_sample
6874.KL,2025-10-05,92.9685594337666,97.0602073390096,True,-0.13302755604668323,-0.11718102243251637,-0.2568807545138487,-0.23817190786944203,-0.12385325315032411,-0.14956479614302884,out_of_sample
6874.KL,2025-12-28,81.75173617619906,70.68386567127011,False,-0.01570679157803206,-0.04128070802475599,0.005235597192677354,-0.03991971946773331,0.010471194385354708,-0.015532017102574772,out_of_sample
6874.KL,2026-01-04,82.63753557136408,36.65876328136429,False,-0.05670103662920382,-0.09929398094529762,-0.020618597877583123,-0.048676507584328094,0.041237072858995076,0.015550738057829406,out_of_sample
7155.KL,2006-02-12,96.37934053322921,,False,-0.06896192702898839,-0.0707548277020656,0.03448713510583949,0.009060893430601489,0.0689613616923766,0.02433508637952591,in_sample
7155.KL,2007-02-18,92.46971187801455,,False,0.09090906079946477,0.15420883879628283,0.15151129246473485,0.11497666609078006,0.09090906079946477,0.02010587895697087,in_sample
7155.KL,2007-02-25,97.00796191537306,,False,-0.12194855370054311,-0.08469022481041315,-0.0975641745837385,-0.12241869018770443,-0.14634199657696456,-0.20350733491128736,in_sample
7155.KL,2009-04-19,95.93838225122097,,False,0.14285726385817227,0.09204752056856466,0.2857143462148004,0.15622415928724018,0.09523222668816855,-0.011059958804527648,in_sample
7155.KL,2009-04-26,96.69072042646087,,False,0.0,-0.05296774134443232,0.0434839625875649,-0.02382877446489104,0.0,-0.12916552432235745,in_sample
7155.KL,2010-05-02,86.00462257690162,,False,-0.07692324182923455,-0.019569470662790238,-0.025644464419430316,-0.010841768569329517,-0.025644464419430316,-0.025124588032870397,in_sample
7155.KL,2011-02-20,90.90547565587634,,False,-0.08970987961939106,-0.08070196993706859,-0.03509219061898349,-0.03797832536383084,-0.08970987961939106,-0.10498435360765926,in_sample
7155.KL,2011-10-30,83.51811481117437,72.35457210361426,False,0.11764724397524919,0.1515716742589884,0.05882335968935491,0.04915276633495516,0.5098014305922494,0.4822406679011402,in_sample
7155.KL,2011-11-27,85.85506959641417,85.95031535968587,True,-0.05263188774721924,-0.09775778162624876,0.3508747404254187,0.2872304511977067,0.649118140708687,0.5613810925427816,in_sample
7155.KL,2012-01-15,90.95050699800117,85.13589169042206,True,0.4032285034758889,0.3778914610211749,0.6935518752481712,0.6568299545988864,0.67470751490933,0.6249395781098346,in_sample
7155.KL,2012-01-22,97.38622996644442,85.13589169042206,True,0.22077798285675634,0.19812683981749216,0.41521949318930856,0.38320972794933955,0.42857205730969117,0.3757303466642504,in_sample
7155.KL,2012-01-29,97.20714367424152,85.13589169042206,True,0.1190447777800663,0.09414505096746585,0.30952238889003314,0.2668306073144232,0.2728068217843037,0.2261568447753225,in_sample
7155.KL,2012-02-05,94.77398003494584,87.64244703719542,True,0.056821085059142136,0.027570443836397077,0.15654544277126353,0.11913898450079907,0.19159231736430882,0.17272658114095926,in_sample
7155.KL,2012-03-18,85.80049025154683,79.35346590404055,False,0.00943497753150046,-0.010750825071469855,0.00943497753150046,0.0012130597039138602,0.00943497753150046,0.009931368828914277,in_sample
7155.KL,2013-05-26,84.30334916418256,80.23598413104331,True,-0.08823542102685986,-0.07852899121677087,-0.05882353411210592,-0.07274293380813153,0.1176473079416138,0.10908587677798784,in_sample
7155.KL,2013-06-02,80.51070843843983,32.13803935325336,False,-0.10144931302428778,-0.1038911056961499,-0.043478130764581624,-0.06517696713549401,0.028985551755976464,0.05620094905613619,in_sample
7155.KL,2014-04-20,90.03616942612182,80.57939082234155,True,0.1617647425317735,0.14522121642464833,0.30882371265886743,0.29584256115012103,0.7941176287341133,0.7776766245881673,in_sample
7155.KL,2014-04-27,85.34675108815792,80.57939082234155,True,0.14492769640857497,0.14049992699630032,0.3623190875187753,0.34902502176093547,0.8115943630752417,0.8051515263117023,in_sample
7155.KL,2014-05-18,84.0189348194277,92.2594208801484,True,0.12658240067314833,0.1300868001473361,0.5443037329780606,0.5444045864669139,0.5063289323329602,0.529410251421408,in_sample
7155.KL,2014-06-15,93.39033549944598,96.9404948808804,True,0.3707863109305791,0.36737079561516933,0.33707834547469234,0.35672411170178864,0.33707834547469234,0.34149026685962586,in_sample
7155.KL,2014-06-22,94.52159370040458,96.9404948808804,True,0.3297871105768196,0.33654845382931,0.2872339023057077,0.2985876093470517,0.2872339023057077,0.3031853460630073,in_sample
7155.KL,2014-06-29,98.25903223750288,96.9404948808804,True,0.14018673826511036,0.14209541524304584,0.10280354866847721,0.10808820210731801,0.11214927182688085,0.12886444069482123,in_sample
7155.KL,2014-07-06,97.93253471726149,90.8449666455111,True,0.008695495200770412,0.020139048457020275,0.03478253341261438,0.04475651014742803,0.05217389222051036,0.0757347165433618,in_sample
7155.KL,2014-07-13,96.93588506872283,90.8449666455111,True,-0.024590240788882414,-0.001607457295389126,-0.024590240788882414,-0.016789447816408926,0.11690673901885597,0.13938507456101273,in_sample
7155.KL,2014-07-20,90.71334258240925,90.8449666455111,True,-0.032000015590957005,-0.027376389881611535,-0.032000015590957005,-0.022747354669660054,0.049119818453473664,0.08333818117300659,in_sample
7155.KL,2014-11-09,87.44023447989467,83.3053360944782,True,-0.0529799279647974,-0.011964491693186044,-0.1523176608934074,-0.11316607900279403,0.026490272070913486,0.0500239681330301,in_sample
7155.KL,2015-01-25,92.38633251164019,67.98518150135928,False,-0.04347836137478205,-0.04613494853633038,-0.05590075033900549,-0.05621691399966886,0.09316753196167796,0.069441446408333,in_sample
7155.KL,2015-07-19,95.59873402707721,94.55687636974771,True,-0.06896547052948648,0.006269242279763068,-0.06896547052948648,0.002342728364116309,-0.033820064372725264,-0.022127476860710732,in_sample
7155.KL,2016-09-18,82.5811002057161,75.198740486787,False,0.04687490224644146,0.043257227303411645,0.031249780356201802,0.04262313950489173,0.0078121747582219,0.014811579689537918,out_of_sample
7155.KL,2016-09-25,89.70593717675011,75.198740486787,False,0.037313358506235024,0.03791779645710709,-0.00746274548024335,0.020777963130842396,-0.0373136536222204,-0.017445221515563478,out_of_sample
7155.KL,2017-10-15,93.41380040492545,96.77740925304586,True,0.12280694060279172,0.13023573842381309,0.24561399365791348,0.2650235299997582,0.3333333333333333,0.29764182048605353,out_of_sample
7155.KL,2017-10-22,95.63564143131457,96.77740925304586,True,0.07650265012998725,0.08741236200085423,0.2240436630206911,0.2169084424417118,0.10928974036491419,0.0621694011922769,out_of_sample
7155.KL,2017-11-26,94.38979249396584,95.17222288678674,True,0.018867890300200047,-0.006178265575720904,-0.06132084756070737,-0.12630921653588342,-0.11792460916577739,-0.1884160693690765,out_of_sample
7155.KL,2019-01-20,89.26789161127743,79.8935334822881,False,0.05555563324773536,0.05755892756356177,0.04761922987438671,0.05452136543763263,0.11111126649547072,0.14777903299868156,out_of_sample
7155.KL,2019-01-27,87.90842312567558,79.8935334822881,False,0.01503774340481443,0.0030508799766210057,0.0075189065670393535,0.02772430830906176,0.037593975001082545,0.08401295741049412,out_of_sample
7155.KL,2019-10-27,84.02450314542955,78.93224851836847,False,-0.02380945097017791,-0.040904970600950205,0.06349208269003064,0.03789969179134433,0.23015887978994462,0.21371935202322487,out_of_sample
7155.KL,2019-12-15,80.99531835509258,73.94498878256299,False,0.022900761269315034,0.009980418136725604,0.1297709349061634,0.14038095780813725,-0.007633564279794119,0.04841423268426671,out_of_sample
7155.KL,2019-12-22,87.7290709516411,73.94498878256299,False,0.15671653772761682,0.16564100246935137,0.09701496131828505,0.13783033014736365,-0.1417910767273645,0.02305387530095568,out_of_sample
7155.KL,2019-12-29,85.88084044896368,73.94498878256299,False,0.13970597686216465,0.16317530034929154,0.06617639740416993,0.11548071992912556,-0.45588239074486586,-0.265066514244756,out_of_sample
7155.KL,2020-01-05,91.49881810802883,80.63366069273314,True,0.07142860801763769,0.12127404860004318,-0.04999991035678767,0.02989433547241859,-0.45357147522248803,-0.28707441168097325,out_of_sample
7155.KL,2020-04-19,87.6261457551971,73.36856086859449,False,-0.026315787404357964,-0.023544584632617414,0.07894744084747121,-0.019593108756052233,0.23684208663922168,0.10574369926950156,out_of_sample
7155.KL,2020-06-21,90.20240846540123,76.42695766949994,False,0.02222215139302548,-0.0368717977013399,0.06666652058144838,0.028630643769721548,0.07407390437912355,0.07567285490131133,out_of_sample
7155.KL,2020-06-28,86.68993474151505,76.42695766949994,False,0.0,-0.06818576861337645,0.014388510087183509,-0.045404237633380196,0.22302148715644882,0.21059658758223562,out_of_sample
7155.KL,2020-09-27,84.70820446754483,90.01391375628721,True,0.016666554120279203,0.026274675208618283,0.0888887453514672,0.03282371193488731,0.12777763260924901,0.03278977582027395,out_of_sample
7155.KL,2020-10-04,83.84906331966626,38.8152198167985,False,-0.048648608501251495,-0.026379706886681883,0.07567558148370543,0.0041632749447627765,0.15135135341019224,0.057456805298152794,out_of_sample
7155.KL,2022-06-12,88.4456047077141,71.33170971140366,False,-0.09090920466061848,-0.04528524513244994,-0.04848483685691456,-0.05357208737041963,0.01818174083077943,0.02003581730687875,out_of_sample
7155.KL,2024-03-24,87.5467691408059,81.28520546243278,True,-0.05978254736617215,-0.06314092727749807,0.22826088085285176,0.18013428526822622,0.32608708143822607,0.2839901208614781,out_of_sample
7155.KL,2024-05-26,83.37881074823143,85.11899069695772,True,0.017391225364489196,0.035317635676468014,0.08695645913038778,0.07636610211204219,-0.01739133613380313,-0.02017014305745265,out_of_sample
7155.KL,2024-12-15,82.32391316147395,83.99861067061939,True,-0.008474570037183105,-0.00453364334235016,-0.025423710111549314,-0.01433437626830922,-0.16101693579396378,-0.12280094171859471,out_of_sample
7155.KL,2025-05-18,89.77852932403896,74.8628053371964,False,-0.028846133209520872,0.005281440926593332,-0.057692266419041745,-0.034991421048634556,-0.1105769035867697,-0.10117972239939894,out_of_sample
