run_ts,week_end,ticker,close,high,low,crsi,rsi_comp,updown_comp,roc_comp,crsi_prev1,crsi_prev2,params,source
2026-09-07 07:49:36,2026-09-04,5026.KL,1.97,1.98,1.86,80.6154,95.4579,58.8884,87.5,43.8495,28.4518,2/5/8,watchlist
2026-09-07 07:49:36,2026-09-04,7103.KL,3.85,3.9,3.55,86.2855,99.8667,71.4898,87.5,88.6867,73.727,2/5/8,watchlist
2026-09-07 07:52:22,2026-09-04,7233.KL,2.73,2.77,2.4,58.7182,67.5565,58.5981,50.0,54.1929,23.9153,2/5/8,watchlist
2026-09-07 07:52:22,2026-09-04,8702.KL,1.02,1.09,1.0,23.674,25.5203,45.5018,0.0,73.1034,75.4849,2/5/8,watchlist
2026-09-07 07:52:22,2026-09-04,7161.KL,3.17,3.18,2.84,78.7513,97.3095,51.4445,87.5,80.0455,38.7993,2/5/8,watchlist
2026-09-07 07:52:22,2026-09-04,1015.KL,6.95,7.05,6.71,55.9961,37.3848,55.6035,75.0,22.7249,27.0269,2/5/8,watchlist
2026-09-07 07:52:22,2026-09-04,1066.KL,8.29,8.68,8.18,19.043,12.8324,44.2965,0.0,60.1707,37.5931,2/5/8,watchlist
2026-09-07 07:52:22,2026-09-04,6491.KL,2.65,2.7,2.61,25.6003,29.2089,35.0919,12.5,24.6991,87.317,2/5/8,watchlist
2026-09-07 07:52:22,2026-09-04,8907.KL,1.81,1.96,1.75,30.0032,40.2654,49.7444,0.0,81.3329,16.5824,2/5/8,watchlist
2026-09-07 07:52:22,2026-09-04,5263.KL,7.95,8.24,7.83,33.8031,36.8589,39.5505,25.0,68.5174,28.0024,2/5/8,watchlist
2026-09-07 07:52:22,2026-09-04,0099.KL,2.29,2.34,2.21,49.9679,83.4304,41.4733,25.0,43.7335,77.7749,2/5/8,watchlist
2026-09-07 07:52:22,2026-09-04,5135.KL,4.77,4.81,4.6,71.9322,98.1204,67.6762,50.0,78.1171,75.0347,2/5/8,watchlist
2026-09-07 07:52:22,2026-09-04,5142.KL,0.825,0.855,0.76,82.9553,96.4332,64.9328,87.5,83.6178,49.6271,2/5/8,watchlist
2026-09-07 07:52:22,2026-09-04,5031.KL,5.93,6.04,5.92,16.5234,5.2773,44.293,0.0,55.1119,61.2649,2/5/8,watchlist
2026-09-07 07:52:22,2026-09-04,5681.KL,20.16,20.5,19.78,46.359,72.7296,41.3473,25.0,82.9144,72.4301,2/5/8,watchlist
2026-09-07 07:52:22,2026-09-04,4863.KL,7.8,7.8395,7.6,67.9842,71.5608,57.3918,75.0,26.8854,27.1965,2/5/8,watchlist
2026-09-07 07:52:22,2026-09-04,8869.KL,8.01,8.08,7.65,64.5859,77.663,66.0948,50.0,70.8895,68.4891,2/5/8,watchlist
2026-09-07 07:52:22,2026-09-04,5211.KL,4.96,5.2,4.92,20.174,13.2537,47.2684,0.0,61.257,33.0008,2/5/8,watchlist
2026-09-07 07:52:22,2026-09-04,6459.KL,2.91,3.05,2.87,22.894,33.0827,35.5992,0.0,81.4448,61.5597,2/5/8,watchlist
2026-09-07 07:52:22,2026-09-04,0225.KL,2.55,2.62,2.37,53.9753,59.8287,52.0973,50.0,38.1036,70.5509,2/5/8,watchlist
2026-09-08 19:23:35,2026-09-04,0097.KL,9.16,9.39,8.84,44.2454,54.954,40.2821,37.5,57.1596,38.8745,2/5/8,tech_full
2026-09-08 19:23:35,2026-09-04,3867.KL,39.4,41.62,38.5,19.8752,3.9937,30.6318,25.0,22.5174,17.1892,2/5/8,tech_full
2026-09-08 19:23:35,2026-09-04,0128.KL,4.92,5.11,4.9,11.6442,5.8678,29.0647,0.0,27.5913,30.9936,2/5/8,tech_full
2026-09-08 19:23:35,2026-09-04,0166.KL,2.58,2.74,2.49,58.4369,82.6487,55.1619,37.5,76.9844,22.4247,2/5/8,tech_full
2026-09-08 19:23:35,2026-09-04,5005.KL,4.16,4.53,4.09,30.0032,32.6908,44.8187,12.5,73.264,19.7545,2/5/8,tech_full
2026-09-08 19:23:35,2026-09-04,5292.KL,6.32,6.9,6.27,17.6502,18.5998,34.3508,0.0,79.2761,68.2614,2/5/8,tech_full
2026-09-08 19:23:35,2026-09-04,0208.KL,2.54,2.6,2.46,31.0587,24.4538,31.2223,37.5,38.3907,46.0081,2/5/8,tech_full
2026-09-08 19:23:35,2026-09-04,0138.KL,0.255,0.3,0.17,17.2135,1.6119,37.5286,12.5,14.8279,31.3663,2/5/8,tech_full
2026-09-08 19:23:35,2026-09-04,5286.KL,5.7,6.16,5.44,21.5568,28.3878,36.2826,0.0,41.9546,82.4564,2/5/8,tech_full
2026-09-08 19:23:35,2026-09-04,5309.KL,4.2,4.35,4.17,19.6744,5.4109,41.1122,12.5,37.558,56.9712,2/5/8,tech_full
2026-09-08 19:23:35,2026-09-04,7160.KL,5.06,5.3,5.02,12.618,9.2305,28.6234,0.0,22.4224,25.4723,2/5/8,tech_full
2026-09-08 19:23:35,2026-09-04,5162.KL,1.62,1.71,1.6,24.961,12.9653,36.9177,25.0,36.0265,37.713,2/5/8,tech_full
2026-09-08 19:23:35,2026-09-04,4456.KL,0.47,0.49,0.45,22.9626,20.7425,35.6451,12.5,25.3608,65.8644,2/5/8,tech_full
2026-09-08 19:23:35,2026-09-04,5301.KL,0.65,0.66,0.635,30.1746,24.6796,40.8442,25.0,56.1311,53.0803,2/5/8,tech_full
2026-09-08 19:23:35,2026-09-04,5216.KL,0.245,0.26,0.235,23.2382,20.24,36.9747,12.5,23.1894,86.0404,2/5/8,tech_full
2026-09-08 19:23:35,2026-09-04,0259.KL,0.51,0.525,0.485,27.0359,14.2222,29.3854,37.5,26.0546,23.8334,2/5/8,tech_full
2026-09-08 19:23:35,2026-09-04,5161.KL,0.55,0.55,0.48,79.5839,94.8627,56.389,87.5,54.1378,76.425,2/5/8,tech_full
2026-09-08 19:23:35,2026-09-04,0146.KL,0.635,0.685,0.62,13.2219,10.1593,29.5063,0.0,19.5379,44.684,2/5/8,tech_full
2026-09-08 19:23:35,2026-09-04,7204.KL,0.41,0.425,0.375,67.2675,91.1992,60.6031,50.0,71.6919,49.6746,2/5/8,tech_full
2026-09-08 19:23:35,2026-09-04,0276.KL,0.475,0.545,0.47,10.7603,1.1891,31.0919,0.0,13.4755,30.2511,2/5/8,tech_full
2026-09-08 19:23:35,2026-09-04,0246.KL,0.9,0.915,0.845,64.1921,77.0482,53.028,62.5,36.2867,85.4566,2/5/8,tech_full
2026-09-08 19:23:35,2026-09-04,0104.KL,0.325,0.345,0.31,27.9546,16.1318,42.732,25.0,39.1671,24.3433,2/5/8,tech_full
2026-09-08 19:23:35,2026-09-04,0083.KL,0.685,0.73,0.5,82.0368,90.338,55.7724,100.0,58.1759,20.8926,2/5/8,tech_full
2026-09-08 19:23:35,2026-09-04,5204.KL,0.27,0.295,0.26,52.0042,33.3371,60.1755,62.5,17.5035,15.6944,2/5/8,tech_full
2026-09-08 19:23:35,2026-09-04,0127.KL,0.495,0.505,0.445,83.2396,99.475,75.2439,75.0,69.0871,71.4922,2/5/8,tech_full
2026-09-08 19:23:35,2026-09-04,0277.KL,0.48,0.485,0.44,52.5768,53.1445,54.586,50.0,33.6233,40.6012,2/5/8,tech_full
2026-09-08 19:23:35,2026-09-04,0249.KL,0.475,0.4948,0.4602,25.5474,7.9551,43.687,25.0,40.506,25.9475,2/5/8,tech_full
2026-09-08 19:23:35,2026-09-04,5028.KL,0.99,1.12,0.87,19.3245,2.3528,43.1207,12.5,17.5876,57.8688,2/5/8,tech_full
2026-09-08 19:23:35,2026-09-04,9334.KL,3.94,4.14,3.9,17.2905,8.3615,31.0101,12.5,31.2598,21.3663,2/5/8,tech_full
2026-09-08 19:23:35,2026-09-04,7022.KL,0.23,0.26,0.2,22.5764,21.0193,46.7099,0.0,62.0634,26.7841,2/5/8,tech_full
2026-09-08 19:23:35,2026-09-04,9008.KL,0.085,0.09,0.08,28.4011,44.4804,40.7229,0.0,71.5934,34.135,2/5/8,tech_full
2026-09-08 19:23:35,2026-09-04,0090.KL,0.265,0.275,0.25,49.8408,43.3848,56.1375,50.0,32.6812,26.7445,2/5/8,tech_full
2026-09-08 19:23:35,2026-09-04,0008.KL,0.295,0.295,0.285,63.5357,59.3963,56.2107,75.0,39.9455,21.0817,2/5/8,tech_full
2026-09-08 19:23:35,2026-09-04,0040.KL,0.31,0.3105,0.3006,58.1399,68.6797,55.74,50.0,29.9728,67.5378,2/5/8,tech_full
2026-09-08 19:23:35,2026-09-04,0253.KL,0.285,0.3,0.28,22.5263,0.6572,29.4217,37.5,24.4816,22.7001,2/5/8,tech_full
2026-09-08 19:23:35,2026-09-04,5195.KL,0.2,0.21,0.195,24.7186,22.3835,39.2724,12.5,54.7915,58.9581,2/5/8,tech_full
2026-09-08 19:23:35,2026-09-04,9377.KL,0.175,0.175,0.16,36.8493,19.5133,53.5345,37.5,41.0159,41.0159,2/5/8,tech_full
2026-09-08 19:23:35,2026-09-04,0258.KL,0.285,0.315,0.27,17.8089,8.0895,32.8371,12.5,16.955,49.9491,2/5/8,tech_full
2026-09-08 19:23:35,2026-09-04,0065.KL,0.16,0.175,0.09,73.8512,64.7979,56.7556,100.0,14.2042,44.8989,2/5/8,tech_full
2026-09-08 19:23:35,2026-09-04,0051.KL,0.045,0.065,0.04,11.2222,2.7266,30.9398,0.0,14.0087,22.6737,2/5/8,tech_full
2026-09-08 19:23:35,2026-09-04,0126.KL,0.045,0.05,0.04,17.5599,2.1625,38.0171,12.5,32.4196,36.5862,2/5/8,tech_full
2026-09-08 19:23:35,2026-09-04,5011.KL,1.19,1.19,1.19,48.1539,99.209,45.2529,0.0,48.1539,84.8098,2/5/8,tech_full
2026-09-08 19:23:35,2026-09-04,5036.KL,1.16,1.18,1.15,38.2541,33.0251,44.2373,37.5,52.1036,33.0606,2/5/8,tech_full
2026-09-08 19:23:35,2026-09-04,9075.KL,0.635,0.69,0.61,21.4416,18.7498,33.0751,12.5,32.7471,28.5925,2/5/8,tech_full
2026-09-08 19:23:35,2026-09-04,0113.KL,0.285,0.3,0.28,30.6376,23.8215,43.0913,25.0,44.1764,25.2204,2/5/8,tech_full
2026-09-08 19:23:35,2026-09-04,8338.KL,0.08,0.08,0.06,67.2635,68.1676,58.6229,75.0,26.9018,64.709,2/5/8,tech_full
2026-09-08 19:23:35,2026-09-04,4359.KL,0.21,0.23,0.205,32.8391,37.2881,48.7293,12.5,65.4841,27.8338,2/5/8,tech_full
2026-09-08 19:23:35,2026-09-04,0143.KL,0.065,0.075,0.05,65.5702,62.1207,59.5899,75.0,29.9028,43.8517,2/5/8,tech_full
2026-09-08 19:23:35,2026-09-04,0200.KL,0.075,0.08,0.07,24.9722,39.623,35.2936,0.0,78.4573,48.2118,2/5/8,tech_full
2026-09-08 19:23:35,2026-09-04,7181.KL,0.025,0.03,0.02,16.8135,12.8437,37.5969,0.0,44.0862,48.2529,2/5/8,tech_full
2026-09-08 19:23:35,2026-09-04,0029.KL,0.035,0.04,0.035,10.3392,0.966,30.0517,0.0,43.64,43.64,2/5/8,tech_full
2026-09-08 19:23:35,2026-09-04,9393.KL,0.035,0.035,0.03,52.8847,99.2241,46.9301,12.5,79.5006,50.3884,2/5/8,tech_full
2026-09-08 19:33:51,2026-09-04,2089.KL,32.06,33.16,31.56,44.1989,25.4754,57.1214,50.0,25.2869,23.1682,2/5/8,plantation
2026-09-08 19:33:51,2026-09-04,2445.KL,22.26,22.74,21.12,69.5073,74.9079,58.614,75.0,63.4049,32.9493,2/5/8,plantation
2026-09-08 19:33:51,2026-09-04,2038.KL,5.35,5.44,5.35,17.7228,10.0919,43.0766,0.0,68.5927,54.262,2/5/8,plantation
2026-09-08 19:33:51,2026-09-04,1899.KL,20.06,20.3,20.0,31.3163,17.3986,39.0501,37.5,26.3259,65.3364,2/5/8,plantation
2026-09-08 19:33:51,2026-09-04,1961.KL,4.72,4.86,4.58,64.0852,88.5417,53.7139,50.0,44.4721,78.5585,2/5/8,plantation
2026-09-08 19:33:51,2026-09-04,1929.KL,10.48,10.54,10.48,26.5633,8.0831,34.1067,37.5,21.3251,31.9238,2/5/8,plantation
2026-09-08 19:33:51,2026-09-04,5323.KL,1.93,2.05,1.8791,47.8897,37.2151,56.4539,50.0,23.1506,17.7965,2/5/8,plantation
2026-09-08 19:33:51,2026-09-04,5126.KL,5.92,5.98,5.35,78.7587,86.036,50.2401,100.0,28.6125,81.8396,2/5/8,plantation
2026-09-08 19:33:51,2026-09-04,9059.KL,1.5,1.54,1.31,83.7021,99.0704,64.5357,87.5,64.0863,82.7746,2/5/8,plantation
2026-09-08 19:33:51,2026-09-04,5029.KL,3.92,3.9397,3.8806,64.5986,78.7843,65.0114,50.0,63.7013,56.9956,2/5/8,plantation
2026-09-08 19:33:51,2026-09-04,8982.KL,0.8,0.815,0.785,37.0563,8.704,52.4648,50.0,19.4122,19.9805,2/5/8,plantation
2026-09-08 19:33:51,2026-09-04,5223.KL,0.68,0.715,0.615,53.7594,28.185,58.0931,75.0,21.9737,35.0331,2/5/8,plantation
2026-09-08 19:33:51,2026-09-04,2593.KL,5.95,6.05,5.92,69.3696,90.9954,54.6135,62.5,55.5552,74.2625,2/5/8,plantation
2026-09-08 19:33:51,2026-09-04,5012.KL,6.19,6.47,6.11,49.4276,95.8377,39.9451,12.5,57.6358,80.895,2/5/8,plantation
2026-09-08 19:33:51,2026-09-04,4383.KL,1.05,1.1,1.01,18.189,13.4667,41.1002,0.0,44.4157,72.0534,2/5/8,plantation
2026-09-08 19:33:51,2026-09-04,5285.KL,6.2,6.58,6.02,24.2207,11.405,36.2571,25.0,20.0552,55.9026,2/5/8,plantation
2026-09-08 19:33:51,2026-09-04,5112.KL,0.57,0.58,0.56,16.1289,0.939,47.4478,0.0,36.8263,30.4154,2/5/8,plantation
2026-09-08 19:33:51,2026-09-04,2569.KL,6.12,6.16,6.12,20.287,16.193,32.1679,12.5,26.4711,39.7822,2/5/8,plantation
2026-09-08 19:33:51,2026-09-04,6262.KL,2.11,2.14,2.05,35.4342,4.1429,52.1596,50.0,11.8923,24.8632,2/5/8,plantation
2026-09-08 19:33:51,2026-09-04,7382.KL,0.28,0.295,0.24,40.5277,33.4029,50.68,37.5,24.7609,80.0326,2/5/8,plantation
2026-09-08 19:33:51,2026-09-04,9695.KL,0.19,0.2,0.185,59.3202,47.5201,55.4406,75.0,31.3844,73.1605,2/5/8,plantation
2026-09-08 19:33:51,2026-09-04,2054.KL,0.235,0.245,0.22,68.4301,75.2428,55.0477,75.0,31.3923,87.2797,2/5/8,plantation
2026-09-08 19:33:51,2026-09-04,5138.KL,2.53,2.56,2.48,60.4661,69.4084,49.4898,62.5,26.4765,73.1406,2/5/8,plantation
2026-09-08 19:33:51,2026-09-04,5069.KL,15.0,15.0,14.48,77.8062,66.5585,66.86,100.0,8.4942,32.1736,2/5/8,plantation
2026-09-08 19:33:51,2026-09-04,5113.KL,0.17,0.175,0.17,40.6372,59.8355,49.5762,12.5,40.6372,37.3029,2/5/8,plantation
2026-09-08 19:33:51,2026-09-04,4316.KL,0.22,0.23,0.215,19.483,15.8959,42.5532,0.0,48.9653,41.6164,2/5/8,plantation
2026-09-08 19:33:51,2026-09-04,7054.KL,0.095,0.095,0.085,41.6751,66.7828,45.7426,12.5,71.2555,63.8496,2/5/8,plantation
2026-09-08 19:33:51,2026-09-04,5319.KL,0.66,0.665,0.655,51.6413,98.8593,43.5645,12.5,51.6413,66.7987,2/5/8,plantation
2026-09-08 19:33:51,2026-09-04,1996.KL,0.66,0.66,0.645,46.2522,52.5125,48.744,37.5,39.7481,69.9985,2/5/8,plantation
2026-09-08 19:33:51,2026-09-04,2135.KL,0.795,0.8,0.72,49.2848,52.0794,45.7749,50.0,67.5748,22.8664,2/5/8,plantation
2026-09-08 19:33:51,2026-09-04,2453.KL,6.64,6.66,6.47,33.9044,40.4251,36.2881,25.0,35.4204,56.4842,2/5/8,plantation
2026-09-08 19:33:51,2026-09-04,2607.KL,0.5,0.51,0.5,44.0586,44.9763,37.1994,50.0,40.8882,72.6641,2/5/8,plantation
2026-09-08 19:33:51,2026-09-04,3948.KL,0.31,0.325,0.3,66.5142,62.1342,62.4084,75.0,42.1113,28.7082,2/5/8,plantation
2026-09-08 19:33:51,2026-09-04,7501.KL,0.495,0.5,0.49,26.2121,1.3827,27.2537,50.0,15.4026,17.7004,2/5/8,plantation
2026-09-08 19:33:51,2026-09-04,2542.KL,3.05,3.05,2.91,74.3938,63.1426,60.0387,100.0,13.383,25.63,2/5/8,plantation
2026-09-08 19:33:51,2026-09-04,5027.KL,2.81,2.82,2.75,69.1338,89.445,67.9563,50.0,83.2426,62.4982,2/5/8,plantation
2026-09-08 19:33:51,2026-09-04,2291.KL,5.93,5.9398,5.5956,88.0924,97.696,66.5812,100.0,61.3461,65.5904,2/5/8,plantation
2026-09-08 19:38:43,2026-09-04,6947.KL,2.7,2.82,2.69,17.1741,10.2247,41.2977,0.0,28.516,59.2656,2/5/8,telco
2026-09-08 19:38:43,2026-09-04,6012.KL,3.5501,3.6886,3.4809,18.6113,17.0501,38.7838,0.0,36.5716,74.4982,2/5/8,telco
2026-09-08 19:38:43,2026-09-04,6888.KL,1.77,1.83,1.73,30.6037,12.5024,41.8088,37.5,31.4686,65.3031,2/5/8,telco
2026-09-08 19:38:43,2026-09-04,0172.KL,0.425,0.44,0.41,33.7115,63.822,37.3125,0.0,87.0127,89.146,2/5/8,telco
2026-09-08 19:38:43,2026-09-04,5332.KL,0.375,0.38,0.37,45.039,36.6935,48.4235,50.0,73.2085,61.9315,2/5/8,telco
2026-09-08 19:38:43,2026-09-04,6399.KL,0.06,0.065,0.055,40.4093,32.7988,50.929,37.5,40.4093,25.2314,2/5/8,telco
2026-09-08 19:38:43,2026-09-04,4502.KL,0.285,0.3,0.27,33.5767,27.1553,36.0747,37.5,31.8902,80.6251,2/5/8,telco
2026-09-08 19:38:43,2026-09-04,0032.KL,0.33,0.34,0.33,42.8302,61.9449,41.5457,25.0,76.5267,30.4278,2/5/8,telco
2026-09-08 19:38:43,2026-09-04,6084.KL,0.285,0.285,0.28,64.1827,59.1418,58.4061,75.0,20.4143,36.4298,2/5/8,telco
2026-09-08 19:38:43,2026-09-04,9431.KL,0.48,0.5,0.45,25.6581,29.3027,47.6717,0.0,76.0837,24.2654,2/5/8,telco
2026-09-08 19:38:43,2026-09-04,5090.KL,0.08,0.08,0.075,38.3585,25.1808,52.3948,37.5,38.3585,30.7788,2/5/8,telco
2026-09-08 19:38:43,2026-09-04,5252.KL,0.145,0.15,0.145,31.0672,3.079,52.6227,37.5,19.0016,33.8798,2/5/8,telco
2026-09-08 19:38:43,2026-09-04,0082.KL,0.02,0.02,0.015,40.5334,33.0275,51.0726,37.5,24.507,76.4666,2/5/8,telco
2026-09-08 19:38:43,2026-09-04,7031.KL,0.37,0.37,0.335,80.0267,84.3854,55.6947,100.0,25.6863,39.9444,2/5/8,telco
2026-09-08 19:38:43,2026-09-04,0059.KL,0.035,0.035,0.03,51.4234,67.7499,49.0204,37.5,51.4234,74.8341,2/5/8,telco
2026-09-08 19:38:43,2026-09-04,0159.KL,0.015,0.015,0.015,23.1487,16.8419,52.6041,0.0,23.1487,23.1487,2/5/8,telco
2026-09-08 19:41:35,2026-09-04,0001.KL,0.485,0.515,0.47,21.381,20.3413,43.8018,0.0,53.0941,34.634,2/5/8,bursa_all
2026-09-08 19:41:35,2026-09-04,0002.KL,3.8,3.82,3.78,54.49,87.3377,51.1323,25.0,82.6891,26.7523,2/5/8,bursa_all
2026-09-08 19:41:35,2026-09-04,0012.KL,0.755,0.77,0.7347,64.6176,63.3464,55.5065,75.0,33.8958,82.3132,2/5/8,bursa_all
2026-09-08 19:41:35,2026-09-04,0037.KL,0.205,0.21,0.2,48.7164,57.8627,50.7864,37.5,72.1753,22.2686,2/5/8,bursa_all
2026-09-08 19:41:35,2026-09-04,0039.KL,0.19,0.2,0.18,33.0516,25.8609,35.794,37.5,24.7665,70.4967,2/5/8,bursa_all
2026-09-08 19:41:35,2026-09-04,0043.KL,0.005,0.01,0.005,40.3367,32.6606,50.8495,37.5,24.1586,75.0228,2/5/8,bursa_all
2026-09-08 19:41:35,2026-09-04,0049.KL,0.12,0.125,0.12,19.626,7.1027,39.2755,12.5,45.7036,49.8702,2/5/8,bursa_all
2026-09-08 19:41:35,2026-09-04,0054.KL,0.17,0.175,0.155,56.2988,95.5838,48.3126,25.0,84.7288,41.7356,2/5/8,bursa_all
2026-09-08 19:41:35,2026-09-04,0056.KL,0.57,0.57,0.545,77.5304,73.4881,59.1029,100.0,19.2793,36.5812,2/5/8,bursa_all
2026-09-08 19:41:35,2026-09-04,0058.KL,1.76,1.76,1.76,32.6323,11.3226,49.0742,37.5,15.0941,22.0352,2/5/8,bursa_all
2026-09-08 19:41:35,2026-09-04,0064.KL,0.09,0.09,0.085,40.7885,22.4766,49.8889,50.0,27.7722,36.6525,2/5/8,bursa_all
2026-09-08 19:41:35,2026-09-04,0078.KL,0.135,0.14,0.13,81.6066,84.8655,72.4543,87.5,76.6303,12.0732,2/5/8,bursa_all
2026-09-08 19:41:35,2026-09-04,0091.KL,0.065,0.07,0.06,33.5796,31.118,44.6209,25.0,57.3569,76.11,2/5/8,bursa_all
2026-09-08 19:41:35,2026-09-04,0101.KL,0.44,0.445,0.425,20.4718,6.4995,29.9159,25.0,14.5651,26.4223,2/5/8,bursa_all
2026-09-08 19:41:35,2026-09-04,0118.KL,0.015,0.02,0.015,26.8235,3.0975,52.3729,25.0,12.4266,42.8191,2/5/8,bursa_all
2026-09-08 19:41:35,2026-09-04,0136.KL,0.15,0.15,0.135,69.4203,47.517,60.7438,100.0,34.1942,25.3983,2/5/8,bursa_all
2026-09-08 19:41:35,2026-09-04,0149.KL,0.425,0.46,0.425,24.0749,26.4243,45.8004,0.0,73.3486,33.1269,2/5/8,bursa_all
2026-09-08 19:41:35,2026-09-04,0151.KL,8.69,9.2,8.55,31.2753,38.5199,42.806,12.5,80.9669,34.6128,2/5/8,bursa_all
2026-09-08 19:41:35,2026-09-04,0157.KL,0.52,0.525,0.51,60.3916,63.7825,54.8922,62.5,28.9357,85.7048,2/5/8,bursa_all
2026-09-08 19:41:35,2026-09-04,0161.KL,0.26,0.26,0.245,35.298,15.6039,52.7902,37.5,35.298,39.4647,2/5/8,bursa_all
2026-09-08 19:41:35,2026-09-04,0163.KL,0.075,0.08,0.07,25.6373,26.9786,37.4333,12.5,55.4737,80.9095,2/5/8,bursa_all
2026-09-08 19:41:35,2026-09-04,0168.KL,1.68,1.74,1.63,46.1133,22.5561,53.2839,62.5,33.0262,22.7669,2/5/8,bursa_all
2026-09-08 19:41:35,2026-09-04,0180.KL,0.14,0.145,0.135,66.0858,76.5866,59.1708,62.5,35.7116,20.1891,2/5/8,bursa_all
2026-09-08 19:41:35,2026-09-04,0183.KL,0.155,0.17,0.09,84.1931,95.1234,57.4559,100.0,36.5471,69.5359,2/5/8,bursa_all
2026-09-08 19:41:35,2026-09-04,0185.KL,0.5,0.52,0.485,29.8946,21.5376,43.1462,25.0,54.6794,64.8543,2/5/8,bursa_all
2026-09-08 19:41:35,2026-09-04,0186.KL,0.195,0.205,0.185,35.5129,24.0287,32.5099,50.0,31.3311,29.8826,2/5/8,bursa_all
2026-09-08 19:41:35,2026-09-04,0192.KL,0.38,0.39,0.375,34.6358,32.3256,46.5817,25.0,69.1467,32.5815,2/5/8,bursa_all
2026-09-08 19:41:35,2026-09-04,0193.KL,0.4,0.415,0.395,12.9557,8.5663,30.3008,0.0,19.065,50.5209,2/5/8,bursa_all
2026-09-08 19:41:35,2026-09-04,0196.KL,0.565,0.58,0.535,18.4193,13.2668,29.491,12.5,19.7894,41.6055,2/5/8,bursa_all
2026-09-08 19:41:35,2026-09-04,0197.KL,0.095,0.095,0.09,47.5209,69.0424,48.5205,25.0,67.194,25.1592,2/5/8,bursa_all
2026-09-08 19:41:35,2026-09-04,0198.KL,0.435,0.445,0.42,27.7698,1.6752,31.6341,50.0,25.8023,28.7777,2/5/8,bursa_all
2026-09-08 19:41:35,2026-09-04,0201.KL,0.3492,0.3684,0.3492,34.4682,53.4205,37.484,12.5,90.4074,86.9405,2/5/8,bursa_all
2026-09-08 19:41:35,2026-09-04,0207.KL,0.095,0.095,0.09,33.7526,26.9001,49.3577,25.0,33.7526,37.9193,2/5/8,bursa_all
2026-09-08 19:41:35,2026-09-04,0212.KL,0.415,0.43,0.385,71.6772,82.7866,57.2451,75.0,47.6236,74.2573,2/5/8,bursa_all
2026-09-08 19:41:35,2026-09-04,0215.KL,3.17,3.24,3.01,67.0106,79.5394,58.9923,62.5,63.1397,22.8516,2/5/8,bursa_all
2026-09-08 19:41:35,2026-09-04,0219.KL,0.305,0.315,0.29,74.0388,98.6741,60.9422,62.5,66.4552,53.2871,2/5/8,bursa_all
2026-09-08 19:41:35,2026-09-04,0222.KL,0.52,0.52,0.51,39.1573,29.5111,50.4608,37.5,39.1573,39.1573,2/5/8,bursa_all
2026-09-08 19:41:35,2026-09-04,0223.KL,1.83,1.87,1.68,76.5865,93.7823,48.4771,87.5,38.2413,72.966,2/5/8,bursa_all
2026-09-08 19:41:35,2026-09-04,0229.KL,0.095,0.095,0.09,56.5528,82.4766,49.6817,37.5,56.5528,76.4685,2/5/8,bursa_all
2026-09-08 19:41:35,2026-09-04,0230.KL,0.715,0.72,0.705,45.2855,0.9815,59.8752,75.0,13.2129,28.378,2/5/8,bursa_all
2026-09-08 19:41:35,2026-09-04,0239.KL,0.855,0.86,0.855,41.4245,32.9048,53.8687,37.5,41.4245,25.5259,2/5/8,bursa_all
2026-09-08 19:41:35,2026-09-04,0242.KL,0.9,0.9,0.89,74.994,75.0987,62.3834,87.5,40.6894,21.2375,2/5/8,bursa_all
2026-09-08 19:41:35,2026-09-04,0245.KL,3.65,3.67,3.42,66.9015,75.41,50.2946,75.0,31.5989,82.9154,2/5/8,bursa_all
2026-09-08 19:41:35,2026-09-04,0250.KL,0.215,0.22,0.205,62.2288,67.3791,56.8074,62.5,21.2158,48.3147,2/5/8,bursa_all
2026-09-08 19:41:35,2026-09-04,0256.KL,0.305,0.305,0.295,57.319,54.0351,55.4219,62.5,59.4693,17.7597,2/5/8,bursa_all
2026-09-08 19:41:35,2026-09-04,0257.KL,0.42,0.43,0.42,23.2906,11.9709,45.4009,12.5,54.0369,60.651,2/5/8,bursa_all
2026-09-08 19:41:35,2026-09-04,0268.KL,0.145,0.15,0.13,45.0527,54.2854,43.3727,37.5,69.1038,31.6426,2/5/8,bursa_all
2026-09-08 19:41:35,2026-09-04,0269.KL,0.24,0.245,0.235,24.9213,22.7251,39.5389,12.5,32.4052,73.7771,2/5/8,bursa_all
2026-09-08 19:41:35,2026-09-04,0270.KL,1.7675,1.8673,1.6976,40.0265,68.7905,38.789,12.5,79.4228,29.7979,2/5/8,bursa_all
2026-09-08 19:41:35,2026-09-04,0291.KL,2.04,2.08,1.84,47.3479,62.2455,42.298,37.5,60.555,27.5536,2/5/8,bursa_all
2026-09-08 19:41:35,2026-09-04,0296.KL,0.865,0.875,0.79,50.6748,80.6648,46.3595,25.0,41.1845,90.3218,2/5/8,bursa_all
2026-09-08 19:41:35,2026-09-04,1023.KL,8.0,8.05,7.76,67.4778,95.9396,56.4939,50.0,54.421,50.9816,2/5/8,bursa_all
2026-09-08 19:41:35,2026-09-04,1058.KL,2.6,2.63,2.32,83.8262,95.9941,55.4845,100.0,41.6567,57.9109,2/5/8,bursa_all
2026-09-08 19:41:35,2026-09-04,1082.KL,19.0,19.3,18.82,58.7524,89.516,49.2412,37.5,81.6838,46.1885,2/5/8,bursa_all
2026-09-08 19:41:35,2026-09-04,1147.KL,0.09,0.09,0.085,39.3462,28.3239,52.2148,37.5,27.3405,50.684,2/5/8,bursa_all
2026-09-08 19:41:35,2026-09-04,1155.KL,10.56,10.68,10.5,31.0693,23.6653,44.5426,25.0,60.361,40.1192,2/5/8,bursa_all
2026-09-08 19:41:35,2026-09-04,1163.KL,21.58,21.9,21.04,23.7557,21.7257,37.0415,12.5,27.7712,74.0545,2/5/8,bursa_all
2026-09-08 19:41:35,2026-09-04,1171.KL,0.585,0.605,0.58,7.4422,0.6313,21.6953,0.0,13.5624,24.6544,2/5/8,bursa_all
2026-09-08 19:41:35,2026-09-04,1198.KL,0.135,0.14,0.11,58.5389,40.8727,59.744,75.0,25.27,77.5516,2/5/8,bursa_all
2026-09-08 19:41:35,2026-09-04,1287.KL,0.505,0.51,0.495,54.3712,99.3389,38.7747,25.0,90.9341,84.6546,2/5/8,bursa_all
2026-09-08 19:41:35,2026-09-04,1295.KL,4.98,5.01,4.86,54.0742,28.6883,58.5343,75.0,12.8949,32.7018,2/5/8,bursa_all
2026-09-08 19:41:35,2026-09-04,1481.KL,0.065,0.07,0.06,22.2174,12.5835,41.5688,12.5,50.3626,50.3626,2/5/8,bursa_all
2026-09-08 19:41:35,2026-09-04,1538.KL,0.18,0.18,0.17,69.7878,61.3296,60.5338,87.5,22.0822,45.6287,2/5/8,bursa_all
2026-09-08 19:41:35,2026-09-04,1562.KL,1.31,1.35,1.3,19.0307,21.4113,35.6809,0.0,32.1407,79.8427,2/5/8,bursa_all
2026-09-08 19:41:35,2026-09-04,1589.KL,0.215,0.225,0.21,27.4216,12.7375,32.0275,37.5,26.5881,24.8423,2/5/8,bursa_all
2026-09-08 19:41:35,2026-09-04,1619.KL,0.955,0.955,0.925,53.2352,44.8843,52.3214,62.5,67.7753,16.8936,2/5/8,bursa_all
2026-09-08 19:41:35,2026-09-04,1643.KL,0.07,0.07,0.06,32.3422,20.0721,51.9545,25.0,20.0776,60.8681,2/5/8,bursa_all
2026-09-08 19:41:35,2026-09-04,1651.KL,0.305,0.31,0.3,26.9784,13.8874,29.5477,37.5,30.6645,25.9911,2/5/8,bursa_all
2026-09-08 19:41:35,2026-09-04,1694.KL,0.63,0.65,0.63,25.354,9.2156,41.8464,25.0,37.7717,23.1466,2/5/8,bursa_all
2026-09-08 19:41:35,2026-09-04,1724.KL,1.03,1.04,1.02,30.4894,55.7023,35.7658,0.0,93.0395,85.5151,2/5/8,bursa_all
2026-09-08 19:41:35,2026-09-04,1818.KL,8.67,8.87,8.5,77.8442,93.2074,65.3251,75.0,79.3515,77.6282,2/5/8,bursa_all
2026-09-08 19:41:35,2026-09-04,2062.KL,1.28,1.29,1.25,66.4782,44.052,55.3826,100.0,17.1952,53.8291,2/5/8,bursa_all
2026-09-08 19:41:35,2026-09-04,2097.KL,0.135,0.14,0.13,74.1,57.131,65.1689,100.0,5.8107,9.1637,2/5/8,bursa_all
2026-09-08 19:41:35,2026-09-04,2127.KL,0.145,0.155,0.14,42.0963,39.552,49.237,37.5,27.0176,77.7722,2/5/8,bursa_all
2026-09-08 19:41:35,2026-09-04,2143.KL,0.205,0.225,0.205,19.269,27.2637,30.5433,0.0,37.5638,93.1358,2/5/8,bursa_all
2026-09-08 19:41:35,2026-09-04,2224.KL,0.455,0.47,0.45,25.3457,15.2683,35.7686,25.0,22.4465,53.3964,2/5/8,bursa_all
2026-09-08 19:41:35,2026-09-04,2259.KL,0.08,0.09,0.08,15.712,8.0117,39.1242,0.0,38.9093,38.9093,2/5/8,bursa_all
2026-09-08 19:41:35,2026-09-04,2283.KL,0.065,0.07,0.06,31.0176,40.0034,40.5493,12.5,75.9841,11.6934,2/5/8,bursa_all
2026-09-08 19:41:35,2026-09-04,2305.KL,7.25,7.28,7.25,34.8208,23.7672,43.1951,37.5,45.6368,20.2482,2/5/8,bursa_all
2026-09-08 19:41:35,2026-09-04,2429.KL,0.2,0.21,0.155,55.9894,35.2229,57.7453,75.0,19.5181,25.7106,2/5/8,bursa_all
2026-09-08 19:41:35,2026-09-04,2488.KL,5.04,5.07,4.9,82.9248,97.5214,63.7529,87.5,84.0421,44.5971,2/5/8,bursa_all
2026-09-08 19:41:35,2026-09-04,2658.KL,18.9,18.94,18.78,72.614,73.0407,57.3013,87.5,21.9368,33.8886,2/5/8,bursa_all
2026-09-08 19:41:35,2026-09-04,2674.KL,0.635,0.65,0.635,40.7587,16.8236,55.4525,50.0,28.8445,23.5775,2/5/8,bursa_all
2026-09-08 19:41:35,2026-09-04,2682.KL,0.065,0.065,0.06,78.9012,84.7712,64.4324,87.5,40.8398,40.8398,2/5/8,bursa_all
2026-09-08 19:41:35,2026-09-04,2739.KL,0.03,0.04,0.025,37.8867,39.4994,49.1608,25.0,30.1189,77.2885,2/5/8,bursa_all
2026-09-08 19:41:35,2026-09-04,2755.KL,1.73,1.75,1.6,36.4133,75.7531,33.4868,0.0,98.0751,96.2635,2/5/8,bursa_all
2026-09-08 19:41:35,2026-09-04,2828.KL,2.42,2.46,2.4,35.5516,54.251,39.9038,12.5,86.2779,75.2585,2/5/8,bursa_all
2026-09-08 19:41:35,2026-09-04,2836.KL,13.02,14.38,12.84,16.7321,2.5018,47.6946,0.0,30.518,58.5536,2/5/8,bursa_all
2026-09-08 19:41:35,2026-09-04,2852.KL,0.975,1.0,0.97,22.4119,5.8624,36.3734,25.0,29.31,50.0358,2/5/8,bursa_all
2026-09-08 19:41:35,2026-09-04,2984.KL,1.23,1.23,1.23,28.5598,2.5329,58.1465,25.0,32.7265,36.8931,2/5/8,bursa_all
2026-09-08 19:41:35,2026-09-04,3018.KL,0.06,0.065,0.06,23.8593,31.0922,40.4857,0.0,72.3764,32.1899,2/5/8,bursa_all
2026-09-08 19:41:35,2026-09-04,3026.KL,31.54,32.0,31.38,63.374,45.8899,56.7322,87.5,26.3502,69.9784,2/5/8,bursa_all
2026-09-08 19:41:35,2026-09-04,3034.KL,2.72,2.75,2.72,41.1475,37.5687,48.3738,37.5,34.7356,63.3526,2/5/8,bursa_all
2026-09-08 19:41:35,2026-09-04,3042.KL,3.37,3.64,3.34,40.8422,30.644,54.3825,37.5,17.9753,52.2502,2/5/8,bursa_all
2026-09-08 19:41:35,2026-09-04,3069.KL,2.93,2.94,2.77,81.6149,81.7573,63.0875,100.0,28.9864,22.9089,2/5/8,bursa_all
2026-09-08 19:41:35,2026-09-04,3107.KL,1.5,1.55,1.5,14.3986,1.7592,28.9367,12.5,12.2124,22.5097,2/5/8,bursa_all
2026-09-08 19:41:35,2026-09-04,3158.KL,0.315,0.325,0.305,42.2337,21.3413,55.3599,50.0,42.2337,20.0189,2/5/8,bursa_all
2026-09-08 19:41:35,2026-09-04,3174.KL,0.185,0.195,0.18,36.4292,57.4642,39.3232,12.5,78.6482,70.3331,2/5/8,bursa_all
2026-09-08 19:41:35,2026-09-04,3182.KL,2.04,2.08,2.0,37.4452,18.3039,44.0318,50.0,36.611,28.5468,2/5/8,bursa_all
2026-09-08 19:41:35,2026-09-04,3204.KL,0.25,0.27,0.24,11.3426,4.5569,29.4708,0.0,23.2112,36.9783,2/5/8,bursa_all
2026-09-08 19:41:35,2026-09-04,3239.KL,0.29,0.295,0.285,29.0329,32.7598,41.8388,12.5,74.7856,39.1506,2/5/8,bursa_all
2026-09-08 19:41:35,2026-09-04,3247.KL,0.25,0.255,0.25,15.3664,7.6725,25.9265,12.5,15.1094,35.571,2/5/8,bursa_all
2026-09-08 19:41:35,2026-09-04,3255.KL,14.84,16.14,14.74,13.6266,0.2767,28.103,12.5,32.0554,17.0554,2/5/8,bursa_all
2026-09-08 19:41:35,2026-09-04,3298.KL,1.09,1.13,1.04,81.8,99.8812,58.0189,87.5,83.7253,55.6709,2/5/8,bursa_all
2026-09-08 19:41:35,2026-09-04,3301.KL,17.62,17.86,17.3,32.7907,27.2768,46.0955,25.0,63.3907,29.9498,2/5/8,bursa_all
2026-09-08 19:41:35,2026-09-04,3336.KL,2.88,2.97,2.8,70.7127,98.8788,50.7593,62.5,55.6746,78.9948,2/5/8,bursa_all
2026-09-08 19:41:35,2026-09-04,3379.KL,0.905,0.915,0.895,30.8052,37.5098,42.4059,12.5,70.8707,75.3434,2/5/8,bursa_all
2026-09-08 19:41:35,2026-09-04,3395.KL,0.245,0.25,0.24,9.1113,0.1699,27.164,0.0,29.828,29.828,2/5/8,bursa_all
2026-09-08 19:41:35,2026-09-04,3417.KL,0.77,0.78,0.74,40.4978,48.4999,47.9935,25.0,29.8464,86.4258,2/5/8,bursa_all
2026-09-08 19:41:35,2026-09-04,3441.KL,0.02,0.025,0.02,16.199,11.9604,36.6367,0.0,51.2921,51.2921,2/5/8,bursa_all
2026-09-08 19:41:35,2026-09-04,3476.KL,5.15,5.15,5.03,81.847,82.888,62.6531,100.0,30.0244,27.3742,2/5/8,bursa_all
2026-09-08 19:41:35,2026-09-04,3514.KL,0.11,0.11,0.105,48.5816,99.6107,46.1342,0.0,91.7454,32.0972,2/5/8,bursa_all
2026-09-08 19:41:35,2026-09-04,3557.KL,0.34,0.35,0.32,19.5598,16.7499,41.9295,0.0,59.5863,68.5393,2/5/8,bursa_all
2026-09-08 19:41:35,2026-09-04,3565.KL,0.725,0.735,0.695,74.6254,79.0352,57.3411,87.5,35.6377,84.1372,2/5/8,bursa_all
2026-09-08 19:41:35,2026-09-04,3573.KL,0.13,0.13,0.11,87.0941,95.295,65.9871,100.0,42.3742,42.3742,2/5/8,bursa_all
2026-09-08 19:41:35,2026-09-04,3611.KL,0.73,0.75,0.73,23.9275,11.5553,35.2271,25.0,23.2606,65.5452,2/5/8,bursa_all
2026-09-08 19:41:35,2026-09-04,3662.KL,0.695,0.715,0.675,52.6896,67.014,53.5547,37.5,34.5455,85.8501,2/5/8,bursa_all
2026-09-08 19:41:35,2026-09-04,3689.KL,24.76,25.98,24.38,28.9373,2.176,47.136,37.5,18.9099,51.4374,2/5/8,bursa_all
2026-09-08 19:41:35,2026-09-04,3719.KL,5.75,5.87,5.69,71.4817,60.8065,66.1387,87.5,47.2866,62.5328,2/5/8,bursa_all
2026-09-08 19:41:35,2026-09-04,3743.KL,0.285,0.29,0.275,38.6262,48.1497,42.729,25.0,75.2256,63.9745,2/5/8,bursa_all
2026-09-08 19:41:35,2026-09-04,3778.KL,0.125,0.135,0.125,23.0582,19.8301,36.8445,12.5,36.3867,74.2229,2/5/8,bursa_all
2026-09-08 19:41:35,2026-09-04,3794.KL,6.14,6.49,6.08,15.5704,9.3604,37.3508,0.0,44.9214,75.3734,2/5/8,bursa_all
2026-09-08 19:41:35,2026-09-04,3816.KL,7.78,8.7,7.74,20.7059,12.9231,36.6946,12.5,20.938,82.8569,2/5/8,bursa_all
2026-09-08 19:41:35,2026-09-04,3859.KL,1.235,1.2447,1.2253,36.0585,40.87,42.3056,25.0,53.6367,80.4882,2/5/8,bursa_all
2026-09-08 19:41:35,2026-09-04,3883.KL,0.755,0.81,0.75,17.2252,6.1449,45.5305,0.0,37.2355,71.3333,2/5/8,bursa_all
2026-09-08 19:41:35,2026-09-04,3891.KL,0.04,0.045,0.04,12.4387,2.8788,34.4374,0.0,32.1346,32.1346,2/5/8,bursa_all
2026-09-08 19:41:35,2026-09-04,3905.KL,2.86,2.89,2.79,14.4464,0.3613,30.4777,12.5,20.7173,27.6572,2/5/8,bursa_all
2026-09-08 19:41:35,2026-09-04,3913.KL,0.16,0.165,0.16,25.405,4.7859,33.9292,37.5,16.5273,45.9722,2/5/8,bursa_all
2026-09-08 19:41:35,2026-09-04,4006.KL,6.93,6.94,6.86,81.2271,89.5236,66.6577,87.5,65.4181,61.2991,2/5/8,bursa_all
2026-09-08 19:41:35,2026-09-04,4022.KL,0.265,0.28,0.255,33.6907,44.6414,43.9306,12.5,79.4749,17.0011,2/5/8,bursa_all
2026-09-08 19:41:35,2026-09-04,4057.KL,0.12,0.125,0.12,16.3844,20.1587,28.9944,0.0,26.1705,83.5948,2/5/8,bursa_all
2026-09-08 19:41:35,2026-09-04,4065.KL,9.84,9.98,9.67,36.6757,45.3393,39.688,25.0,33.9421,85.926,2/5/8,bursa_all
2026-09-08 19:41:35,2026-09-04,4081.KL,0.05,0.055,0.05,42.1793,24.4014,52.1365,50.0,26.8563,56.4628,2/5/8,bursa_all
2026-09-08 19:41:35,2026-09-04,4162.KL,4.46,4.62,4.45,11.6615,0.4069,34.5776,0.0,34.7556,36.9925,2/5/8,bursa_all
2026-09-08 19:41:35,2026-09-04,4197.KL,2.56,2.68,2.47,47.798,80.7162,37.6778,25.0,91.7556,80.9606,2/5/8,bursa_all
2026-09-08 19:41:35,2026-09-04,4235.KL,0.105,0.12,0.105,24.3716,18.9141,41.7007,12.5,45.0753,29.4922,2/5/8,bursa_all
2026-09-08 19:41:35,2026-09-04,4243.KL,1.12,1.17,1.05,63.3869,91.1841,48.9766,50.0,45.1078,76.5105,2/5/8,bursa_all
2026-09-08 19:41:35,2026-09-04,4251.KL,0.225,0.23,0.215,30.285,38.2783,40.0766,12.5,70.279,51.2889,2/5/8,bursa_all
2026-09-08 19:41:35,2026-09-04,4286.KL,0.64,0.65,0.635,16.4286,4.6077,32.1781,12.5,19.7353,25.0271,2/5/8,bursa_all
2026-09-08 19:41:35,2026-09-04,4324.KL,2.93,3.16,1.95,83.0475,98.9305,50.212,100.0,45.9567,69.6745,2/5/8,bursa_all
2026-09-08 19:41:35,2026-09-04,4375.KL,0.2,0.215,0.175,35.0836,55.6322,37.1187,12.5,88.2255,57.4731,2/5/8,bursa_all
2026-09-08 19:41:35,2026-09-04,4405.KL,0.475,0.48,0.47,29.8382,32.6934,44.3212,12.5,64.1739,25.474,2/5/8,bursa_all
2026-09-08 19:41:35,2026-09-04,4464.KL,0.005,0.005,0.005,20.8933,11.185,51.4949,0.0,20.8933,20.8933,2/5/8,bursa_all
2026-09-08 19:41:35,2026-09-04,4596.KL,0.195,0.2,0.195,37.4462,32.4508,42.3879,37.5,56.5974,39.7021,2/5/8,bursa_all
2026-09-08 19:41:35,2026-09-04,4634.KL,0.245,0.265,0.245,24.8783,28.897,45.7379,0.0,74.4375,44.2674,2/5/8,bursa_all
2026-09-08 19:41:35,2026-09-04,4677.KL,2.43,2.5,2.34,41.5347,60.1202,39.484,25.0,62.2632,88.7416,2/5/8,bursa_all
2026-09-08 19:41:35,2026-09-04,4707.KL,94.84,99.2952,94.0,15.1857,11.118,34.4392,0.0,26.7745,74.8727,2/5/8,bursa_all
2026-09-08 19:41:35,2026-09-04,4715.KL,1.64,1.71,1.62,20.0973,8.0276,39.7644,12.5,43.0704,31.0441,2/5/8,bursa_all
2026-09-08 19:41:35,2026-09-04,4723.KL,0.11,0.125,0.11,23.7748,33.1592,38.1652,0.0,51.352,83.1524,2/5/8,bursa_all
2026-09-08 19:41:35,2026-09-04,4731.KL,3.63,3.72,3.6,26.3556,15.7078,38.3589,25.0,25.5378,82.3762,2/5/8,bursa_all
2026-09-08 19:41:35,2026-09-04,4758.KL,0.87,0.885,0.865,28.6601,33.1676,40.3127,12.5,63.8362,69.0221,2/5/8,bursa_all
2026-09-08 19:41:35,2026-09-04,4847.KL,0.205,0.21,0.195,28.9089,27.2842,34.4424,25.0,25.6836,65.5618,2/5/8,bursa_all
2026-09-08 19:41:35,2026-09-04,4995.KL,0.86,0.89,0.835,22.6924,6.843,36.2343,25.0,22.4264,46.5561,2/5/8,bursa_all
2026-09-08 19:41:35,2026-09-04,5000.KL,2.85,3.0,2.73,19.4056,11.5466,46.6703,0.0,56.7828,38.1959,2/5/8,bursa_all
2026-09-08 19:41:35,2026-09-04,5001.KL,0.64,0.64,0.63,27.7116,4.7594,53.3753,25.0,27.7116,27.7116,2/5/8,bursa_all
2026-09-08 19:41:35,2026-09-04,5006.KL,0.83,0.85,0.78,60.8434,47.2578,60.2726,75.0,23.6867,23.0485,2/5/8,bursa_all
2026-09-08 19:41:35,2026-09-04,5007.KL,0.78,0.795,0.74,68.4285,63.9677,53.8178,87.5,32.1226,75.5851,2/5/8,bursa_all
2026-09-08 19:41:35,2026-09-04,5008.KL,1.24,1.24,1.22,65.5888,61.914,59.8523,75.0,25.4257,39.5043,2/5/8,bursa_all
2026-09-08 19:41:35,2026-09-04,5009.KL,0.505,0.51,0.505,44.0853,64.7195,42.5365,25.0,58.5984,81.7771,2/5/8,bursa_all
2026-09-08 19:41:35,2026-09-04,5010.KL,2.38,2.39,2.38,50.1148,81.7418,43.6024,25.0,76.4088,65.7875,2/5/8,bursa_all
2026-09-08 19:41:35,2026-09-04,5015.KL,2.93,3.0,2.8,42.592,53.0335,49.7425,25.0,81.8699,30.7795,2/5/8,bursa_all
2026-09-08 19:41:35,2026-09-04,5016.KL,0.645,0.645,0.645,44.9937,61.862,48.1191,25.0,38.0655,87.8665,2/5/8,bursa_all
2026-09-08 19:41:35,2026-09-04,5020.KL,0.315,0.315,0.305,73.0055,71.8213,59.6952,87.5,37.5877,26.5149,2/5/8,bursa_all
2026-09-08 19:41:35,2026-09-04,5021.KL,0.235,0.25,0.23,68.8198,97.8369,71.1226,37.5,87.7775,79.2802,2/5/8,bursa_all
2026-09-08 19:41:35,2026-09-04,5022.KL,0.28,0.28,0.21,82.863,92.4557,56.1335,100.0,51.7556,74.4874,2/5/8,bursa_all
2026-09-08 19:41:35,2026-09-04,5024.KL,0.915,0.925,0.91,27.1361,0.8534,30.555,50.0,16.6648,19.3099,2/5/8,bursa_all
2026-09-08 19:41:35,2026-09-04,5025.KL,0.14,0.14,0.135,29.9385,27.262,50.0534,12.5,34.1051,26.1139,2/5/8,bursa_all
2026-09-08 19:41:35,2026-09-04,5032.KL,5.2,5.2,5.15,34.2507,14.4768,50.7752,37.5,19.2931,67.4557,2/5/8,bursa_all
2026-09-08 19:41:35,2026-09-04,5035.KL,0.395,0.4,0.37,51.7603,54.687,50.594,50.0,44.9704,77.3076,2/5/8,bursa_all
2026-09-08 19:41:35,2026-09-04,5037.KL,0.015,0.02,0.015,21.0007,33.3333,29.6688,0.0,97.4475,27.9836,2/5/8,bursa_all
2026-09-08 19:41:35,2026-09-04,5038.KL,2.81,2.88,2.77,28.0259,28.59,42.9878,12.5,72.4154,63.7987,2/5/8,bursa_all
2026-09-08 19:41:35,2026-09-04,5040.KL,0.025,0.025,0.025,47.272,67.9476,48.8684,25.0,71.6595,19.0432,2/5/8,bursa_all
2026-09-08 19:41:35,2026-09-04,5041.KL,2.14,2.2,2.09,27.4635,28.7387,41.1518,12.5,47.8174,33.1503,2/5/8,bursa_all
2026-09-08 19:41:35,2026-09-04,5042.KL,0.21,0.22,0.2,23.0966,13.5119,43.2778,12.5,46.9045,35.5612,2/5/8,bursa_all
2026-09-08 19:41:35,2026-09-04,5048.KL,0.06,0.065,0.06,30.3035,21.2126,44.6979,25.0,61.454,10.858,2/5/8,bursa_all
2026-09-08 19:41:35,2026-09-04,5049.KL,3.09,3.09,3.01,69.52,62.4757,58.5844,87.5,33.4362,35.9508,2/5/8,bursa_all
2026-09-08 19:41:35,2026-09-04,5053.KL,1.91,2.07,1.91,19.5906,19.6284,39.1433,0.0,64.6397,25.743,2/5/8,bursa_all
2026-09-08 19:41:35,2026-09-04,5054.KL,0.265,0.265,0.26,27.9341,7.2186,51.5838,25.0,32.1008,20.267,2/5/8,bursa_all
2026-09-08 19:41:35,2026-09-04,5056.KL,0.425,0.435,0.415,29.5195,25.4925,38.0659,25.0,24.25,83.807,2/5/8,bursa_all
2026-09-08 19:41:35,2026-09-04,5062.KL,0.185,0.185,0.175,76.7666,71.8772,58.4226,100.0,26.2187,40.6904,2/5/8,bursa_all
2026-09-08 19:41:35,2026-09-04,5065.KL,0.675,0.675,0.675,37.917,24.4588,51.7921,37.5,26.7795,62.1708,2/5/8,bursa_all
2026-09-08 19:41:35,2026-09-04,5066.KL,0.21,0.22,0.2,30.0584,51.0171,39.1582,0.0,90.6671,87.1794,2/5/8,bursa_all
2026-09-08 19:41:35,2026-09-04,5068.KL,0.03,0.03,0.025,28.0191,31.6302,52.4272,0.0,28.0191,28.0191,2/5/8,bursa_all
2026-09-08 19:41:35,2026-09-04,5070.KL,0.195,0.21,0.195,16.061,7.206,28.4771,12.5,15.745,34.5624,2/5/8,bursa_all
2026-09-08 19:41:35,2026-09-04,5071.KL,1.68,1.72,1.66,38.9179,82.8697,33.8839,0.0,89.258,92.137,2/5/8,bursa_all
2026-09-08 19:41:35,2026-09-04,5072.KL,0.255,0.26,0.25,15.6111,4.7837,42.0495,0.0,32.544,24.3351,2/5/8,bursa_all
2026-09-08 19:41:35,2026-09-04,5073.KL,0.75,0.755,0.74,37.3762,10.6777,51.4511,50.0,28.8359,24.1651,2/5/8,bursa_all
2026-09-08 19:41:35,2026-09-04,5075.KL,1.6,1.64,1.59,33.9012,59.721,41.9825,0.0,82.6223,31.6233,2/5/8,bursa_all
2026-09-08 19:41:35,2026-09-04,5077.KL,0.375,0.375,0.37,66.6713,89.4998,60.5141,50.0,70.6074,33.6421,2/5/8,bursa_all
2026-09-08 19:41:35,2026-09-04,5078.KL,0.3,0.305,0.29,56.8491,86.0139,47.0335,37.5,73.5296,76.4503,2/5/8,bursa_all
2026-09-08 19:41:35,2026-09-04,5079.KL,0.105,0.105,0.105,36.0723,0.2957,57.9213,50.0,40.239,40.239,2/5/8,bursa_all
2026-09-08 19:41:35,2026-09-04,5080.KL,1.1,1.13,1.09,37.1025,32.0324,41.7751,37.5,58.7404,62.9071,2/5/8,bursa_all
2026-09-08 19:41:35,2026-09-04,5081.KL,0.2,0.2,0.18,79.7971,80.3479,59.0434,100.0,27.7986,15.5725,2/5/8,bursa_all
2026-09-08 19:41:35,2026-09-04,5084.KL,1.02,1.08,1.02,33.6032,16.812,46.4976,37.5,60.8246,47.2944,2/5/8,bursa_all
2026-09-08 19:41:35,2026-09-04,5085.KL,0.33,0.36,0.31,42.3669,59.9883,42.1123,25.0,80.2309,85.6977,2/5/8,bursa_all
2026-09-08 19:41:35,2026-09-04,5087.KL,0.23,0.23,0.2,72.5927,81.3908,61.3872,75.0,58.6656,39.5181,2/5/8,bursa_all
2026-09-08 19:41:35,2026-09-04,5088.KL,0.65,0.65,0.6,69.9917,62.7423,59.7328,87.5,26.4707,47.9614,2/5/8,bursa_all
2026-09-08 19:41:35,2026-09-04,5094.KL,1.24,1.27,1.23,25.6732,22.1038,42.4158,12.5,51.3898,26.9317,2/5/8,bursa_all
2026-09-08 19:41:35,2026-09-04,5095.KL,0.115,0.13,0.11,32.7345,18.2675,42.4358,37.5,45.8539,45.8539,2/5/8,bursa_all
2026-09-08 19:41:35,2026-09-04,5098.KL,0.21,0.215,0.205,30.6078,15.3408,38.9825,37.5,23.7058,76.953,2/5/8,bursa_all
2026-09-08 19:41:35,2026-09-04,5099.KL,0.31,0.345,0.305,27.2294,19.1674,50.0209,12.5,69.7089,15.312,2/5/8,bursa_all
2026-09-08 19:41:35,2026-09-04,5100.KL,0.8,0.81,0.79,40.5148,70.7583,38.2861,12.5,71.4355,42.6212,2/5/8,bursa_all
2026-09-08 19:41:35,2026-09-04,5101.KL,0.12,0.13,0.12,15.7999,5.3189,42.0807,0.0,40.6557,28.6685,2/5/8,bursa_all
2026-09-08 19:41:35,2026-09-04,5102.KL,1.4,1.45,1.39,46.3284,99.9884,38.9968,0.0,81.5619,45.7208,2/5/8,bursa_all
2026-09-08 19:41:35,2026-09-04,5104.KL,0.04,0.045,0.035,40.4609,45.1663,51.2164,25.0,40.4609,32.6529,2/5/8,bursa_all
2026-09-08 19:41:35,2026-09-04,5105.KL,1.7,1.75,1.65,76.7064,96.8078,70.8114,62.5,69.9696,83.8742,2/5/8,bursa_all
2026-09-08 19:41:35,2026-09-04,5106.KL,1.81,1.9,1.79,22.6005,18.8499,36.4515,12.5,44.0802,74.076,2/5/8,bursa_all
2026-09-08 19:41:35,2026-09-04,5107.KL,0.4,0.425,0.365,42.6811,27.9624,50.0808,50.0,27.6956,76.5526,2/5/8,bursa_all
2026-09-08 19:41:35,2026-09-04,5109.KL,1.0,1.02,1.0,24.9117,15.7034,34.0317,25.0,32.7623,47.9187,2/5/8,bursa_all
2026-09-08 19:41:35,2026-09-04,5110.KL,0.82,0.83,0.81,21.2129,28.171,35.4676,0.0,35.1239,70.6819,2/5/8,bursa_all
2026-09-08 19:41:35,2026-09-04,5111.KL,0.3,0.31,0.3,24.8796,21.3232,40.8157,12.5,54.2631,67.0139,2/5/8,bursa_all
2026-09-08 19:41:35,2026-09-04,5115.KL,0.245,0.255,0.24,16.3108,2.5121,46.4203,0.0,38.8154,24.9504,2/5/8,bursa_all
2026-09-08 19:41:35,2026-09-04,5116.KL,1.17,1.17,1.15,70.1397,76.7852,58.634,75.0,52.9788,38.2683,2/5/8,bursa_all
2026-09-08 19:41:35,2026-09-04,5120.KL,0.345,0.35,0.34,55.2074,64.7591,50.8631,50.0,34.359,23.6388,2/5/8,bursa_all
2026-09-08 19:41:35,2026-09-04,5121.KL,0.505,0.505,0.49,51.2503,93.4482,47.8026,12.5,73.6617,37.9197,2/5/8,bursa_all
2026-09-08 19:41:35,2026-09-04,5123.KL,0.655,0.68,0.655,11.0793,1.9109,31.3271,0.0,14.016,20.7263,2/5/8,bursa_all
2026-09-08 19:41:35,2026-09-04,5125.KL,0.66,0.66,0.645,61.1603,86.422,59.5589,37.5,54.4534,31.3883,2/5/8,bursa_all
2026-09-08 19:41:35,2026-09-04,5127.KL,0.36,0.37,0.355,28.9187,3.0434,46.2126,37.5,42.1152,28.5136,2/5/8,bursa_all
2026-09-08 19:41:35,2026-09-04,5129.KL,0.5,0.5,0.48,68.8742,57.8673,61.2554,87.5,20.5253,92.3393,2/5/8,bursa_all
2026-09-08 19:41:35,2026-09-04,5130.KL,1.19,1.21,1.19,38.1497,28.0358,48.9131,37.5,27.4102,76.8345,2/5/8,bursa_all
2026-09-08 19:41:35,2026-09-04,5131.KL,0.7,0.715,0.69,47.9052,7.4352,61.2803,75.0,32.7634,17.9026,2/5/8,bursa_all
2026-09-08 19:41:35,2026-09-04,5132.KL,1.09,1.12,1.05,27.2918,12.6266,31.7488,37.5,17.8847,43.0121,2/5/8,bursa_all
2026-09-08 19:41:35,2026-09-04,5133.KL,0.7,0.7,0.64,64.8885,61.4314,58.2342,75.0,27.9919,22.5538,2/5/8,bursa_all
2026-09-08 19:41:35,2026-09-04,5134.KL,3.1,3.1,3.06,69.3435,88.2019,69.8286,50.0,83.6575,56.7597,2/5/8,bursa_all
2026-09-08 19:41:35,2026-09-04,5136.KL,1.14,1.15,1.13,51.424,58.8322,45.44,50.0,82.5339,72.0357,2/5/8,bursa_all
2026-09-08 19:41:35,2026-09-04,5139.KL,5.53,5.62,5.51,16.236,6.1813,30.0266,12.5,30.6974,32.0798,2/5/8,bursa_all
2026-09-08 19:41:35,2026-09-04,5140.KL,0.375,0.375,0.35,65.9645,51.7031,58.6905,87.5,21.3511,61.3398,2/5/8,bursa_all
2026-09-08 19:41:35,2026-09-04,5141.KL,1.45,1.5,1.41,60.7653,35.0498,59.7462,87.5,13.917,32.9752,2/5/8,bursa_all
2026-09-08 19:41:35,2026-09-04,5143.KL,0.435,0.45,0.42,28.0365,45.6655,38.444,0.0,83.2811,62.1317,2/5/8,bursa_all
2026-09-08 19:41:35,2026-09-04,5145.KL,0.315,0.325,0.295,85.7503,90.1302,67.1206,100.0,72.8752,29.0955,2/5/8,bursa_all
2026-09-08 19:41:35,2026-09-04,5147.KL,0.515,0.53,0.48,60.3036,50.7557,55.155,75.0,17.8686,44.6807,2/5/8,bursa_all
2026-09-08 19:41:35,2026-09-04,5148.KL,0.57,0.6,0.555,26.0988,12.0997,41.1968,25.0,35.5039,57.2709,2/5/8,bursa_all
2026-09-08 19:41:35,2026-09-04,5149.KL,0.44,0.44,0.42,41.5086,1.3481,60.6777,62.5,12.2082,18.3897,2/5/8,bursa_all
2026-09-08 19:41:35,2026-09-04,5151.KL,0.78,0.8,0.76,30.5521,35.7433,43.4131,12.5,71.11,38.7436,2/5/8,bursa_all
2026-09-08 19:41:35,2026-09-04,5152.KL,0.375,0.375,0.35,83.445,87.4936,62.8416,100.0,60.1626,24.585,2/5/8,bursa_all
2026-09-08 19:41:35,2026-09-04,5156.KL,0.005,0.01,0.005,23.7355,33.333,37.8734,0.0,83.0073,36.3621,2/5/8,bursa_all
2026-09-08 19:41:35,2026-09-04,5157.KL,0.07,0.08,0.07,31.9077,20.0483,50.675,25.0,23.9106,51.1839,2/5/8,bursa_all
2026-09-08 19:41:35,2026-09-04,5159.KL,1.49,1.5,1.46,66.3869,62.7369,61.4238,75.0,29.7231,21.0599,2/5/8,bursa_all
2026-09-08 19:41:35,2026-09-04,5160.KL,0.38,0.39,0.375,32.5875,22.8233,37.4392,37.5,41.5853,59.7447,2/5/8,bursa_all
2026-09-08 19:41:35,2026-09-04,5163.KL,0.585,0.585,0.585,46.6211,76.9216,50.4416,12.5,50.7877,50.7877,2/5/8,bursa_all
2026-09-08 19:41:35,2026-09-04,5165.KL,0.395,0.4,0.39,58.1911,53.9623,58.1112,62.5,30.3518,27.5095,2/5/8,bursa_all
2026-09-08 19:41:35,2026-09-04,5166.KL,1.51,1.51,1.47,74.919,86.1107,63.6462,75.0,48.1021,52.2688,2/5/8,bursa_all
2026-09-08 19:41:35,2026-09-04,5167.KL,0.37,0.37,0.37,19.1066,1.322,55.9978,0.0,23.2732,27.4399,2/5/8,bursa_all
2026-09-08 19:41:35,2026-09-04,5168.KL,0.97,0.975,0.945,29.7241,15.133,36.5393,37.5,38.3269,47.1739,2/5/8,bursa_all
2026-09-08 19:41:35,2026-09-04,5169.KL,0.04,0.045,0.035,44.1283,30.3503,52.0345,50.0,24.8912,70.9394,2/5/8,bursa_all
2026-09-08 19:41:35,2026-09-04,5171.KL,0.905,0.93,0.905,19.1867,7.1321,50.4282,0.0,53.3504,9.7349,2/5/8,bursa_all
2026-09-08 19:41:35,2026-09-04,5172.KL,0.115,0.115,0.09,84.7961,97.3803,57.0081,100.0,52.186,52.186,2/5/8,bursa_all
2026-09-08 19:41:35,2026-09-04,5173.KL,0.745,0.755,0.72,54.1761,30.8279,56.7005,75.0,29.4226,46.6393,2/5/8,bursa_all
2026-09-08 19:41:35,2026-09-04,5176.KL,2.1,2.12,2.05,65.4406,52.1623,56.6596,87.5,19.9424,61.614,2/5/8,bursa_all
2026-09-08 19:41:35,2026-09-04,5178.KL,0.045,0.045,0.035,71.5051,93.7506,58.2646,62.5,47.5413,47.5413,2/5/8,bursa_all
2026-09-08 19:41:35,2026-09-04,5180.KL,0.585,0.59,0.58,21.7945,24.4608,40.9228,0.0,49.3008,77.1739,2/5/8,bursa_all
2026-09-08 19:41:35,2026-09-04,5182.KL,0.17,0.175,0.165,29.1652,35.558,39.4375,12.5,77.2513,47.8603,2/5/8,bursa_all
2026-09-08 19:41:35,2026-09-04,5183.KL,4.27,4.4085,4.0041,59.4967,43.9307,59.5595,75.0,27.9539,27.2101,2/5/8,bursa_all
2026-09-08 19:41:35,2026-09-04,5184.KL,0.655,0.71,0.64,24.3823,21.7821,38.8647,12.5,27.1249,88.3882,2/5/8,bursa_all
2026-09-08 19:41:35,2026-09-04,5185.KL,2.03,2.05,2.02,29.6554,3.8985,47.5678,37.5,40.6508,15.5507,2/5/8,bursa_all
2026-09-08 19:41:35,2026-09-04,5186.KL,0.39,0.39,0.345,72.5624,84.5906,58.0965,75.0,39.9974,85.6003,2/5/8,bursa_all
2026-09-08 19:41:35,2026-09-04,5187.KL,0.035,0.04,0.03,27.8454,34.681,36.3553,12.5,79.2417,47.4874,2/5/8,bursa_all
2026-09-08 19:41:35,2026-09-04,5188.KL,0.05,0.055,0.05,48.9947,75.1378,46.8464,25.0,67.1881,65.9042,2/5/8,bursa_all
2026-09-08 19:41:35,2026-09-04,5190.KL,0.07,0.07,0.065,28.0126,19.9688,51.569,12.5,28.0126,28.0126,2/5/8,bursa_all
2026-09-08 19:41:35,2026-09-04,5191.KL,0.695,0.73,0.68,23.5016,9.5487,35.9561,25.0,19.3931,68.3204,2/5/8,bursa_all
2026-09-08 19:41:35,2026-09-04,5192.KL,0.83,0.83,0.82,74.1655,67.3203,67.6762,87.5,68.0228,17.3622,2/5/8,bursa_all
2026-09-08 19:41:35,2026-09-04,5196.KL,0.16,0.17,0.16,26.2104,20.2095,45.9218,12.5,77.9581,47.5798,2/5/8,bursa_all
2026-09-08 19:41:35,2026-09-04,5197.KL,0.22,0.22,0.21,80.5463,86.9356,67.2034,87.5,64.6742,25.1316,2/5/8,bursa_all
2026-09-08 19:41:35,2026-09-04,5198.KL,0.225,0.225,0.225,56.4287,96.454,47.832,25.0,56.4287,56.4287,2/5/8,bursa_all
2026-09-08 19:41:35,2026-09-04,5199.KL,2.24,2.41,2.05,78.6839,83.2828,52.7688,100.0,33.0202,64.9431,2/5/8,bursa_all
2026-09-08 19:41:35,2026-09-04,5200.KL,1.65,1.66,1.64,35.0213,23.2643,44.2995,37.5,58.9575,23.9654,2/5/8,bursa_all
2026-09-08 19:41:35,2026-09-04,5202.KL,0.665,0.705,0.655,33.1646,43.9069,43.0869,12.5,76.3325,27.9385,2/5/8,bursa_all
2026-09-08 19:41:35,2026-09-04,5205.KL,0.235,0.25,0.215,20.769,1.3428,35.9641,25.0,14.6849,24.3446,2/5/8,bursa_all
2026-09-08 19:41:35,2026-09-04,5207.KL,0.245,0.245,0.23,52.9496,70.6355,50.7133,37.5,72.2547,25.8068,2/5/8,bursa_all
2026-09-08 19:41:35,2026-09-04,5208.KL,0.625,0.685,0.62,26.4977,40.5292,38.9638,0.0,80.0995,81.7232,2/5/8,bursa_all
2026-09-08 19:41:35,2026-09-04,5209.KL,4.98,5.1,4.95,36.0202,19.8172,38.2434,50.0,29.9273,68.3226,2/5/8,bursa_all
2026-09-08 19:41:35,2026-09-04,5210.KL,0.35,0.37,0.34,67.8859,73.4901,55.1676,75.0,40.0522,60.7788,2/5/8,bursa_all
2026-09-08 19:41:35,2026-09-04,5212.KL,1.6,1.66,1.59,21.0141,10.5873,39.9549,12.5,28.7386,63.3546,2/5/8,bursa_all
2026-09-08 19:41:35,2026-09-04,5218.KL,0.335,0.35,0.32,75.107,78.0576,59.7633,87.5,23.826,51.1257,2/5/8,bursa_all
2026-09-08 19:41:35,2026-09-04,5219.KL,0.06,0.065,0.055,39.3368,28.763,51.7474,37.5,39.3368,39.3368,2/5/8,bursa_all
2026-09-08 19:41:35,2026-09-04,5220.KL,0.945,0.955,0.905,22.1989,22.7941,31.3025,12.5,29.3884,43.316,2/5/8,bursa_all
2026-09-08 19:41:35,2026-09-04,5225.KL,7.95,8.25,7.92,15.8218,6.4751,40.9902,0.0,45.3195,66.1793,2/5/8,bursa_all
2026-09-08 19:41:35,2026-09-04,5226.KL,0.165,0.165,0.16,33.7699,27.4517,48.8581,25.0,33.7699,25.9344,2/5/8,bursa_all
2026-09-08 19:41:35,2026-09-04,5227.KL,2.75,2.85,2.71,35.8116,35.3622,47.0725,25.0,25.0755,83.2882,2/5/8,bursa_all
2026-09-08 19:41:35,2026-09-04,5228.KL,0.995,1.0,0.995,26.2948,5.3017,36.0828,37.5,17.4831,39.5241,2/5/8,bursa_all
2026-09-08 19:41:35,2026-09-04,5230.KL,0.255,0.27,0.255,14.0975,1.0393,41.2532,0.0,40.2226,44.3893,2/5/8,bursa_all
2026-09-08 19:41:35,2026-09-04,5231.KL,0.1229,0.1229,0.1131,50.3994,95.1838,43.5144,12.5,71.674,81.295,2/5/8,bursa_all
2026-09-08 19:41:35,2026-09-04,5232.KL,0.37,0.37,0.35,62.0697,84.0419,52.1672,50.0,81.0057,36.7898,2/5/8,bursa_all
2026-09-08 19:41:35,2026-09-04,5236.KL,1.2,1.22,1.18,48.8546,57.0825,51.9814,37.5,77.6832,9.597,2/5/8,bursa_all
2026-09-08 19:41:35,2026-09-04,5238.KL,0.705,0.795,0.685,8.4354,0.0831,12.723,12.5,30.1827,6.2004,2/5/8,bursa_all
2026-09-08 19:41:35,2026-09-04,5239.KL,0.215,0.215,0.21,36.5362,34.3447,50.2637,25.0,36.5362,27.5166,2/5/8,bursa_all
2026-09-08 19:41:35,2026-09-04,5242.KL,0.12,0.12,0.11,44.7201,58.4161,50.7443,25.0,44.7201,68.3604,2/5/8,bursa_all
2026-09-08 19:41:35,2026-09-04,5243.KL,0.245,0.255,0.225,48.2566,28.3355,53.9343,62.5,35.6757,31.6132,2/5/8,bursa_all
2026-09-08 19:41:35,2026-09-04,5246.KL,6.83,7.02,6.77,27.5655,30.4451,39.7514,12.5,37.696,69.3579,2/5/8,bursa_all
2026-09-08 19:41:35,2026-09-04,5247.KL,0.47,0.5,0.45,32.4299,34.7145,50.0753,12.5,67.6274,23.0236,2/5/8,bursa_all
2026-09-08 19:41:35,2026-09-04,5248.KL,0.92,0.93,0.91,58.1681,27.6685,59.3359,87.5,19.4181,53.778,2/5/8,bursa_all
2026-09-08 19:41:35,2026-09-04,5249.KL,3.89,4.05,3.84,21.6449,21.9101,43.0246,0.0,58.9402,46.0228,2/5/8,bursa_all
2026-09-08 19:41:35,2026-09-04,5250.KL,2.0,2.0,1.96,49.8983,72.6591,52.0359,25.0,78.655,8.0777,2/5/8,bursa_all
2026-09-08 19:41:35,2026-09-04,5253.KL,0.13,0.13,0.12,63.4909,68.3632,59.6094,62.5,26.2014,18.9382,2/5/8,bursa_all
2026-09-08 19:41:35,2026-09-04,5255.KL,1.59,1.6,1.48,79.7034,84.4023,67.208,87.5,75.6944,19.6853,2/5/8,bursa_all
2026-09-08 19:41:35,2026-09-04,5257.KL,0.395,0.425,0.395,26.7906,7.7895,35.0824,37.5,30.9301,41.0066,2/5/8,bursa_all
2026-09-08 19:41:35,2026-09-04,5258.KL,2.11,2.13,2.09,66.6943,51.1512,61.4317,87.5,22.5179,30.5956,2/5/8,bursa_all
2026-09-08 19:41:35,2026-09-04,5259.KL,0.295,0.295,0.285,35.2431,28.7253,52.004,25.0,35.2431,39.4098,2/5/8,bursa_all
2026-09-08 19:41:35,2026-09-04,5260.KL,0.18,0.19,0.175,20.5896,11.8638,37.4051,12.5,26.8255,54.9023,2/5/8,bursa_all
2026-09-08 19:41:35,2026-09-04,5264.KL,0.8,0.82,0.78,50.7494,34.2622,55.4859,62.5,22.3509,37.8461,2/5/8,bursa_all
2026-09-08 19:41:35,2026-09-04,5265.KL,0.1,0.105,0.09,41.1094,19.6439,53.6841,50.0,41.1094,45.276,2/5/8,bursa_all
2026-09-08 19:41:35,2026-09-04,5267.KL,0.16,0.16,0.14,49.4536,73.9055,49.4552,25.0,69.3186,40.3391,2/5/8,bursa_all
2026-09-08 19:41:35,2026-09-04,5269.KL,0.62,0.62,0.595,70.336,93.4328,67.5751,50.0,75.4808,61.6679,2/5/8,bursa_all
2026-09-08 19:41:35,2026-09-04,5271.KL,1.315,1.3545,1.2755,75.0109,70.9496,66.5832,87.5,63.5462,33.4629,2/5/8,bursa_all
2026-09-08 19:41:35,2026-09-04,5272.KL,2.63,2.66,2.45,69.3952,80.4884,52.6973,75.0,35.2556,39.6776,2/5/8,bursa_all
2026-09-08 19:41:35,2026-09-04,5273.KL,2.08,2.09,2.06,17.7736,15.566,37.7549,0.0,29.2338,57.925,2/5/8,bursa_all
2026-09-08 19:41:35,2026-09-04,5274.KL,3.21,3.25,3.2,48.1382,62.861,44.0535,37.5,80.4775,47.0066,2/5/8,bursa_all
2026-09-08 19:41:35,2026-09-04,5275.KL,0.425,0.425,0.42,30.481,11.8529,54.59,25.0,22.8853,55.8822,2/5/8,bursa_all
2026-09-08 19:41:35,2026-09-04,5276.KL,0.3275,0.3324,0.3226,25.287,32.2074,31.1537,12.5,26.9001,93.7499,2/5/8,bursa_all
2026-09-08 19:41:35,2026-09-04,5277.KL,0.39,0.425,0.385,14.4529,10.99,32.3686,0.0,30.2994,28.7254,2/5/8,bursa_all
2026-09-08 19:41:35,2026-09-04,5278.KL,0.685,0.685,0.685,50.3852,60.5162,53.1394,37.5,65.947,38.232,2/5/8,bursa_all
2026-09-08 19:41:35,2026-09-04,5280.KL,0.855,0.855,0.845,64.4075,77.0126,53.71,62.5,38.1986,80.6838,2/5/8,bursa_all
2026-09-08 19:41:35,2026-09-04,5281.KL,0.18,0.18,0.175,55.5608,92.5307,49.1517,25.0,55.5608,81.1765,2/5/8,bursa_all
2026-09-08 19:41:35,2026-09-04,5283.KL,0.18,0.185,0.18,20.8367,22.8428,27.1674,12.5,30.4738,27.813,2/5/8,bursa_all
2026-09-08 19:41:35,2026-09-04,5284.KL,0.325,0.36,0.32,48.1314,43.8394,50.555,50.0,29.5203,84.0276,2/5/8,bursa_all
2026-09-08 19:41:35,2026-09-04,5288.KL,1.3,1.34,1.28,28.7662,17.9666,43.332,25.0,46.7221,65.5149,2/5/8,bursa_all
2026-09-08 19:41:35,2026-09-04,5289.KL,0.285,0.3,0.28,48.3839,73.6445,46.5072,25.0,59.1682,32.0214,2/5/8,bursa_all
2026-09-08 19:41:35,2026-09-04,5291.KL,0.195,0.195,0.18,46.8925,55.112,48.0655,37.5,31.7092,87.2764,2/5/8,bursa_all
2026-09-08 19:41:35,2026-09-04,5293.KL,1.34,1.36,1.33,36.1731,28.745,42.2744,37.5,49.9525,73.7707,2/5/8,bursa_all
2026-09-08 19:41:35,2026-09-04,5295.KL,0.14,0.145,0.14,16.2638,3.8583,32.4331,12.5,19.2961,19.1324,2/5/8,bursa_all
2026-09-08 19:41:35,2026-09-04,5296.KL,1.35,1.39,1.32,30.2681,0.2576,40.5466,50.0,15.8624,39.9365,2/5/8,bursa_all
2026-09-08 19:41:35,2026-09-04,5297.KL,0.19,0.195,0.19,21.6837,5.9118,34.1392,25.0,17.7312,53.5033,2/5/8,bursa_all
2026-09-08 19:41:35,2026-09-04,5298.KL,0.64,0.645,0.6,49.5265,29.5272,56.5524,62.5,23.6493,52.2628,2/5/8,bursa_all
2026-09-08 19:41:35,2026-09-04,5299.KL,0.61,0.615,0.605,38.4509,40.1006,50.2522,25.0,38.4509,42.6176,2/5/8,bursa_all
2026-09-08 19:41:35,2026-09-04,5300.KL,0.81,0.815,0.77,51.2688,82.0838,46.7226,25.0,70.2195,44.6082,2/5/8,bursa_all
2026-09-08 19:41:35,2026-09-04,5302.KL,0.75,0.805,0.735,25.549,30.4234,46.2236,0.0,63.9989,34.1151,2/5/8,bursa_all
2026-09-08 19:41:35,2026-09-04,5303.KL,0.385,0.385,0.37,58.0085,44.5156,54.5099,75.0,25.4369,60.6353,2/5/8,bursa_all
2026-09-08 19:41:35,2026-09-04,5305.KL,0.11,0.12,0.105,24.0535,9.2079,37.9527,25.0,19.7477,77.4331,2/5/8,bursa_all
2026-09-08 19:41:35,2026-09-04,5306.KL,1.96,2.07,1.94,21.1288,2.3394,36.047,25.0,23.7602,22.8506,2/5/8,bursa_all
2026-09-08 19:41:35,2026-09-04,5307.KL,1.51,1.57,1.51,46.0006,37.5748,50.427,50.0,56.9514,22.9745,2/5/8,bursa_all
2026-09-08 19:41:35,2026-09-04,5308.KL,0.67,0.7,0.665,18.2322,20.0027,34.6938,0.0,87.2549,93.6907,2/5/8,bursa_all
2026-09-08 19:41:35,2026-09-04,5310.KL,0.63,0.64,0.63,21.5408,11.0152,41.1073,12.5,49.9595,70.2923,2/5/8,bursa_all
2026-09-08 19:41:35,2026-09-04,5311.KL,0.26,0.27,0.25,40.0633,18.9617,51.2281,50.0,31.2606,23.0413,2/5/8,bursa_all
2026-09-08 19:41:35,2026-09-04,5313.KL,0.56,0.57,0.54,81.9517,98.5079,59.8471,87.5,50.1391,54.3057,2/5/8,bursa_all
2026-09-08 19:41:35,2026-09-04,5315.KL,0.39,0.395,0.38,18.8728,6.8733,37.2452,12.5,28.1482,41.5026,2/5/8,bursa_all
2026-09-08 19:41:35,2026-09-04,5316.KL,0.125,0.13,0.125,16.0363,7.6078,40.5011,0.0,22.1113,57.8908,2/5/8,bursa_all
2026-09-08 19:41:35,2026-09-04,5317.KL,1.14,1.21,1.1,30.7583,50.3686,41.9062,0.0,74.6946,25.395,2/5/8,bursa_all
2026-09-08 19:41:35,2026-09-04,5318.KL,0.46,0.465,0.45,36.7386,36.6774,48.5383,25.0,40.9052,34.0456,2/5/8,bursa_all
2026-09-08 19:41:35,2026-09-04,5321.KL,1.39,1.41,1.33,70.7974,65.8649,71.5273,75.0,76.1929,59.8692,2/5/8,bursa_all
2026-09-08 19:41:35,2026-09-04,5322.KL,0.225,0.225,0.215,28.2917,11.0201,48.8548,25.0,16.0353,51.151,2/5/8,bursa_all
2026-09-08 19:41:35,2026-09-04,5325.KL,1.14,1.19,1.11,30.7568,52.171,40.0993,0.0,89.6516,77.5677,2/5/8,bursa_all
2026-09-08 19:41:35,2026-09-04,5326.KL,3.43,3.49,3.36,59.1607,30.9077,59.0744,87.5,19.6436,18.2636,2/5/8,bursa_all
2026-09-08 19:41:35,2026-09-04,5327.KL,2.34,2.34,2.25,67.581,99.4237,65.8194,37.5,86.5326,75.3446,2/5/8,bursa_all
2026-09-08 19:41:35,2026-09-04,5328.KL,1.73,1.77,1.62,80.9815,94.3736,61.0709,87.5,71.305,32.8922,2/5/8,bursa_all
2026-09-08 19:41:35,2026-09-04,5329.KL,0.985,0.99,0.97,23.5859,27.346,43.4116,0.0,74.8292,13.9981,2/5/8,bursa_all
2026-09-08 19:41:35,2026-09-04,5330.KL,2.87,3.05,2.82,34.1823,53.6254,36.4216,12.5,75.0127,72.2618,2/5/8,bursa_all
2026-09-08 19:41:35,2026-09-04,5331.KL,0.495,0.505,0.485,26.2045,31.4255,34.688,12.5,36.703,71.4362,2/5/8,bursa_all
2026-09-08 19:41:35,2026-09-04,5335.KL,1.77,1.84,1.76,44.6247,19.2332,52.141,62.5,65.2793,35.0849,2/5/8,bursa_all
2026-09-08 19:41:35,2026-09-04,5336.KL,0.415,0.435,0.405,44.7092,52.3457,44.2819,37.5,62.2894,32.873,2/5/8,bursa_all
2026-09-08 19:41:35,2026-09-04,5337.KL,1.5,1.51,1.41,75.3237,83.0588,55.4123,87.5,35.1603,20.3769,2/5/8,bursa_all
2026-09-08 19:41:35,2026-09-04,5338.KL,0.85,0.86,0.845,54.9782,21.001,56.4336,87.5,18.1506,81.9939,2/5/8,bursa_all
2026-09-08 19:41:35,2026-09-04,5340.KL,8.1,8.4,8.01,28.7344,26.5562,34.647,25.0,38.8822,70.5153,2/5/8,bursa_all
2026-09-08 19:41:35,2026-09-04,5341.KL,0.78,0.82,0.725,66.5962,57.1658,55.1227,87.5,22.4785,31.2223,2/5/8,bursa_all
2026-09-08 19:41:35,2026-09-04,5343.KL,0.38,0.38,0.36,66.3937,51.1778,60.5034,87.5,34.8091,59.6739,2/5/8,bursa_all
2026-09-08 19:41:35,2026-09-04,5345.KL,0.275,0.275,0.255,62.7888,63.8607,62.0056,62.5,58.3976,25.9085,2/5/8,bursa_all
2026-09-08 19:41:35,2026-09-04,5346.KL,0.3,0.31,0.295,32.673,19.7691,40.75,37.5,24.6349,81.0079,2/5/8,bursa_all
2026-09-08 19:41:35,2026-09-04,5347.KL,13.62,14.14,13.58,12.0602,2.6554,33.5251,0.0,16.2074,34.8559,2/5/8,bursa_all
2026-09-08 19:41:35,2026-09-04,5348.KL,0.81,0.855,0.78,52.3947,22.7681,59.416,75.0,12.2527,21.3549,2/5/8,bursa_all
2026-09-08 19:41:35,2026-09-04,5351.KL,0.9,0.945,0.89,18.8731,6.7568,37.3625,12.5,17.6609,67.412,2/5/8,bursa_all
2026-09-08 19:41:35,2026-09-04,5352.KL,1.248,1.3065,1.2188,40.2281,70.3716,37.8128,12.5,71.1358,81.7006,2/5/8,bursa_all
2026-09-08 19:41:35,2026-09-04,5371.KL,0.85,0.855,0.85,28.3097,23.9042,36.0248,25.0,22.3654,77.9173,2/5/8,bursa_all
2026-09-08 19:41:35,2026-09-04,5398.KL,4.62,4.68,4.4,78.7691,95.795,65.5124,75.0,75.0615,63.3762,2/5/8,bursa_all
2026-09-08 19:41:35,2026-09-04,5401.KL,1.16,1.21,1.16,15.9254,11.1065,36.6696,0.0,31.7347,76.257,2/5/8,bursa_all
2026-09-08 19:41:35,2026-09-04,5436.KL,0.88,0.92,0.765,20.9947,28.142,34.842,0.0,72.2751,91.6659,2/5/8,bursa_all
2026-09-08 19:41:35,2026-09-04,5517.KL,1.57,1.62,1.57,12.4198,4.8694,32.3899,0.0,16.6286,28.2333,2/5/8,bursa_all
2026-09-08 19:41:35,2026-09-04,5533.KL,0.75,0.85,0.75,15.0811,0.4032,44.8402,0.0,30.8317,14.1843,2/5/8,bursa_all
2026-09-08 19:41:35,2026-09-04,5555.KL,2.08,2.14,2.07,33.986,45.5144,43.9435,12.5,66.7039,72.8908,2/5/8,bursa_all
2026-09-08 19:41:35,2026-09-04,5568.KL,0.165,0.165,0.15,81.7464,86.1554,59.0837,100.0,33.0223,21.3021,2/5/8,bursa_all
2026-09-08 19:41:35,2026-09-04,5576.KL,0.26,0.27,0.26,39.0921,29.6949,50.0815,37.5,43.2588,32.6673,2/5/8,bursa_all
2026-09-08 19:41:35,2026-09-04,5592.KL,0.315,0.33,0.31,31.5986,9.0117,35.7842,50.0,34.7986,26.3912,2/5/8,bursa_all
2026-09-08 19:41:35,2026-09-04,5606.KL,2.35,2.43,2.35,50.5921,42.9124,46.3638,62.5,65.6214,43.9676,2/5/8,bursa_all
2026-09-08 19:41:35,2026-09-04,5614.KL,1.16,1.18,0.94,92.346,99.8389,77.199,100.0,86.6995,89.1013,2/5/8,bursa_all
2026-09-08 19:41:35,2026-09-04,5622.KL,0.905,0.905,0.905,54.403,99.9967,50.7122,12.5,58.5697,53.9679,2/5/8,bursa_all
2026-09-08 19:41:35,2026-09-04,5649.KL,0.18,0.215,0.17,25.3675,27.1413,48.9613,0.0,77.081,14.1859,2/5/8,bursa_all
2026-09-08 19:41:35,2026-09-04,5657.KL,0.19,0.205,0.185,46.322,51.0538,50.4121,37.5,30.9552,85.3105,2/5/8,bursa_all
2026-09-08 19:41:35,2026-09-04,5665.KL,0.535,0.57,0.45,88.9491,99.3008,67.5466,100.0,86.6665,80.2976,2/5/8,bursa_all
2026-09-08 19:41:35,2026-09-04,5673.KL,0.215,0.22,0.185,24.502,0.3247,48.1814,25.0,39.8688,22.1127,2/5/8,bursa_all
2026-09-08 19:41:35,2026-09-04,5703.KL,0.46,0.47,0.45,17.6667,7.4746,33.0256,12.5,26.8316,23.1216,2/5/8,bursa_all
2026-09-08 19:41:35,2026-09-04,5738.KL,0.155,0.155,0.15,57.9742,59.7202,51.7025,62.5,51.4699,79.3267,2/5/8,bursa_all
2026-09-08 19:41:35,2026-09-04,5789.KL,0.395,0.405,0.38,13.0325,9.4542,29.6432,0.0,18.2203,35.9779,2/5/8,bursa_all
2026-09-08 19:41:35,2026-09-04,5797.KL,0.5,0.525,0.5,21.7945,14.9932,37.8903,12.5,48.4243,72.4458,2/5/8,bursa_all
2026-09-08 19:41:35,2026-09-04,5819.KL,23.66,24.0,23.34,70.4081,98.7569,74.9675,37.5,89.6843,82.9577,2/5/8,bursa_all
2026-09-08 19:41:35,2026-09-04,5827.KL,1.26,1.3,1.25,26.409,34.1779,45.0491,0.0,76.8495,14.5689,2/5/8,bursa_all
2026-09-08 19:41:35,2026-09-04,5843.KL,0.54,0.55,0.54,17.397,21.4766,30.7145,0.0,33.0512,43.5636,2/5/8,bursa_all
2026-09-08 19:41:35,2026-09-04,5878.KL,2.69,2.75,2.64,32.2888,6.9554,39.911,50.0,17.2686,79.1108,2/5/8,bursa_all
2026-09-08 19:41:35,2026-09-04,5908.KL,5.96,6.0,5.96,33.0971,14.1337,35.1576,50.0,23.7595,37.4258,2/5/8,bursa_all
2026-09-08 19:41:35,2026-09-04,5916.KL,1.68,1.73,1.65,20.0469,7.7236,27.4171,25.0,26.8236,16.1861,2/5/8,bursa_all
2026-09-08 19:41:35,2026-09-04,5932.KL,0.235,0.235,0.23,36.0713,2.9295,55.2843,50.0,40.2379,40.2379,2/5/8,bursa_all
2026-09-08 19:41:35,2026-09-04,5983.KL,5.29,5.38,5.23,61.7507,89.9382,45.314,50.0,85.4677,65.9858,2/5/8,bursa_all
2026-09-08 19:41:35,2026-09-04,6009.KL,0.53,0.535,0.515,28.238,29.3428,42.8713,12.5,66.5156,21.7708,2/5/8,bursa_all
2026-09-08 19:41:35,2026-09-04,6017.KL,2.31,2.34,2.31,33.8885,23.4505,40.715,37.5,51.6278,60.4388,2/5/8,bursa_all
2026-09-08 19:41:35,2026-09-04,6033.KL,17.26,17.8,17.22,24.2385,20.1392,40.0763,12.5,68.7333,74.2321,2/5/8,bursa_all
2026-09-08 19:41:35,2026-09-04,6041.KL,0.15,0.15,0.14,35.1522,41.6581,51.2985,12.5,39.3189,39.3189,2/5/8,bursa_all
2026-09-08 19:41:35,2026-09-04,6068.KL,0.275,0.275,0.265,72.3679,68.1678,61.4359,87.5,21.4211,28.7442,2/5/8,bursa_all
2026-09-08 19:41:35,2026-09-04,6076.KL,0.125,0.14,0.12,26.6978,27.4507,40.1425,12.5,80.8481,52.4475,2/5/8,bursa_all
2026-09-08 19:41:35,2026-09-04,6114.KL,1.99,1.99,1.99,54.1336,76.0266,48.8742,37.5,54.1336,64.9683,2/5/8,bursa_all
2026-09-08 19:41:35,2026-09-04,6139.KL,3.09,3.18,3.07,20.1469,10.486,37.4548,12.5,40.8015,27.1366,2/5/8,bursa_all
2026-09-08 19:41:35,2026-09-04,6149.KL,1.03,1.04,1.03,33.7506,17.1988,46.5531,37.5,57.5414,13.5197,2/5/8,bursa_all
2026-09-08 19:41:35,2026-09-04,6173.KL,0.185,0.19,0.185,33.3438,24.0165,51.0149,25.0,37.5105,22.3785,2/5/8,bursa_all
2026-09-08 19:41:35,2026-09-04,6181.KL,0.23,0.235,0.22,71.8351,58.7449,56.7605,100.0,25.2411,62.8689,2/5/8,bursa_all
2026-09-08 19:41:35,2026-09-04,6203.KL,0.09,0.105,0.085,16.6277,4.8308,32.5523,12.5,20.6398,20.4238,2/5/8,bursa_all
2026-09-08 19:41:35,2026-09-04,6211.KL,0.34,0.34,0.285,83.5694,89.67,61.0382,100.0,20.541,41.4345,2/5/8,bursa_all
2026-09-08 19:41:35,2026-09-04,6254.KL,0.03,0.03,0.025,47.1165,93.462,47.8875,0.0,51.2832,51.2832,2/5/8,bursa_all
2026-09-08 19:41:35,2026-09-04,6297.KL,0.21,0.21,0.205,69.2886,57.8976,62.4681,87.5,41.6396,45.8063,2/5/8,bursa_all
2026-09-08 19:41:35,2026-09-04,6351.KL,4.43,4.4498,4.43,35.2239,6.1379,49.5338,50.0,43.479,24.5068,2/5/8,bursa_all
2026-09-08 19:41:35,2026-09-04,6378.KL,0.52,0.54,0.52,24.1303,29.9448,42.4461,0.0,65.7002,39.9711,2/5/8,bursa_all
2026-09-08 19:41:35,2026-09-04,6432.KL,5.78,5.8,5.76,18.7036,5.3573,25.7536,25.0,21.4975,28.9609,2/5/8,bursa_all
2026-09-08 19:41:35,2026-09-04,6483.KL,0.625,0.68,0.62,9.3464,0.1311,27.9081,0.0,11.3219,18.0052,2/5/8,bursa_all
2026-09-08 19:41:35,2026-09-04,6521.KL,1.21,1.22,1.2,13.3581,0.5136,39.5607,0.0,16.2347,36.8727,2/5/8,bursa_all
2026-09-08 19:41:35,2026-09-04,6556.KL,0.535,0.545,0.525,45.0477,71.996,38.1471,25.0,79.3172,90.166,2/5/8,bursa_all
2026-09-08 19:41:35,2026-09-04,6599.KL,1.0,1.03,0.995,21.4767,17.3586,47.0717,0.0,68.2488,40.5326,2/5/8,bursa_all
2026-09-08 19:41:35,2026-09-04,6602.KL,0.25,0.255,0.24,80.397,94.9725,71.2184,75.0,84.9252,29.6342,2/5/8,bursa_all
2026-09-08 19:41:35,2026-09-04,6633.KL,0.765,0.78,0.745,14.6204,11.6804,32.1809,0.0,27.6155,60.1286,2/5/8,bursa_all
2026-09-08 19:41:35,2026-09-04,6637.KL,0.045,0.045,0.04,39.877,30.3521,51.7791,37.5,39.877,23.6399,2/5/8,bursa_all
2026-09-08 19:41:35,2026-09-04,6718.KL,1.22,1.24,1.21,13.3286,0.4366,39.5492,0.0,27.9739,27.9739,2/5/8,bursa_all
2026-09-08 19:41:35,2026-09-04,6742.KL,5.8,5.86,5.47,75.7048,99.3844,77.73,50.0,78.5984,85.3733,2/5/8,bursa_all
2026-09-08 19:41:35,2026-09-04,6769.KL,0.11,0.11,0.11,42.7616,42.2314,48.5536,37.5,40.0696,68.5164,2/5/8,bursa_all
2026-09-08 19:41:35,2026-09-04,6807.KL,0.165,0.165,0.165,32.229,5.9477,53.2392,37.5,12.5926,22.3675,2/5/8,bursa_all
2026-09-08 19:41:35,2026-09-04,6815.KL,0.685,0.695,0.685,36.5361,40.9939,43.6144,25.0,68.3878,43.8097,2/5/8,bursa_all
2026-09-08 19:41:35,2026-09-04,6874.KL,0.905,0.95,0.9,11.3626,2.7641,31.3237,0.0,16.7583,41.5551,2/5/8,bursa_all
2026-09-08 19:41:35,2026-09-04,6904.KL,0.68,0.685,0.68,31.0419,7.3497,35.7759,50.0,16.4462,39.2201,2/5/8,bursa_all
2026-09-08 19:41:35,2026-09-04,6912.KL,0.295,0.295,0.28,55.4539,78.4655,50.3963,37.5,59.6206,59.6206,2/5/8,bursa_all
2026-09-08 19:41:35,2026-09-04,6939.KL,1.05,1.05,1.03,38.1031,25.3045,51.5048,37.5,42.2698,22.9753,2/5/8,bursa_all
2026-09-08 19:41:35,2026-09-04,6963.KL,0.225,0.23,0.21,39.9198,17.2352,52.5241,50.0,30.4027,27.4418,2/5/8,bursa_all
2026-09-08 19:41:35,2026-09-04,6971.KL,2.25,2.35,2.15,30.5794,14.3617,39.8765,37.5,40.2376,26.5655,2/5/8,bursa_all
2026-09-08 19:41:35,2026-09-04,6998.KL,0.07,0.075,0.065,36.6054,34.4983,50.318,25.0,33.024,77.0785,2/5/8,bursa_all
2026-09-08 19:41:35,2026-09-04,7003.KL,0.305,0.305,0.3,76.4097,78.9609,62.7682,87.5,28.7069,19.3504,2/5/8,bursa_all
2026-09-08 19:41:35,2026-09-04,7004.KL,1.57,1.61,1.55,48.0263,65.4036,41.1753,37.5,88.4254,72.6524,2/5/8,bursa_all
2026-09-08 19:41:35,2026-09-04,7005.KL,0.58,0.595,0.57,28.5991,7.574,40.7233,37.5,23.3197,52.2687,2/5/8,bursa_all
2026-09-08 19:41:35,2026-09-04,7006.KL,1.05,1.05,1.04,54.1425,87.3342,50.0932,25.0,79.8997,35.6966,2/5/8,bursa_all
2026-09-08 19:41:35,2026-09-04,7007.KL,0.21,0.21,0.21,36.8926,37.1708,48.5069,25.0,25.2807,89.5616,2/5/8,bursa_all
2026-09-08 19:41:35,2026-09-04,7010.KL,1.38,1.44,1.38,35.5361,23.8988,45.2097,37.5,61.3706,22.8896,2/5/8,bursa_all
2026-09-08 19:41:35,2026-09-04,7013.KL,0.035,0.035,0.025,79.721,89.7185,61.9445,87.5,41.4951,41.4951,2/5/8,bursa_all
2026-09-08 19:41:35,2026-09-04,7014.KL,0.26,0.26,0.245,72.2221,85.9251,55.7411,75.0,38.5859,57.1653,2/5/8,bursa_all
2026-09-08 19:41:35,2026-09-04,7016.KL,0.22,0.225,0.22,53.4568,74.2327,48.6376,37.5,63.8676,47.7049,2/5/8,bursa_all
2026-09-08 19:41:35,2026-09-04,7017.KL,0.065,0.07,0.065,33.086,24.6346,49.6232,25.0,21.6529,76.5059,2/5/8,bursa_all
2026-09-08 19:41:35,2026-09-04,7018.KL,0.005,0.005,0.005,39.8529,30.9896,51.0691,37.5,24.554,67.2171,2/5/8,bursa_all
2026-09-08 19:41:35,2026-09-04,7020.KL,0.1,0.13,0.09,77.3762,99.9347,69.6938,62.5,86.708,52.8837,2/5/8,bursa_all
2026-09-08 19:41:35,2026-09-04,7025.KL,0.6,0.6,0.6,49.3643,70.5495,52.5434,25.0,49.3643,49.3643,2/5/8,bursa_all
2026-09-08 19:41:35,2026-09-04,7028.KL,0.485,0.495,0.475,73.6067,88.6791,69.641,62.5,77.2311,58.5425,2/5/8,bursa_all
2026-09-08 19:41:35,2026-09-04,7029.KL,1.6,1.62,1.6,30.8558,24.3346,43.2327,25.0,57.6966,43.2152,2/5/8,bursa_all
2026-09-08 19:41:35,2026-09-04,7033.KL,0.55,0.58,0.545,34.0557,26.0886,38.5786,37.5,30.6421,76.6025,2/5/8,bursa_all
2026-09-08 19:41:35,2026-09-04,7034.KL,1.57,1.65,1.57,26.7342,42.292,37.9106,0.0,82.3462,58.8127,2/5/8,bursa_all
2026-09-08 19:41:35,2026-09-04,7035.KL,0.915,0.93,0.9,33.2517,0.0898,24.6653,75.0,9.8095,11.6372,2/5/8,bursa_all
2026-09-08 19:41:35,2026-09-04,7036.KL,0.005,0.005,0.005,27.9951,33.3282,50.6571,0.0,27.9951,27.9951,2/5/8,bursa_all
2026-09-08 19:41:35,2026-09-04,7043.KL,0.18,0.18,0.175,44.8542,58.7535,50.8091,25.0,44.8542,69.5973,2/5/8,bursa_all
2026-09-08 19:41:35,2026-09-04,7047.KL,0.1,0.11,0.095,40.5136,2.7435,56.2972,62.5,14.3081,17.9067,2/5/8,bursa_all
2026-09-08 19:41:35,2026-09-04,7048.KL,2.59,2.59,2.52,60.4532,69.3615,61.9981,50.0,67.9548,26.4597,2/5/8,bursa_all
2026-09-08 19:41:35,2026-09-04,7050.KL,0.18,0.18,0.165,64.2918,59.82,58.0554,75.0,19.6379,31.4465,2/5/8,bursa_all
2026-09-08 19:41:35,2026-09-04,7052.KL,1.08,1.21,1.05,10.8192,0.6624,19.2952,12.5,8.0992,16.0415,2/5/8,bursa_all
2026-09-08 19:41:35,2026-09-04,7053.KL,0.7,0.7,0.69,66.228,80.7359,67.9482,50.0,66.4733,73.1747,2/5/8,bursa_all
2026-09-08 19:41:35,2026-09-04,7055.KL,0.86,0.86,0.86,52.2566,97.4537,46.8162,12.5,52.2566,52.2566,2/5/8,bursa_all
2026-09-08 19:41:35,2026-09-04,7060.KL,1.3,1.35,1.28,23.4793,22.6178,47.8202,0.0,73.1267,44.2597,2/5/8,bursa_all
2026-09-08 19:41:35,2026-09-04,7062.KL,1.4,1.42,1.36,34.2044,31.1622,46.451,25.0,63.2456,44.4609,2/5/8,bursa_all
2026-09-08 19:41:35,2026-09-04,7066.KL,0.11,0.115,0.105,23.108,28.4799,40.844,0.0,77.102,11.2572,2/5/8,bursa_all
2026-09-08 19:41:35,2026-09-04,7070.KL,0.095,0.095,0.09,65.9531,51.8989,58.4604,87.5,20.1066,49.4957,2/5/8,bursa_all
2026-09-08 19:41:35,2026-09-04,7071.KL,0.05,0.05,0.045,47.5053,69.8206,47.6954,25.0,47.5053,63.0082,2/5/8,bursa_all
2026-09-08 19:41:35,2026-09-04,7073.KL,0.06,0.06,0.06,27.2706,29.0755,52.7363,0.0,27.2706,27.2706,2/5/8,bursa_all
2026-09-08 19:41:35,2026-09-04,7076.KL,1.23,1.27,1.22,55.8331,88.4085,41.5909,37.5,87.9274,82.5045,2/5/8,bursa_all
2026-09-08 19:41:35,2026-09-04,7077.KL,0.285,0.295,0.27,57.0432,84.3811,49.2484,37.5,76.6223,47.3933,2/5/8,bursa_all
2026-09-08 19:41:35,2026-09-04,7078.KL,0.105,0.115,0.1,13.3508,8.1328,31.9196,0.0,31.3592,54.9682,2/5/8,bursa_all
2026-09-08 19:41:35,2026-09-04,7079.KL,0.025,0.025,0.02,38.6863,66.6667,49.3923,0.0,38.6863,38.6863,2/5/8,bursa_all
2026-09-08 19:41:35,2026-09-04,7080.KL,0.005,0.01,0.005,10.901,0.5914,32.1117,0.0,33.9085,38.0752,2/5/8,bursa_all
2026-09-08 19:41:35,2026-09-04,7081.KL,1.11,1.17,1.1,14.279,4.3165,38.5204,0.0,24.4118,72.2881,2/5/8,bursa_all
2026-09-08 19:41:35,2026-09-04,7082.KL,0.17,0.18,0.17,39.7384,2.9523,53.7628,62.5,16.182,42.7436,2/5/8,bursa_all
2026-09-08 19:41:35,2026-09-04,7083.KL,1.8,1.88,1.75,75.375,93.7582,57.3667,75.0,56.5352,75.6314,2/5/8,bursa_all
2026-09-08 19:41:35,2026-09-04,7084.KL,3.79,3.87,3.73,24.6676,6.3969,30.106,37.5,14.4489,30.6597,2/5/8,bursa_all
2026-09-08 19:41:35,2026-09-04,7085.KL,1.1,1.22,1.1,19.8244,15.6055,43.8676,0.0,78.0709,57.5729,2/5/8,bursa_all
2026-09-08 19:41:35,2026-09-04,7086.KL,0.11,0.11,0.095,66.2004,94.4917,66.6095,37.5,62.9213,67.2301,2/5/8,bursa_all
2026-09-08 19:41:35,2026-09-04,7087.KL,1.66,1.69,1.62,52.9182,23.6873,60.0672,75.0,21.5603,31.969,2/5/8,bursa_all
2026-09-08 19:41:35,2026-09-04,7088.KL,0.63,0.66,0.63,16.9396,14.1445,36.6743,0.0,39.7766,82.5461,2/5/8,bursa_all
2026-09-08 19:41:35,2026-09-04,7089.KL,0.265,0.265,0.26,53.5885,35.6327,62.6329,62.5,15.5977,21.6323,2/5/8,bursa_all
2026-09-08 19:41:35,2026-09-04,7091.KL,1.36,1.4,1.31,51.3918,68.6145,48.0608,37.5,65.0602,73.2446,2/5/8,bursa_all
2026-09-08 19:41:35,2026-09-04,7094.KL,3.09,3.09,3.09,45.3886,5.2291,55.9366,75.0,15.6448,45.0027,2/5/8,bursa_all
2026-09-08 19:41:35,2026-09-04,7095.KL,1.69,1.72,1.6,55.2104,69.5132,46.1181,50.0,80.1423,20.7008,2/5/8,bursa_all
2026-09-08 19:41:35,2026-09-04,7096.KL,0.055,0.07,0.055,19.813,21.2241,38.2147,0.0,81.0394,81.3658,2/5/8,bursa_all
2026-09-08 19:41:35,2026-09-04,7097.KL,0.01,0.01,0.005,32.1056,32.6739,51.1429,12.5,36.2723,36.2723,2/5/8,bursa_all
2026-09-08 19:41:35,2026-09-04,7099.KL,0.13,0.145,0.12,38.2161,48.9797,40.6686,25.0,77.8887,38.5517,2/5/8,bursa_all
2026-09-08 19:41:35,2026-09-04,7100.KL,2.7,2.75,2.69,38.1201,32.5664,44.294,37.5,61.4482,23.5479,2/5/8,bursa_all
2026-09-08 19:41:35,2026-09-04,7105.KL,2.16,2.16,2.12,77.766,77.1577,56.1404,100.0,28.4966,69.108,2/5/8,bursa_all
2026-09-08 19:41:35,2026-09-04,7106.KL,0.37,0.39,0.315,83.0762,97.7159,64.0127,87.5,84.8458,39.7963,2/5/8,bursa_all
2026-09-08 19:41:35,2026-09-04,7107.KL,1.03,1.03,1.0,52.554,97.8056,47.3564,12.5,78.3728,46.1262,2/5/8,bursa_all
2026-09-08 19:41:35,2026-09-04,7108.KL,0.14,0.15,0.135,45.2015,16.2117,56.8928,62.5,22.5443,65.2304,2/5/8,bursa_all
2026-09-08 19:41:35,2026-09-04,7113.KL,0.635,0.66,0.63,25.1682,18.4692,44.5354,12.5,51.8492,70.7596,2/5/8,bursa_all
2026-09-08 19:41:35,2026-09-04,7114.KL,0.035,0.04,0.03,40.2398,41.5629,41.6563,37.5,69.7957,66.383,2/5/8,bursa_all
2026-09-08 19:41:35,2026-09-04,7115.KL,0.955,0.995,0.94,24.8953,18.9555,30.7304,25.0,19.7472,29.5053,2/5/8,bursa_all
2026-09-08 19:41:35,2026-09-04,7117.KL,0.165,0.17,0.16,42.0112,51.1714,49.8623,25.0,46.1779,31.1039,2/5/8,bursa_all
2026-09-08 19:41:35,2026-09-04,7120.KL,0.11,0.12,0.1,10.4644,3.369,28.0244,0.0,14.503,28.3057,2/5/8,bursa_all
2026-09-08 19:41:35,2026-09-04,7121.KL,0.82,0.835,0.81,37.6469,48.5929,39.348,25.0,70.8276,71.2887,2/5/8,bursa_all
2026-09-08 19:41:35,2026-09-04,7123.KL,0.035,0.04,0.03,41.9658,63.4201,49.9775,12.5,46.1325,50.2992,2/5/8,bursa_all
2026-09-08 19:41:35,2026-09-04,7128.KL,0.29,0.29,0.265,75.8038,78.0436,61.8678,87.5,17.9324,29.2118,2/5/8,bursa_all
2026-09-08 19:41:35,2026-09-04,7129.KL,1.3,1.3,1.29,74.586,88.3065,60.4516,75.0,37.1815,37.1815,2/5/8,bursa_all
2026-09-08 19:41:35,2026-09-04,7131.KL,0.12,0.125,0.115,34.6684,38.0576,40.9477,25.0,69.3425,46.9771,2/5/8,bursa_all
2026-09-08 19:41:35,2026-09-04,7132.KL,0.575,0.575,0.52,81.5391,93.2451,63.8721,87.5,71.4674,29.423,2/5/8,bursa_all
2026-09-08 19:41:35,2026-09-04,7133.KL,1.37,1.4,1.37,31.0379,50.3358,42.778,0.0,85.7496,54.0526,2/5/8,bursa_all
2026-09-08 19:41:35,2026-09-04,7134.KL,0.74,0.74,0.7,41.9281,9.4726,53.8117,62.5,20.7128,43.123,2/5/8,bursa_all
2026-09-08 19:41:35,2026-09-04,7137.KL,1.75,1.75,1.7,71.6791,69.4922,58.045,87.5,32.8179,21.5271,2/5/8,bursa_all
2026-09-08 19:41:35,2026-09-04,7139.KL,0.085,0.095,0.08,24.3645,30.7092,42.3844,0.0,76.2076,13.9372,2/5/8,bursa_all
2026-09-08 19:41:35,2026-09-04,7140.KL,0.525,0.54,0.51,37.8199,64.3905,36.5692,12.5,64.1679,65.3921,2/5/8,bursa_all
2026-09-08 19:41:35,2026-09-04,7145.KL,0.17,0.175,0.155,84.3056,93.7938,71.6231,87.5,78.4443,61.2985,2/5/8,bursa_all
2026-09-08 19:41:35,2026-09-04,7146.KL,0.05,0.05,0.045,41.7247,36.3601,51.3141,37.5,41.7247,30.4069,2/5/8,bursa_all
2026-09-08 19:41:35,2026-09-04,7148.KL,1.25,1.3,1.24,41.2621,55.339,43.4474,25.0,71.8036,43.2257,2/5/8,bursa_all
2026-09-08 19:41:35,2026-09-04,7149.KL,0.17,0.18,0.165,22.796,12.6373,43.2507,12.5,50.6207,70.0498,2/5/8,bursa_all
2026-09-08 19:41:35,2026-09-04,7152.KL,0.21,0.225,0.21,23.4093,3.7398,28.9881,37.5,17.122,28.561,2/5/8,bursa_all
2026-09-08 19:41:35,2026-09-04,7153.KL,1.04,1.1,1.03,19.6132,21.08,37.7597,0.0,36.4683,79.0606,2/5/8,bursa_all
2026-09-08 19:41:35,2026-09-04,7154.KL,0.025,0.03,0.025,36.3615,33.4739,50.6105,25.0,23.9793,77.5088,2/5/8,bursa_all
2026-09-08 19:41:35,2026-09-04,7155.KL,0.3,0.305,0.28,68.1028,56.8913,59.917,87.5,16.4014,25.2663,2/5/8,bursa_all
2026-09-08 19:41:35,2026-09-04,7157.KL,0.285,0.315,0.285,25.624,31.734,45.1381,0.0,74.892,45.8695,2/5/8,bursa_all
2026-09-08 19:41:35,2026-09-04,7162.KL,0.495,0.495,0.49,69.5514,47.334,61.3203,100.0,15.915,43.0218,2/5/8,bursa_all
2026-09-08 19:41:35,2026-09-04,7163.KL,3.9,3.91,3.79,65.2568,93.5972,52.1732,50.0,62.4822,77.4743,2/5/8,bursa_all
2026-09-08 19:41:35,2026-09-04,7165.KL,0.07,0.07,0.065,46.9464,80.3522,47.9869,12.5,77.6702,24.0858,2/5/8,bursa_all
2026-09-08 19:41:35,2026-09-04,7167.KL,1.63,1.65,1.55,81.7986,88.9041,56.4917,100.0,22.7662,24.6823,2/5/8,bursa_all
2026-09-08 19:41:35,2026-09-04,7168.KL,0.08,0.095,0.08,10.5727,3.7869,27.9312,0.0,22.774,24.0509,2/5/8,bursa_all
2026-09-08 19:41:35,2026-09-04,7169.KL,0.735,0.735,0.7005,71.3596,83.5272,68.0516,62.5,80.2193,53.1262,2/5/8,bursa_all
2026-09-08 19:41:35,2026-09-04,7170.KL,0.14,0.145,0.135,59.9644,60.1946,57.1987,62.5,26.523,83.7483,2/5/8,bursa_all
2026-09-08 19:41:35,2026-09-04,7172.KL,1.78,1.79,1.72,56.5815,74.551,45.1934,50.0,79.2346,55.9677,2/5/8,bursa_all
2026-09-08 19:41:35,2026-09-04,7173.KL,0.2,0.21,0.2,18.1595,8.5618,33.4168,12.5,24.2618,47.0115,2/5/8,bursa_all
2026-09-08 19:41:35,2026-09-04,7174.KL,0.525,0.54,0.52,56.7427,63.9444,56.2837,50.0,28.5268,43.5002,2/5/8,bursa_all
2026-09-08 19:41:35,2026-09-04,7176.KL,0.265,0.275,0.245,76.0468,65.681,62.4595,100.0,14.2477,25.893,2/5/8,bursa_all
2026-09-08 19:41:35,2026-09-04,7178.KL,2.0,2.05,2.0,19.55,12.3211,33.8291,12.5,28.2331,33.6445,2/5/8,bursa_all
2026-09-08 19:41:35,2026-09-04,7179.KL,1.6,1.65,1.52,80.7458,99.5426,55.1948,87.5,74.1257,54.4608,2/5/8,bursa_all
2026-09-08 19:41:35,2026-09-04,7180.KL,0.775,0.85,0.775,21.3696,1.6292,24.9796,37.5,23.5965,17.7484,2/5/8,bursa_all
2026-09-08 19:41:35,2026-09-04,7184.KL,0.015,0.015,0.01,71.0144,78.0749,59.9685,75.0,39.7715,23.8735,2/5/8,bursa_all
2026-09-08 19:41:35,2026-09-04,7186.KL,0.105,0.105,0.105,30.8862,17.2784,50.3802,25.0,19.5627,75.8553,2/5/8,bursa_all
2026-09-08 19:41:35,2026-09-04,7187.KL,1.0,1.0,0.995,35.252,0.4253,55.3306,50.0,35.252,15.998,2/5/8,bursa_all
2026-09-08 19:41:35,2026-09-04,7188.KL,0.03,0.03,0.025,37.1016,48.7596,50.0451,12.5,41.2682,41.2682,2/5/8,bursa_all
2026-09-08 19:41:35,2026-09-04,7191.KL,0.13,0.13,0.125,37.6754,36.933,51.0932,25.0,34.2924,54.7899,2/5/8,bursa_all
2026-09-08 19:41:35,2026-09-04,7192.KL,0.525,0.545,0.475,76.0191,88.3443,64.7131,75.0,79.4364,63.2087,2/5/8,bursa_all
2026-09-08 19:41:35,2026-09-04,7195.KL,2.45,2.45,2.36,83.9559,99.5106,77.3573,75.0,65.8291,81.0448,2/5/8,bursa_all
2026-09-08 19:41:35,2026-09-04,7197.KL,1.27,1.33,1.27,18.8379,0.0507,31.4629,25.0,21.1552,23.8875,2/5/8,bursa_all
2026-09-08 19:41:35,2026-09-04,7198.KL,0.52,0.525,0.51,30.4982,15.9181,38.0765,37.5,31.367,52.4382,2/5/8,bursa_all
2026-09-08 19:41:35,2026-09-04,7199.KL,1.04,1.04,0.98,74.9976,69.287,55.7059,100.0,23.6671,54.1964,2/5/8,bursa_all
2026-09-08 19:41:35,2026-09-04,7200.KL,0.24,0.245,0.225,29.933,52.2873,37.5118,0.0,84.2677,49.5731,2/5/8,bursa_all
2026-09-08 19:41:35,2026-09-04,7201.KL,0.06,0.065,0.055,30.9361,14.8056,53.0028,25.0,35.1028,14.7871,2/5/8,bursa_all
2026-09-08 19:41:35,2026-09-04,7202.KL,0.42,0.42,0.4,51.678,67.277,50.2571,37.5,66.973,44.8529,2/5/8,bursa_all
2026-09-08 19:41:35,2026-09-04,7203.KL,0.37,0.38,0.35,29.1188,18.3007,44.0558,25.0,44.0991,32.9109,2/5/8,bursa_all
2026-09-08 19:41:35,2026-09-04,7207.KL,0.63,0.65,0.595,79.8885,88.5768,63.5888,87.5,79.0636,17.0873,2/5/8,bursa_all
2026-09-08 19:41:35,2026-09-04,7208.KL,0.06,0.065,0.06,32.5837,21.7401,51.011,25.0,20.1914,44.1129,2/5/8,bursa_all
2026-09-08 19:41:35,2026-09-04,7209.KL,0.11,0.13,0.105,21.9663,21.2114,44.6875,0.0,73.3333,34.0785,2/5/8,bursa_all
2026-09-08 19:41:35,2026-09-04,7210.KL,0.6,0.605,0.59,40.8946,55.83,41.8537,25.0,83.1192,73.788,2/5/8,bursa_all
2026-09-08 19:41:35,2026-09-04,7211.KL,0.69,0.715,0.69,34.2413,62.5915,40.1323,0.0,86.7844,88.8359,2/5/8,bursa_all
2026-09-08 19:41:35,2026-09-04,7212.KL,0.25,0.255,0.23,26.2145,14.1395,39.504,25.0,21.7958,82.187,2/5/8,bursa_all
2026-09-08 19:41:35,2026-09-04,7214.KL,0.375,0.375,0.375,35.5076,16.3646,52.6584,37.5,23.7535,45.0326,2/5/8,bursa_all
2026-09-08 19:41:35,2026-09-04,7215.KL,0.28,0.285,0.195,92.1694,99.9916,89.0167,87.5,95.0476,93.093,2/5/8,bursa_all
2026-09-08 19:41:35,2026-09-04,7216.KL,0.71,0.73,0.705,19.8424,2.326,32.2012,25.0,22.421,21.6702,2/5/8,bursa_all
2026-09-08 19:41:35,2026-09-04,7217.KL,0.44,0.44,0.44,50.6871,94.4407,45.1205,12.5,66.1651,52.5016,2/5/8,bursa_all
2026-09-08 19:41:35,2026-09-04,7218.KL,0.43,0.43,0.4,68.7411,70.6521,60.5712,75.0,35.2209,40.12,2/5/8,bursa_all
2026-09-08 19:41:35,2026-09-04,7219.KL,0.04,0.04,0.035,52.9024,99.0251,47.1821,12.5,85.3842,35.6033,2/5/8,bursa_all
2026-09-08 19:41:35,2026-09-04,7221.KL,0.02,0.02,0.01,51.1691,66.6708,49.3364,37.5,66.6985,20.3499,2/5/8,bursa_all
2026-09-08 19:41:35,2026-09-04,7222.KL,0.74,0.74,0.7,74.7926,74.3215,62.5564,87.5,59.2007,23.2776,2/5/8,bursa_all
2026-09-08 19:41:35,2026-09-04,7223.KL,0.035,0.035,0.025,80.6321,77.9721,63.9241,100.0,26.329,17.2132,2/5/8,bursa_all
2026-09-08 19:41:35,2026-09-04,7225.KL,0.235,0.245,0.215,67.6147,92.2545,60.5896,50.0,67.9111,48.1098,2/5/8,bursa_all
2026-09-08 19:41:35,2026-09-04,7226.KL,0.4,0.4,0.375,68.4379,61.913,55.9008,87.5,23.2694,47.5463,2/5/8,bursa_all
2026-09-08 19:41:35,2026-09-04,7227.KL,0.9,0.9,0.9,43.7258,81.4967,49.6807,0.0,47.8925,52.0591,2/5/8,bursa_all
2026-09-08 19:41:35,2026-09-04,7228.KL,0.265,0.27,0.265,47.4068,98.667,43.5534,0.0,47.4068,47.4068,2/5/8,bursa_all
2026-09-08 19:41:35,2026-09-04,7229.KL,1.53,1.59,1.53,11.6062,4.2184,30.6,0.0,25.1624,32.2992,2/5/8,bursa_all
2026-09-08 19:41:35,2026-09-04,7230.KL,1.78,1.83,1.76,17.1683,12.7752,38.7297,0.0,51.546,70.9017,2/5/8,bursa_all
2026-09-08 19:41:35,2026-09-04,7231.KL,1.12,1.12,1.1,63.4185,46.8482,55.9073,87.5,22.1133,70.5017,2/5/8,bursa_all
2026-09-08 19:41:35,2026-09-04,7232.KL,0.435,0.45,0.425,32.0078,37.1609,46.3624,12.5,75.1612,41.3009,2/5/8,bursa_all
2026-09-08 19:41:35,2026-09-04,7234.KL,0.285,0.285,0.255,72.521,59.4323,58.1307,100.0,16.1783,48.976,2/5/8,bursa_all
2026-09-08 19:41:35,2026-09-04,7235.KL,0.85,0.86,0.8,72.436,99.9225,67.3857,50.0,74.7765,60.2736,2/5/8,bursa_all
2026-09-08 19:41:35,2026-09-04,7237.KL,1.13,1.15,1.13,29.225,37.0892,38.0857,12.5,44.2721,82.1941,2/5/8,bursa_all
2026-09-08 19:41:35,2026-09-04,7239.KL,0.45,0.47,0.425,79.3655,95.4511,67.6454,75.0,67.3812,77.5947,2/5/8,bursa_all
2026-09-08 19:41:35,2026-09-04,7240.KL,0.15,0.15,0.14,57.1307,98.3447,48.0474,25.0,75.7181,77.2173,2/5/8,bursa_all
2026-09-08 19:41:35,2026-09-04,7241.KL,0.695,0.7,0.685,57.3788,22.6343,62.0022,87.5,31.0662,70.3124,2/5/8,bursa_all
2026-09-08 19:41:35,2026-09-04,7243.KL,0.29,0.295,0.285,79.232,99.2996,63.3965,75.0,53.4596,57.6263,2/5/8,bursa_all
2026-09-08 19:41:35,2026-09-04,7245.KL,1.05,1.05,0.93,79.4798,99.5063,76.4331,62.5,90.6239,88.9203,2/5/8,bursa_all
2026-09-08 19:41:35,2026-09-04,7246.KL,1.34,1.34,1.32,44.6078,33.1258,50.6977,50.0,25.3347,79.0439,2/5/8,bursa_all
2026-09-08 19:41:35,2026-09-04,7247.KL,0.32,0.33,0.32,42.9179,58.7922,44.9615,25.0,76.7392,30.974,2/5/8,bursa_all
2026-09-08 19:41:35,2026-09-04,7248.KL,0.87,0.87,0.81,60.1847,95.4011,47.6529,37.5,78.4237,84.5603,2/5/8,bursa_all
2026-09-08 19:41:35,2026-09-04,7249.KL,0.915,0.95,0.77,86.5009,96.2007,63.3019,100.0,76.1172,36.4123,2/5/8,bursa_all
2026-09-08 19:41:35,2026-09-04,7250.KL,0.385,0.415,0.38,36.0612,16.0632,54.6205,37.5,36.0612,29.2916,2/5/8,bursa_all
2026-09-08 19:41:35,2026-09-04,7252.KL,0.82,0.835,0.81,22.11,6.7823,22.0476,37.5,24.4085,13.6139,2/5/8,bursa_all
2026-09-08 19:41:35,2026-09-04,7253.KL,0.01,0.01,0.01,18.4752,1.1123,54.3134,0.0,18.4752,18.4752,2/5/8,bursa_all
2026-09-08 19:41:35,2026-09-04,7277.KL,1.99,2.07,1.95,64.115,70.6479,59.1972,62.5,39.6628,71.9615,2/5/8,bursa_all
2026-09-08 19:41:35,2026-09-04,7285.KL,0.13,0.135,0.12,44.3741,16.1418,54.4804,62.5,26.9089,34.3612,2/5/8,bursa_all
2026-09-08 19:41:35,2026-09-04,7293.KL,2.06,2.18,2.02,35.6924,50.6403,43.9368,12.5,82.1085,46.514,2/5/8,bursa_all
2026-09-08 19:41:35,2026-09-04,7315.KL,0.045,0.045,0.035,64.0265,73.2459,56.3335,62.5,38.8245,27.3466,2/5/8,bursa_all
2026-09-08 19:41:35,2026-09-04,7323.KL,0.475,0.475,0.475,49.0812,75.208,47.0357,25.0,80.1406,55.5567,2/5/8,bursa_all
2026-09-08 19:41:35,2026-09-04,7374.KL,0.715,0.735,0.715,31.6782,10.9479,46.5867,37.5,45.8171,31.334,2/5/8,bursa_all
2026-09-08 19:41:35,2026-09-04,7412.KL,1.18,1.18,1.08,71.2327,68.7103,57.4878,87.5,24.4947,45.414,2/5/8,bursa_all
2026-09-08 19:41:35,2026-09-04,7439.KL,1.86,1.86,1.8,75.9287,87.2073,65.5787,75.0,74.4909,34.9426,2/5/8,bursa_all
2026-09-08 19:41:35,2026-09-04,7471.KL,0.16,0.165,0.155,69.4174,51.7061,56.5462,100.0,16.766,42.4633,2/5/8,bursa_all
2026-09-08 19:41:35,2026-09-04,7498.KL,0.935,0.97,0.91,14.8668,5.4378,39.1627,0.0,42.4434,51.9694,2/5/8,bursa_all
2026-09-08 19:41:35,2026-09-04,7528.KL,1.41,1.41,1.39,56.063,17.9596,62.7293,87.5,16.3301,10.3105,2/5/8,bursa_all
2026-09-08 19:41:35,2026-09-04,7544.KL,0.99,0.99,0.99,35.4204,3.2383,53.023,50.0,25.2143,19.8516,2/5/8,bursa_all
2026-09-08 19:41:35,2026-09-04,7579.KL,0.475,0.48,0.45,49.4564,64.5351,46.334,37.5,82.9912,72.8408,2/5/8,bursa_all
2026-09-08 19:41:35,2026-09-04,7595.KL,0.42,0.43,0.41,33.8674,35.0993,41.5027,25.0,43.3278,70.6022,2/5/8,bursa_all
2026-09-08 19:41:35,2026-09-04,7609.KL,0.98,0.99,0.96,59.1812,46.6155,55.928,75.0,22.8333,69.7845,2/5/8,bursa_all
2026-09-08 19:41:35,2026-09-04,7617.KL,0.8,0.85,0.8,27.1412,43.544,37.8795,0.0,76.0003,69.1913,2/5/8,bursa_all
2026-09-08 19:41:35,2026-09-04,7668.KL,0.54,0.54,0.52,63.6871,70.2595,58.3019,62.5,48.2943,74.7625,2/5/8,bursa_all
2026-09-08 19:41:35,2026-09-04,7676.KL,0.14,0.14,0.135,40.4803,18.2632,53.1775,50.0,29.5632,47.7445,2/5/8,bursa_all
2026-09-08 19:41:35,2026-09-04,7692.KL,0.25,0.265,0.25,34.284,32.6172,45.2347,25.0,60.1063,29.7799,2/5/8,bursa_all
2026-09-08 19:41:35,2026-09-04,7722.KL,0.4,0.505,0.4,22.7751,24.5969,43.7284,0.0,81.4557,9.071,2/5/8,bursa_all
2026-09-08 19:41:35,2026-09-04,7757.KL,0.66,0.66,0.655,69.1483,67.1487,65.2961,75.0,72.923,16.5151,2/5/8,bursa_all
2026-09-08 19:41:35,2026-09-04,7765.KL,0.74,0.8,0.73,26.885,21.8648,33.7901,25.0,33.6407,38.1065,2/5/8,bursa_all
2026-09-08 19:41:35,2026-09-04,7773.KL,0.51,0.525,0.45,86.3418,94.6862,64.3393,100.0,81.1968,29.5613,2/5/8,bursa_all
2026-09-08 19:41:35,2026-09-04,7803.KL,0.06,0.065,0.055,34.0567,27.2922,49.878,25.0,30.8844,59.8282,2/5/8,bursa_all
2026-09-08 19:41:35,2026-09-04,7811.KL,0.8,0.845,0.8,29.8946,26.6913,37.9926,25.0,41.5303,61.1356,2/5/8,bursa_all
2026-09-08 19:41:35,2026-09-04,7854.KL,2.12,2.14,1.98,86.3505,97.1744,61.8771,100.0,78.4065,78.4999,2/5/8,bursa_all
2026-09-08 19:41:35,2026-09-04,7889.KL,0.06,0.07,0.055,17.1021,7.1385,31.6678,12.5,24.9319,21.3941,2/5/8,bursa_all
2026-09-08 19:41:35,2026-09-04,7935.KL,0.68,0.685,0.625,69.5557,64.602,56.565,87.5,29.5057,63.6378,2/5/8,bursa_all
2026-09-08 19:41:35,2026-09-04,7943.KL,0.19,0.19,0.175,22.048,0.8745,52.7694,12.5,22.048,22.048,2/5/8,bursa_all
2026-09-08 19:41:35,2026-09-04,7986.KL,0.065,0.065,0.065,19.3134,6.2247,51.7156,0.0,19.3134,19.3134,2/5/8,bursa_all
2026-09-08 19:41:35,2026-09-04,8044.KL,0.07,0.075,0.07,20.4626,21.9501,39.4377,0.0,44.0694,68.3612,2/5/8,bursa_all
2026-09-08 19:41:35,2026-09-04,8052.KL,0.87,0.875,0.865,32.9835,8.4933,52.9571,37.5,37.1502,21.2968,2/5/8,bursa_all
2026-09-08 19:41:35,2026-09-04,8079.KL,0.28,0.29,0.27,77.7184,71.5494,61.6059,100.0,17.4301,21.0528,2/5/8,bursa_all
2026-09-08 19:41:35,2026-09-04,8117.KL,1.77,1.81,1.77,22.7827,25.5699,42.7782,0.0,70.41,58.1774,2/5/8,bursa_all
2026-09-08 19:41:35,2026-08-28,8133.KL,0.475,0.475,0.475,44.9146,58.7294,51.0144,25.0,44.9146,44.9146,2/5/8,bursa_all
2026-09-08 19:41:35,2026-09-04,8141.KL,0.19,0.19,0.18,81.655,95.0339,62.4312,87.5,51.8843,82.1613,2/5/8,bursa_all
2026-09-08 19:41:35,2026-09-04,8176.KL,0.14,0.145,0.125,53.0887,39.3961,57.37,62.5,20.1282,35.4257,2/5/8,bursa_all
2026-09-08 19:41:35,2026-09-04,8192.KL,0.7,0.7,0.585,87.578,93.2898,69.4443,100.0,65.9277,57.4411,2/5/8,bursa_all
2026-09-08 19:41:35,2026-09-04,8206.KL,1.98,2.04,1.92,25.6894,12.6597,39.4085,25.0,26.5567,75.4964,2/5/8,bursa_all
2026-09-08 19:41:35,2026-09-04,8273.KL,0.7,0.71,0.68,35.9521,58.0747,37.2815,12.5,45.3139,86.0705,2/5/8,bursa_all
2026-09-08 19:41:35,2026-09-04,8303.KL,0.09,0.09,0.085,45.859,61.6997,50.8772,25.0,45.859,45.859,2/5/8,bursa_all
2026-09-08 19:41:35,2026-09-04,8311.KL,0.48,0.485,0.455,34.699,61.5986,29.9983,12.5,28.7454,72.6673,2/5/8,bursa_all
2026-09-08 19:41:35,2026-09-04,8346.KL,0.8,0.815,0.47,85.1641,98.9389,56.5535,100.0,41.2825,52.8212,2/5/8,bursa_all
2026-09-08 19:41:35,2026-09-04,8362.KL,0.26,0.26,0.25,52.6498,28.6413,54.3079,75.0,35.9344,43.438,2/5/8,bursa_all
2026-09-08 19:41:35,2026-09-04,8397.KL,0.78,0.8,0.78,24.5736,12.9526,35.7682,25.0,31.0154,57.476,2/5/8,bursa_all
2026-09-08 19:41:35,2026-09-04,8419.KL,0.475,0.48,0.435,71.7115,86.8139,65.8207,62.5,76.8172,57.9124,2/5/8,bursa_all
2026-09-08 19:41:35,2026-09-04,8435.KL,3.9,3.92,3.77,53.4703,78.5905,44.3205,37.5,80.7358,41.7567,2/5/8,bursa_all
2026-09-08 19:41:35,2026-09-04,8443.KL,0.68,0.68,0.645,76.5116,73.924,55.611,100.0,27.1969,71.6439,2/5/8,bursa_all
2026-09-08 19:41:35,2026-09-04,8478.KL,0.385,0.385,0.345,75.3163,69.4776,56.4712,100.0,23.1791,70.2899,2/5/8,bursa_all
2026-09-08 19:41:35,2026-09-04,8486.KL,0.28,0.28,0.26,39.982,31.9064,50.5398,37.5,33.0877,56.4781,2/5/8,bursa_all
2026-09-08 19:41:35,2026-09-04,8494.KL,0.38,0.38,0.38,45.0446,31.5074,53.6262,50.0,49.2112,46.929,2/5/8,bursa_all
2026-09-08 19:41:35,2026-09-04,8524.KL,0.2625,0.2675,0.2526,45.1139,0.5407,59.8008,75.0,45.1139,30.8651,2/5/8,bursa_all
2026-09-08 19:41:35,2026-09-04,8532.KL,0.095,0.095,0.095,33.4427,52.199,48.129,0.0,33.4427,33.4427,2/5/8,bursa_all
2026-09-08 19:41:35,2026-09-04,8567.KL,0.215,0.215,0.2,44.74,35.6292,48.5907,50.0,30.2315,65.584,2/5/8,bursa_all
2026-09-08 19:41:35,2026-09-04,8583.KL,1.12,1.18,1.1,24.8386,32.2321,42.2836,0.0,57.0615,71.6071,2/5/8,bursa_all
2026-09-08 19:41:35,2026-09-04,8591.KL,0.43,0.43,0.41,41.0202,18.7731,54.2874,50.0,25.2032,59.1031,2/5/8,bursa_all
2026-09-08 19:41:35,2026-09-04,8605.KL,0.27,0.275,0.21,17.913,4.0727,24.6664,25.0,15.7046,14.8907,2/5/8,bursa_all
2026-09-08 19:41:35,2026-09-04,8613.KL,0.845,0.85,0.84,18.3529,31.6066,23.4522,0.0,42.477,42.477,2/5/8,bursa_all
2026-09-08 19:41:35,2026-09-04,8621.KL,13.22,13.7,13.1,16.2321,1.9556,34.2407,12.5,14.3387,19.5705,2/5/8,bursa_all
2026-09-08 19:41:35,2026-09-04,8648.KL,0.22,0.22,0.2,70.4891,67.1873,56.78,87.5,21.7935,67.7638,2/5/8,bursa_all
2026-09-08 19:41:35,2026-09-04,8664.KL,0.8,0.825,0.78,35.2929,7.6375,48.2413,50.0,46.1214,26.1117,2/5/8,bursa_all
2026-09-08 19:41:35,2026-09-04,8672.KL,0.145,0.145,0.13,68.2381,46.2094,58.5047,100.0,23.1661,27.7343,2/5/8,bursa_all
2026-09-08 19:41:35,2026-09-04,8745.KL,0.065,0.075,0.065,22.7735,27.704,40.6165,0.0,67.9486,65.9523,2/5/8,bursa_all
2026-09-08 19:41:35,2026-09-04,8877.KL,0.18,0.18,0.175,37.8816,9.6451,53.9998,50.0,20.4984,26.5239,2/5/8,bursa_all
2026-09-08 19:41:35,2026-09-04,8885.KL,0.04,0.04,0.035,69.39,59.7028,60.9671,87.5,19.8353,32.853,2/5/8,bursa_all
2026-09-08 19:41:35,2026-09-04,8893.KL,0.145,0.145,0.135,73.9071,75.1399,59.0813,87.5,50.6988,39.6991,2/5/8,bursa_all
2026-09-08 19:41:35,2026-09-04,8923.KL,0.045,0.055,0.045,17.277,11.5029,27.828,12.5,22.6901,32.2614,2/5/8,bursa_all
2026-09-08 19:41:35,2026-09-04,8966.KL,0.055,0.06,0.055,16.9275,10.9031,39.8793,0.0,46.4173,50.584,2/5/8,bursa_all
2026-09-08 19:41:35,2026-09-04,9016.KL,0.45,0.45,0.45,31.2051,34.4938,46.6214,12.5,31.2051,35.3717,2/5/8,bursa_all
2026-09-08 19:41:35,2026-09-04,9083.KL,0.07,0.075,0.07,43.8113,14.4705,54.4634,62.5,18.5803,25.2119,2/5/8,bursa_all
2026-09-08 19:41:35,2026-09-04,9091.KL,0.14,0.14,0.14,50.8686,64.3202,50.7857,37.5,66.347,31.6582,2/5/8,bursa_all
2026-09-08 19:41:35,2026-09-04,9113.KL,0.07,0.075,0.065,78.6315,99.3008,61.5937,75.0,52.3924,83.6932,2/5/8,bursa_all
2026-09-08 19:41:35,2026-09-04,9121.KL,0.6,0.6,0.6,35.196,18.3769,49.7111,37.5,24.5623,48.8171,2/5/8,bursa_all
2026-09-08 19:41:35,2026-09-04,9148.KL,0.56,0.57,0.555,26.3739,0.3805,53.7413,25.0,12.619,30.5886,2/5/8,bursa_all
2026-09-08 19:41:35,2026-09-04,9172.KL,1.12,1.15,1.08,29.2055,38.9187,36.1978,12.5,46.0398,20.7907,2/5/8,bursa_all
2026-09-08 19:41:35,2026-09-04,9199.KL,2.42,2.42,2.3426,54.5375,67.7621,58.3505,37.5,70.9267,21.006,2/5/8,bursa_all
2026-09-08 19:41:35,2026-09-04,9237.KL,0.115,0.12,0.115,27.1741,21.8118,34.7105,25.0,25.5893,84.9316,2/5/8,bursa_all
2026-09-08 19:41:35,2026-09-04,9261.KL,0.15,0.155,0.145,17.699,6.6739,33.923,12.5,21.9518,29.1853,2/5/8,bursa_all
2026-09-08 19:41:35,2026-09-04,9288.KL,0.845,0.9,0.81,68.6053,50.5548,55.2611,100.0,18.7418,69.6831,2/5/8,bursa_all
2026-09-08 19:41:35,2026-09-04,9296.KL,1.01,1.05,1.0,11.8111,0.4367,34.9965,0.0,14.8818,35.9774,2/5/8,bursa_all
2026-09-08 19:41:35,2026-09-04,9318.KL,0.025,0.025,0.02,51.2747,79.8555,48.9686,25.0,51.2747,71.2268,2/5/8,bursa_all
2026-09-08 19:41:35,2026-09-04,9326.KL,0.465,0.47,0.46,33.8001,26.7075,49.6928,25.0,26.8173,49.1812,2/5/8,bursa_all
2026-09-08 19:41:35,2026-09-04,9369.KL,0.83,0.875,0.81,68.2757,56.2869,61.0403,87.5,19.1163,23.5751,2/5/8,bursa_all
2026-09-08 19:41:35,2026-09-04,9385.KL,0.245,0.245,0.235,40.7531,47.7501,49.5093,25.0,38.2457,72.0661,2/5/8,bursa_all
2026-09-08 19:41:35,2026-09-04,9407.KL,1.46,1.53,1.26,18.7817,1.1833,30.162,25.0,21.1759,19.7226,2/5/8,bursa_all
2026-09-08 19:41:35,2026-09-04,9423.KL,0.16,0.16,0.135,85.4328,92.748,63.5504,100.0,37.3958,26.3784,2/5/8,bursa_all
2026-09-08 19:41:35,2026-09-04,9466.KL,1.09,1.12,1.08,55.6871,70.4333,46.628,50.0,74.8178,57.0722,2/5/8,bursa_all
2026-09-08 19:41:35,2026-09-04,9539.KL,0.35,0.375,0.35,24.8676,29.8393,44.7636,0.0,76.758,45.9769,2/5/8,bursa_all
2026-09-08 19:41:35,2026-09-04,9571.KL,0.535,0.615,0.535,13.6118,3.8517,36.9836,0.0,41.7365,34.3527,2/5/8,bursa_all
2026-09-08 19:41:35,2026-09-04,9598.KL,1.25,1.28,1.23,81.856,98.2908,59.7773,87.5,55.5148,84.7656,2/5/8,bursa_all
2026-09-08 19:41:35,2026-09-04,9601.KL,0.085,0.09,0.085,31.9493,27.1824,43.6656,25.0,48.8851,72.7363,2/5/8,bursa_all
2026-09-08 19:41:35,2026-09-04,9628.KL,0.86,0.86,0.86,41.9542,63.6335,49.7292,12.5,41.9542,41.9542,2/5/8,bursa_all
2026-09-08 19:41:35,2026-09-04,9679.KL,0.385,0.395,0.385,27.4174,7.9951,36.7572,37.5,23.1395,43.1377,2/5/8,bursa_all
2026-09-08 19:41:35,2026-09-04,9687.KL,3.52,3.62,3.5,51.2667,22.2495,56.5505,75.0,20.4943,68.1883,2/5/8,bursa_all
2026-09-08 19:41:35,2026-09-04,9717.KL,0.165,0.165,0.155,22.4089,0.0248,54.7018,12.5,22.4089,4.3723,2/5/8,bursa_all
2026-09-08 19:41:35,2026-09-04,9741.KL,0.17,0.18,0.17,21.8266,1.0676,51.9121,12.5,46.2114,27.6751,2/5/8,bursa_all
2026-09-08 19:41:35,2026-09-04,9792.KL,0.63,0.635,0.625,65.2437,62.0768,58.6543,75.0,27.596,84.4789,2/5/8,bursa_all
2026-09-08 19:41:35,2026-09-04,9814.KL,0.115,0.145,0.115,6.201,0.6202,17.9828,0.0,10.2311,47.0685,2/5/8,bursa_all
2026-09-08 19:41:35,2026-09-04,9822.KL,4.27,4.54,4.18,44.1861,36.8602,45.698,50.0,74.5536,23.4951,2/5/8,bursa_all
2026-09-08 19:41:35,2026-09-04,9873.KL,0.295,0.3,0.285,34.4098,51.2595,39.4699,12.5,87.0838,53.8397,2/5/8,bursa_all
2026-09-08 19:41:35,2026-09-04,9881.KL,0.4,0.4,0.4,48.6876,45.6994,50.3634,50.0,48.6876,33.5173,2/5/8,bursa_all
2026-09-08 19:41:35,2026-09-04,9938.KL,0.17,0.17,0.16,61.8435,53.6962,56.8344,75.0,27.8058,61.7878,2/5/8,bursa_all
2026-09-08 19:41:35,2026-09-04,9946.KL,0.125,0.125,0.125,43.1611,42.3514,49.6318,37.5,58.0882,20.2862,2/5/8,bursa_all
2026-09-08 19:41:35,2026-09-04,9954.KL,0.385,0.4,0.27,85.4343,98.866,57.4369,100.0,62.5551,41.0479,2/5/8,bursa_all
2026-09-08 19:41:35,2026-09-04,9962.KL,0.255,0.26,0.255,27.9936,16.0906,30.39,37.5,23.5133,25.9084,2/5/8,bursa_all
2026-09-08 19:41:35,2026-09-04,9997.KL,0.4,0.42,0.38,42.9008,10.1223,56.0801,62.5,12.338,27.8128,2/5/8,bursa_all
2026-09-12 09:44:35,2026-09-11,0001.KL,0.49,0.51,0.48,50.3889,34.2184,54.4484,62.5,21.381,53.0941,2/5/8,bursa_all
2026-09-12 09:44:35,2026-09-11,0002.KL,3.85,3.86,3.8,81.0073,96.3286,59.1933,87.5,54.49,82.6891,2/5/8,bursa_all
2026-09-12 09:44:35,2026-09-11,0008.KL,0.285,0.29,0.285,25.0594,19.9974,42.681,12.5,63.5357,39.9455,2/5/8,bursa_all
2026-09-12 09:44:35,2026-09-11,0012.KL,0.75,0.77,0.75,48.6313,51.9819,43.912,50.0,64.6176,33.8958,2/5/8,bursa_all
2026-09-12 09:44:35,2026-09-11,0029.KL,0.04,0.04,0.035,72.948,66.6777,64.6664,87.5,10.3392,43.64,2/5/8,bursa_all
2026-09-12 09:44:35,2026-09-11,0032.KL,0.4,0.405,0.325,82.504,94.2948,53.2173,100.0,42.8302,76.5267,2/5/8,bursa_all
2026-09-12 09:44:35,2026-09-11,0037.KL,0.205,0.21,0.2,48.7164,57.8627,50.7864,37.5,48.7164,72.1753,2/5/8,bursa_all
2026-09-12 09:44:35,2026-09-11,0039.KL,0.185,0.19,0.18,28.8139,17.3843,31.5574,37.5,33.0516,24.7665,2/5/8,bursa_all
2026-09-12 09:44:35,2026-09-11,0040.KL,0.31,0.31,0.3,47.1937,68.6797,47.9015,25.0,58.1399,29.9728,2/5/8,bursa_all
2026-09-12 09:44:35,2026-09-11,0043.KL,0.005,0.01,0.005,36.17,32.6606,50.8495,25.0,40.3367,24.1586,2/5/8,bursa_all
2026-09-12 09:44:35,2026-09-11,0049.KL,0.12,0.12,0.12,32.1508,7.1027,51.8497,37.5,19.626,45.7036,2/5/8,bursa_all
2026-09-12 09:44:35,2026-09-11,0051.KL,0.05,0.06,0.045,61.0104,23.7879,59.2434,100.0,11.2222,14.0087,2/5/8,bursa_all
2026-09-12 09:44:35,2026-09-11,0054.KL,0.16,0.1652,0.1555,40.6715,57.3975,39.617,25.0,56.2988,84.7288,2/5/8,bursa_all
2026-09-12 09:44:35,2026-09-11,0056.KL,0.56,0.57,0.555,39.3162,46.7363,46.2122,25.0,77.5304,19.2793,2/5/8,bursa_all
2026-09-12 09:44:35,2026-09-11,0058.KL,1.81,1.81,1.76,77.6594,77.531,55.4471,100.0,32.6323,15.0941,2/5/8,bursa_all
2026-09-12 09:44:35,2026-09-11,0059.KL,0.03,0.035,0.03,24.3466,20.1231,40.4167,12.5,51.4234,51.4234,2/5/8,bursa_all
2026-09-12 09:44:35,2026-09-11,0064.KL,0.09,0.095,0.085,40.7885,22.4766,49.8889,50.0,40.7885,27.7722,2/5/8,bursa_all
2026-09-12 09:44:35,2026-09-11,0065.KL,0.195,0.205,0.17,75.82,78.4405,61.5194,87.5,73.8512,14.2042,2/5/8,bursa_all
2026-09-12 09:44:35,2026-09-11,0078.KL,0.13,0.14,0.13,30.6995,39.8225,39.7762,12.5,81.6066,76.6303,2/5/8,bursa_all
2026-09-12 09:44:35,2026-09-11,0082.KL,0.015,0.02,0.015,17.2168,9.8638,41.7866,0.0,40.5334,24.507,2/5/8,bursa_all
2026-09-12 09:44:35,2026-09-11,0083.KL,0.675,0.735,0.65,49.1259,82.0192,40.3585,25.0,82.0368,58.1759,2/5/8,bursa_all
2026-09-12 09:44:35,2026-09-11,0090.KL,0.26,0.265,0.255,35.229,36.2683,44.4185,25.0,49.8408,32.6812,2/5/8,bursa_all
2026-09-12 09:44:35,2026-09-11,0091.KL,0.065,0.07,0.055,44.3328,31.118,51.8803,50.0,33.5796,57.3569,2/5/8,bursa_all
2026-09-12 09:44:35,2026-09-11,0097.KL,9.15,9.62,8.99,41.6913,51.4627,36.1113,37.5,44.2454,57.1596,2/5/8,bursa_all
2026-09-12 09:44:35,2026-09-11,0099.KL,2.32,2.39,2.2514,63.9897,94.2347,47.7343,50.0,49.9679,43.7335,2/5/8,bursa_all
2026-09-12 09:44:35,2026-09-11,0101.KL,0.435,0.445,0.425,18.2695,4.0285,25.7801,25.0,20.4718,14.5651,2/5/8,bursa_all
2026-09-12 09:44:35,2026-09-11,0104.KL,0.31,0.335,0.305,23.7082,9.4061,36.7184,25.0,27.9546,39.1671,2/5/8,bursa_all
2026-09-12 09:44:35,2026-09-11,0113.KL,0.285,0.315,0.28,41.0196,23.8215,49.2374,50.0,30.6376,44.1764,2/5/8,bursa_all
2026-09-12 09:44:35,2026-09-11,0118.KL,0.015,0.02,0.015,26.8235,3.0975,52.3729,25.0,26.8235,12.4266,2/5/8,bursa_all
2026-09-12 09:44:35,2026-09-11,0126.KL,0.045,0.05,0.045,26.467,2.1625,52.2385,25.0,17.5599,32.4196,2/5/8,bursa_all
2026-09-12 09:44:35,2026-09-11,0127.KL,0.55,0.55,0.475,88.895,99.908,79.2769,87.5,83.2396,69.0871,2/5/8,bursa_all
2026-09-12 09:44:35,2026-09-11,0128.KL,4.9,5.03,4.78,22.4554,4.9802,24.8861,37.5,11.6442,27.5913,2/5/8,bursa_all
2026-09-12 09:44:35,2026-09-11,0136.KL,0.155,0.17,0.135,74.7427,71.5308,65.1972,87.5,69.4203,34.1942,2/5/8,bursa_all
2026-09-12 09:44:35,2026-09-11,0138.KL,0.25,0.335,0.24,32.2522,1.5461,32.7106,62.5,17.2135,14.8279,2/5/8,bursa_all
2026-09-12 09:44:35,2026-09-11,0143.KL,0.06,0.085,0.06,36.0541,38.7714,44.3911,25.0,65.5702,29.9028,2/5/8,bursa_all
2026-09-12 09:44:35,2026-09-11,0146.KL,0.655,0.67,0.635,58.0687,43.7477,55.4585,75.0,13.2219,19.5379,2/5/8,bursa_all
2026-09-12 09:44:35,2026-09-11,0149.KL,0.465,0.465,0.43,73.3525,76.128,56.4295,87.5,24.0749,73.3486,2/5/8,bursa_all
2026-09-12 09:44:35,2026-09-11,0151.KL,8.46,8.75,8.33,29.5866,25.3813,38.3786,25.0,31.2753,80.9669,2/5/8,bursa_all
2026-09-12 09:44:35,2026-09-11,0157.KL,0.525,0.525,0.52,62.9752,78.4094,60.5164,50.0,60.3916,28.9357,2/5/8,bursa_all
2026-09-12 09:44:35,2026-09-11,0159.KL,0.015,0.015,0.015,23.1487,16.8419,52.6041,0.0,23.1487,23.1487,2/5/8,bursa_all
2026-09-12 09:44:35,2026-09-11,0161.KL,0.27,0.27,0.25,85.7444,95.1462,62.087,100.0,35.298,35.298,2/5/8,bursa_all
2026-09-12 09:44:35,2026-09-11,0163.KL,0.085,0.11,0.07,79.4586,81.1297,57.2461,100.0,25.6373,55.4737,2/5/8,bursa_all
2026-09-12 09:44:35,2026-09-11,0166.KL,2.66,2.72,2.56,75.0795,89.9989,60.2395,75.0,58.4369,76.9844,2/5/8,bursa_all
2026-09-12 09:44:35,2026-09-11,0168.KL,1.62,1.67,1.61,28.3506,13.5635,46.4884,25.0,46.1133,33.0262,2/5/8,bursa_all
2026-09-12 09:44:35,2026-09-11,0172.KL,0.425,0.425,0.3981,68.619,81.0145,49.8426,75.0,33.7114,87.0126,2/5/8,bursa_all
2026-09-12 09:44:35,2026-09-11,0180.KL,0.145,0.165,0.135,72.9851,90.3479,66.1074,62.5,66.0858,35.7116,2/5/8,bursa_all
2026-09-12 09:44:35,2026-09-11,0183.KL,0.13,0.16,0.125,33.0082,53.8419,45.1825,0.0,84.1931,36.5471,2/5/8,bursa_all
2026-09-12 09:44:35,2026-09-11,0185.KL,0.49,0.515,0.48,29.3984,12.8919,37.8032,37.5,29.8946,54.6794,2/5/8,bursa_all
2026-09-12 09:44:35,2026-09-11,0186.KL,0.19,0.21,0.185,27.2633,15.9977,28.2921,37.5,35.5129,31.3311,2/5/8,bursa_all
2026-09-12 09:44:35,2026-09-11,0192.KL,0.37,0.3849,0.37,37.6917,21.8997,41.1753,50.0,34.6358,69.1467,2/5/8,bursa_all
2026-09-12 09:44:35,2026-09-11,0193.KL,0.4,0.405,0.395,27.3698,8.5663,48.5432,25.0,12.9557,19.065,2/5/8,bursa_all
2026-09-12 09:44:35,2026-09-11,0196.KL,0.555,0.585,0.55,19.646,7.994,25.9439,25.0,18.4193,19.7894,2/5/8,bursa_all
2026-09-12 09:44:35,2026-09-11,0197.KL,0.095,0.1,0.085,47.5209,69.0424,48.5205,25.0,47.5209,67.194,2/5/8,bursa_all
2026-09-12 09:44:35,2026-09-11,0198.KL,0.425,0.43,0.42,17.4155,0.7158,26.5307,25.0,27.7698,25.8023,2/5/8,bursa_all
2026-09-12 09:44:35,2026-09-11,0200.KL,0.08,0.08,0.075,64.1862,72.6496,57.4089,62.5,24.9722,78.4573,2/5/8,bursa_all
2026-09-12 09:44:35,2026-09-11,0201.KL,0.35,0.365,0.34,52.5631,55.6315,52.058,50.0,34.4682,90.4074,2/5/8,bursa_all
2026-09-12 09:44:35,2026-09-11,0207.KL,0.1,0.105,0.09,78.0267,88.0061,58.5742,87.5,33.7526,33.7526,2/5/8,bursa_all
2026-09-12 09:44:35,2026-09-11,0208.KL,2.55,2.61,2.49,46.5602,33.8282,55.8525,50.0,31.0587,38.3907,2/5/8,bursa_all
2026-09-12 09:44:35,2026-09-11,0212.KL,0.435,0.45,0.415,81.0012,93.1746,62.3291,87.5,71.6772,47.6236,2/5/8,bursa_all
2026-09-12 09:44:35,2026-09-11,0215.KL,3.35,3.72,3.15,86.0024,94.1299,63.8773,100.0,67.0106,63.1397,2/5/8,bursa_all
2026-09-12 09:44:35,2026-09-11,0219.KL,0.31,0.32,0.295,67.9838,99.2224,67.2289,37.5,74.0388,66.4552,2/5/8,bursa_all
2026-09-12 09:44:35,2026-09-11,0222.KL,0.52,0.52,0.515,39.1573,29.5111,50.4608,37.5,39.1573,39.1573,2/5/8,bursa_all
2026-09-12 09:44:35,2026-09-11,0223.KL,1.87,1.98,1.8,62.3307,95.8044,53.6876,37.5,76.5865,38.2413,2/5/8,bursa_all
2026-09-12 09:44:35,2026-09-11,0225.KL,2.6,2.79,2.51,66.8666,80.9303,57.1694,62.5,53.9753,38.1036,2/5/8,bursa_all
2026-09-12 09:44:35,2026-09-11,0229.KL,0.095,0.1,0.095,52.3861,82.4766,49.6817,25.0,56.5528,56.5528,2/5/8,bursa_all
2026-09-12 09:44:35,2026-09-11,0230.KL,0.64,0.715,0.62,17.4608,0.0496,52.3329,0.0,45.2855,13.2129,2/5/8,bursa_all
2026-09-12 09:44:35,2026-09-11,0239.KL,0.85,0.875,0.85,16.7141,7.3085,42.8339,0.0,41.4245,41.4245,2/5/8,bursa_all
2026-09-12 09:44:35,2026-09-11,0242.KL,0.9,0.9,0.885,54.7941,75.0987,51.7837,37.5,74.994,40.6894,2/5/8,bursa_all
2026-09-12 09:44:35,2026-09-11,0245.KL,3.73,3.88,3.62,58.4593,82.3177,55.5601,37.5,66.9015,31.5989,2/5/8,bursa_all
2026-09-12 09:44:35,2026-09-11,0246.KL,0.95,0.995,0.875,68.9563,86.2812,58.0878,62.5,64.1921,36.2867,2/5/8,bursa_all
2026-09-12 09:44:35,2026-09-11,0249.KL,0.49,0.495,0.475,63.8088,59.7304,56.6959,75.0,25.5474,40.506,2/5/8,bursa_all
2026-09-12 09:44:35,2026-09-11,0250.KL,0.21,0.215,0.205,24.5852,31.2643,42.4914,0.0,62.2288,21.2158,2/5/8,bursa_all
2026-09-12 09:44:35,2026-09-11,0253.KL,0.29,0.305,0.27,68.2318,40.149,64.5465,100.0,22.5263,24.4816,2/5/8,bursa_all
2026-09-12 09:44:35,2026-09-11,0256.KL,0.31,0.31,0.295,69.0847,84.1922,60.5618,62.5,57.319,59.4693,2/5/8,bursa_all
2026-09-12 09:44:35,2026-09-11,0257.KL,0.415,0.425,0.415,27.7581,6.854,38.9202,37.5,23.2906,54.0369,2/5/8,bursa_all
2026-09-12 09:44:35,2026-09-11,0258.KL,0.285,0.3,0.28,38.1688,8.0895,56.4169,50.0,17.8089,16.955,2/5/8,bursa_all
2026-09-12 09:44:35,2026-09-11,0259.KL,0.51,0.515,0.495,33.8034,14.2222,49.688,37.5,27.0359,26.0546,2/5/8,bursa_all
2026-09-12 09:44:35,2026-09-11,0268.KL,0.195,0.195,0.145,83.0508,93.2139,55.9385,100.0,45.0527,69.1038,2/5/8,bursa_all
2026-09-12 09:44:35,2026-09-11,0269.KL,0.235,0.24,0.235,19.6478,12.2957,34.1477,12.5,24.9213,32.4052,2/5/8,bursa_all
2026-09-12 09:44:35,2026-09-11,0270.KL,1.69,1.8074,1.62,36.0991,48.4155,34.8818,25.0,40.0265,79.4228,2/5/8,bursa_all
2026-09-12 09:44:35,2026-09-11,0276.KL,0.465,0.48,0.46,17.5517,0.9814,26.6738,25.0,10.7603,13.4755,2/5/8,bursa_all
2026-09-12 09:44:35,2026-09-11,0277.KL,0.48,0.49,0.46,46.4923,53.1445,48.8325,37.5,52.5768,33.6233,2/5/8,bursa_all
2026-09-12 09:44:35,2026-09-11,0291.KL,2.3,2.39,1.97,81.7065,91.5813,53.5382,100.0,47.3479,60.555,2/5/8,bursa_all
2026-09-12 09:44:35,2026-09-11,0296.KL,0.945,0.96,0.855,73.4252,93.605,51.6708,75.0,50.6748,41.1845,2/5/8,bursa_all
2026-09-12 09:44:35,2026-09-11,1015.KL,6.62,6.96,6.6,18.0128,10.6145,43.4238,0.0,55.9961,22.7249,2/5/8,bursa_all
2026-09-12 09:44:35,2026-09-11,1023.KL,7.79,8.02,7.75,16.8364,12.072,38.4371,0.0,67.4778,54.421,2/5/8,bursa_all
2026-09-12 09:44:35,2026-09-11,1058.KL,2.59,2.62,2.56,56.7695,89.6043,43.2043,37.5,83.8262,41.6567,2/5/8,bursa_all
2026-09-12 09:44:35,2026-09-11,1066.KL,7.9,8.38,7.9,14.8373,4.9467,39.5652,0.0,19.043,60.1707,2/5/8,bursa_all
2026-09-12 09:44:35,2026-09-11,1082.KL,18.8,19.1,18.7,30.0535,34.5297,43.1308,12.5,58.7524,81.6838,2/5/8,bursa_all
2026-09-12 09:44:35,2026-09-11,1147.KL,0.09,0.09,0.08,39.3462,28.3239,52.2148,37.5,39.3462,27.3405,2/5/8,bursa_all
2026-09-12 09:44:35,2026-09-11,1155.KL,10.38,10.64,10.38,24.0708,8.3826,38.83,25.0,31.0693,60.361,2/5/8,bursa_all
2026-09-12 09:44:35,2026-09-11,1163.KL,21.12,21.68,21.02,13.9671,9.0983,32.8031,0.0,23.7557,27.7712,2/5/8,bursa_all
2026-09-12 09:44:35,2026-09-11,1171.KL,0.56,0.5863,0.56,10.2499,0.2891,17.9607,12.5,7.4422,13.5624,2/5/8,bursa_all
2026-09-12 09:44:35,2026-09-11,1198.KL,0.14,0.14,0.125,61.5121,57.8947,64.1415,62.5,58.5389,25.27,2/5/8,bursa_all
2026-09-12 09:44:35,2026-09-11,1287.KL,0.505,0.51,0.495,54.3712,99.3389,38.7747,25.0,54.3712,90.9341,2/5/8,bursa_all
2026-09-12 09:44:35,2026-09-11,1295.KL,4.8,4.93,4.79,28.3413,12.9039,47.1199,25.0,54.0742,12.8949,2/5/8,bursa_all
2026-09-12 09:44:35,2026-09-11,1481.KL,0.07,0.07,0.065,66.9968,66.3833,59.607,75.0,22.2174,50.3626,2/5/8,bursa_all
2026-09-12 09:44:35,2026-09-11,1538.KL,0.175,0.18,0.165,40.9536,38.5292,46.8315,37.5,69.7878,22.0822,2/5/8,bursa_all
2026-09-12 09:44:35,2026-09-11,1562.KL,1.31,1.34,1.3,41.2105,21.4113,52.2203,50.0,19.0307,32.1407,2/5/8,bursa_all
2026-09-12 09:44:35,2026-09-11,1589.KL,0.215,0.22,0.21,38.4491,12.7375,52.6099,50.0,27.4216,26.5881,2/5/8,bursa_all
2026-09-12 09:44:35,2026-09-11,1619.KL,0.98,1.0,0.955,79.8013,81.5638,57.8402,100.0,53.2352,67.7753,2/5/8,bursa_all
2026-09-12 09:44:35,2026-09-11,1643.KL,0.07,0.075,0.065,32.3422,20.0721,51.9545,25.0,32.3422,20.0776,2/5/8,bursa_all
2026-09-12 09:44:35,2026-09-11,1651.KL,0.3,0.31,0.3,23.7294,8.6032,25.0849,37.5,26.9784,30.6645,2/5/8,bursa_all
2026-09-12 09:44:35,2026-09-11,1694.KL,0.63,0.66,0.62,36.2018,9.2156,49.3899,50.0,25.354,37.7717,2/5/8,bursa_all
2026-09-12 09:44:35,2026-09-11,1724.KL,1.0,1.01,0.99,58.422,56.8602,55.9058,62.5,30.4894,93.0395,2/5/8,bursa_all
2026-09-12 09:44:35,2026-09-11,1818.KL,8.41,8.69,8.36,19.6923,19.551,39.5259,0.0,77.8442,79.3515,2/5/8,bursa_all
2026-09-12 09:44:35,2026-09-11,1899.KL,20.16,20.18,19.98,50.6821,33.3746,56.1718,62.5,31.3163,26.3259,2/5/8,bursa_all
2026-09-12 09:44:35,2026-09-11,1929.KL,10.4,10.52,10.4,19.5389,4.1948,29.422,25.0,26.5633,21.3251,2/5/8,bursa_all
2026-09-12 09:44:35,2026-09-11,1961.KL,4.8,4.88,4.68,80.8765,95.3742,59.7553,87.5,64.0852,44.4721,2/5/8,bursa_all
2026-09-12 09:44:35,2026-09-11,1996.KL,0.66,0.665,0.66,46.2522,52.5125,48.744,37.5,46.2522,39.7481,2/5/8,bursa_all
2026-09-12 09:44:35,2026-09-11,2038.KL,5.29,5.36,5.29,17.9982,4.6429,36.8517,12.5,17.7228,68.5927,2/5/8,bursa_all
2026-09-12 09:44:35,2026-09-11,2054.KL,0.225,0.24,0.22,27.0701,38.4843,42.7259,0.0,68.4301,31.3923,2/5/8,bursa_all
2026-09-12 09:44:35,2026-09-11,2062.KL,1.32,1.34,1.28,82.4444,85.8034,61.5298,100.0,66.4782,17.1952,2/5/8,bursa_all
2026-09-12 09:44:35,2026-09-11,2089.KL,33.1,34.0,31.94,81.7475,83.7078,61.5347,100.0,44.1989,25.2869,2/5/8,bursa_all
2026-09-12 09:44:35,2026-09-11,2097.KL,0.135,0.14,0.13,44.8825,57.131,52.5167,25.0,74.1,5.8107,2/5/8,bursa_all
2026-09-12 09:44:35,2026-09-11,2127.KL,0.17,0.175,0.14,81.3058,87.4793,56.438,100.0,42.0963,27.0176,2/5/8,bursa_all
2026-09-12 09:44:35,2026-09-11,2135.KL,0.72,0.795,0.705,17.799,12.6791,40.7178,0.0,49.2848,67.5748,2/5/8,bursa_all
2026-09-12 09:44:35,2026-09-11,2143.KL,0.205,0.205,0.205,33.8262,27.2637,49.2147,25.0,19.269,37.5638,2/5/8,bursa_all
2026-09-12 09:44:35,2026-09-11,2224.KL,0.455,0.455,0.44,35.3269,15.2683,53.2124,37.5,25.3457,22.4465,2/5/8,bursa_all
2026-09-12 09:44:35,2026-09-11,2259.KL,0.075,0.08,0.07,11.5657,3.0444,31.6526,0.0,15.712,38.9093,2/5/8,bursa_all
2026-09-12 09:44:35,2026-09-11,2283.KL,0.06,0.065,0.055,22.7339,22.2568,33.4449,12.5,31.0176,75.9841,2/5/8,bursa_all
2026-09-12 09:44:35,2026-09-11,2291.KL,6.02,6.06,5.8,77.4045,98.5575,71.156,62.5,88.0924,61.3461,2/5/8,bursa_all
2026-09-12 09:44:35,2026-09-11,2305.KL,7.25,7.25,7.25,41.3103,23.7672,50.1636,50.0,34.8208,45.6368,2/5/8,bursa_all
2026-09-12 09:44:35,2026-09-11,2429.KL,0.185,0.205,0.18,35.1267,21.9636,45.9166,37.5,55.9894,19.5181,2/5/8,bursa_all
2026-09-12 09:44:35,2026-09-11,2445.KL,22.54,22.9,22.08,74.7291,85.6149,63.5724,75.0,69.5073,63.4049,2/5/8,bursa_all
2026-09-12 09:44:35,2026-09-11,2453.KL,6.55,6.65,6.51,19.1453,12.6385,32.2973,12.5,33.9044,35.4204,2/5/8,bursa_all
2026-09-12 09:44:35,2026-09-11,2488.KL,4.82,5.05,4.82,24.46,31.2575,42.1226,0.0,82.9248,84.0421,2/5/8,bursa_all
2026-09-12 09:44:35,2026-09-11,2542.KL,3.05,3.05,3.0,55.1345,63.1426,52.261,50.0,74.3938,13.383,2/5/8,bursa_all
2026-09-12 09:44:35,2026-09-11,2569.KL,6.13,6.15,6.12,53.0532,42.6694,53.9903,62.5,20.287,26.4711,2/5/8,bursa_all
2026-09-12 09:44:35,2026-09-11,2593.KL,5.98,6.05,5.98,77.3978,96.5132,60.6802,75.0,69.3696,55.5552,2/5/8,bursa_all
2026-09-12 09:44:35,2026-09-11,2607.KL,0.47,0.52,0.47,19.566,13.2699,32.9282,12.5,44.0586,40.8882,2/5/8,bursa_all
2026-09-12 09:44:35,2026-09-11,2658.KL,19.34,19.5,18.88,85.9383,95.4893,62.3254,100.0,72.614,21.9368,2/5/8,bursa_all
2026-09-12 09:44:35,2026-09-11,2674.KL,0.6,0.635,0.6,17.0538,2.6406,48.5208,0.0,40.7587,28.8445,2/5/8,bursa_all
2026-09-12 09:44:35,2026-09-11,2682.KL,0.06,0.065,0.06,28.4943,33.2469,39.736,12.5,78.9012,40.8398,2/5/8,bursa_all
2026-09-12 09:44:35,2026-09-11,2739.KL,0.045,0.045,0.025,83.6396,92.6219,58.297,100.0,37.8867,30.1189,2/5/8,bursa_all
2026-09-12 09:44:35,2026-09-11,2755.KL,1.7,1.75,1.61,23.4183,43.8582,26.3967,0.0,36.4133,98.0751,2/5/8,bursa_all
2026-09-12 09:44:35,2026-09-11,2828.KL,2.39,2.44,2.39,35.42,33.0742,35.6857,37.5,35.5516,86.2779,2/5/8,bursa_all
2026-09-12 09:44:35,2026-09-11,2836.KL,12.6,13.1,12.58,27.202,1.6548,42.4513,37.5,16.7321,30.518,2/5/8,bursa_all
2026-09-12 09:44:35,2026-09-11,2852.KL,0.995,1.02,0.965,73.255,61.2352,58.5297,100.0,22.4119,29.31,2/5/8,bursa_all
2026-09-12 09:44:35,2026-09-11,2984.KL,1.23,1.23,1.23,28.5598,2.5329,58.1465,25.0,28.5598,32.7265,2/5/8,bursa_all
2026-09-12 09:44:35,2026-09-11,3018.KL,0.06,0.065,0.06,35.7664,31.0922,51.2069,25.0,23.8593,72.3764,2/5/8,bursa_all
2026-09-12 09:44:35,2026-09-11,3026.KL,31.4,31.54,31.1,33.1507,29.8133,44.6389,25.0,63.374,26.3502,2/5/8,bursa_all
2026-09-12 09:44:35,2026-09-11,3034.KL,2.73,2.75,2.7,57.2101,66.7478,54.8826,50.0,41.1475,34.7356,2/5/8,bursa_all
2026-09-12 09:44:35,2026-09-11,3042.KL,3.47,3.61,3.36,76.9336,70.8705,59.9302,100.0,40.8422,17.9753,2/5/8,bursa_all
2026-09-12 09:44:35,2026-09-11,3069.KL,3.0,3.22,2.86,77.4428,90.187,67.1416,75.0,81.6149,28.9864,2/5/8,bursa_all
2026-09-12 09:44:35,2026-09-11,3107.KL,1.55,1.58,1.5,72.0283,55.2917,60.7934,100.0,14.3986,12.2124,2/5/8,bursa_all
2026-09-12 09:44:35,2026-09-11,3158.KL,0.34,0.35,0.325,75.4895,90.1415,61.3269,75.0,42.2337,42.2337,2/5/8,bursa_all
2026-09-12 09:44:35,2026-09-11,3174.KL,0.195,0.2,0.18,70.9315,83.9356,53.8589,75.0,36.4292,78.6482,2/5/8,bursa_all
2026-09-12 09:44:35,2026-09-11,3182.KL,1.94,2.06,1.89,19.1144,5.9647,38.8784,12.5,37.4452,36.611,2/5/8,bursa_all
2026-09-12 09:44:35,2026-09-11,3204.KL,0.26,0.265,0.25,68.2451,47.0645,57.6708,100.0,11.3426,23.2112,2/5/8,bursa_all
2026-09-12 09:44:35,2026-09-11,3239.KL,0.29,0.29,0.285,40.3529,32.7598,50.7989,37.5,29.0329,74.7856,2/5/8,bursa_all
2026-09-12 09:44:35,2026-09-11,3247.KL,0.25,0.255,0.245,38.4342,7.6725,57.6302,50.0,15.3664,15.1094,2/5/8,bursa_all
2026-09-12 09:44:35,2026-09-11,3255.KL,14.5,15.16,14.46,20.5554,0.1938,23.9725,37.5,13.6266,32.0554,2/5/8,bursa_all
2026-09-12 09:44:35,2026-09-11,3298.KL,1.09,1.1,1.07,51.9213,99.8812,43.3827,12.5,81.8,83.7253,2/5/8,bursa_all
2026-09-12 09:44:35,2026-09-11,3301.KL,16.72,17.78,16.68,15.2076,4.3945,41.2283,0.0,32.7907,63.3907,2/5/8,bursa_all
2026-09-12 09:44:35,2026-09-11,3336.KL,2.84,2.9,2.81,32.5084,58.0576,39.4675,0.0,70.7127,55.6746,2/5/8,bursa_all
2026-09-12 09:44:35,2026-09-11,3379.KL,0.89,0.92,0.89,17.0724,13.8047,37.4126,0.0,30.8052,70.8707,2/5/8,bursa_all
2026-09-12 09:44:35,2026-09-11,3395.KL,0.25,0.25,0.24,77.1465,66.5947,64.8449,100.0,9.1113,29.828,2/5/8,bursa_all
2026-09-12 09:44:35,2026-09-11,3417.KL,0.77,0.795,0.755,40.4978,48.4999,47.9935,25.0,40.4978,29.8464,2/5/8,bursa_all
2026-09-12 09:44:35,2026-09-11,3441.KL,0.025,0.025,0.02,67.8161,67.4041,61.0443,75.0,16.199,51.2921,2/5/8,bursa_all
2026-09-12 09:44:35,2026-09-11,3476.KL,5.15,5.25,5.07,67.3645,82.888,56.7056,62.5,81.847,30.0244,2/5/8,bursa_all
2026-09-12 09:44:35,2026-09-11,3514.KL,0.105,0.11,0.105,17.0105,20.0161,31.0155,0.0,48.5816,91.7454,2/5/8,bursa_all
2026-09-12 09:44:35,2026-09-11,3557.KL,0.33,0.345,0.32,14.236,6.4788,36.2293,0.0,19.5598,59.5863,2/5/8,bursa_all
2026-09-12 09:44:35,2026-09-11,3565.KL,0.71,0.735,0.695,36.2743,50.3628,45.9602,12.5,74.6254,35.6377,2/5/8,bursa_all
2026-09-12 09:44:35,2026-09-11,3573.KL,0.11,0.125,0.11,26.3432,32.8578,46.1719,0.0,87.0941,42.3742,2/5/8,bursa_all
2026-09-12 09:44:35,2026-09-11,3611.KL,0.735,0.74,0.73,58.8568,32.1173,56.953,87.5,23.9275,23.2606,2/5/8,bursa_all
2026-09-12 09:44:35,2026-09-11,3662.KL,0.645,0.6841,0.64,23.0244,26.5676,42.5055,0.0,52.6896,34.5455,2/5/8,bursa_all
2026-09-12 09:44:35,2026-09-11,3689.KL,23.56,24.92,23.56,14.246,0.8114,41.9266,0.0,28.9373,18.9099,2/5/8,bursa_all
2026-09-12 09:44:35,2026-09-11,3719.KL,5.79,5.84,5.72,74.3658,78.2297,69.8678,75.0,71.4817,47.2866,2/5/8,bursa_all
2026-09-12 09:44:35,2026-09-11,3743.KL,0.29,0.295,0.275,62.3741,68.9495,55.6729,62.5,38.6262,75.2256,2/5/8,bursa_all
2026-09-12 09:44:35,2026-09-11,3778.KL,0.13,0.13,0.125,64.864,60.6164,58.9756,75.0,23.0582,36.3867,2/5/8,bursa_all
2026-09-12 09:44:35,2026-09-11,3794.KL,5.64,6.081,5.43,11.8375,3.1917,32.3209,0.0,15.5704,44.9214,2/5/8,bursa_all
2026-09-12 09:44:35,2026-09-11,3816.KL,7.79,7.95,7.69,36.4888,17.755,54.2115,37.5,20.7059,20.938,2/5/8,bursa_all
2026-09-12 09:44:35,2026-09-11,3859.KL,1.21,1.25,1.2,17.2653,14.3888,37.4071,0.0,36.0585,53.6367,2/5/8,bursa_all
2026-09-12 09:44:35,2026-09-11,3867.KL,40.7,41.26,39.2,61.0811,40.3971,55.3461,87.5,19.8752,22.5174,2/5/8,bursa_all
2026-09-12 09:44:35,2026-09-11,3883.KL,0.79,0.79,0.755,67.5409,54.3257,60.797,87.5,17.2252,37.2355,2/5/8,bursa_all
2026-09-12 09:44:35,2026-09-11,3891.KL,0.045,0.045,0.04,76.3938,65.6478,63.5337,100.0,12.4387,32.1346,2/5/8,bursa_all
2026-09-12 09:44:35,2026-09-11,3905.KL,2.81,2.82,2.75,8.5467,0.1123,25.5279,0.0,14.4464,20.7173,2/5/8,bursa_all
2026-09-12 09:44:35,2026-09-11,3913.KL,0.16,0.165,0.16,36.7666,4.7859,55.514,50.0,25.405,16.5273,2/5/8,bursa_all
2026-09-12 09:44:35,2026-09-11,3948.KL,0.3,0.33,0.29,26.2652,20.0009,46.2948,12.5,66.5142,42.1113,2/5/8,bursa_all
2026-09-12 09:44:35,2026-09-11,4006.KL,6.92,7.03,6.9,44.3803,68.2843,39.8565,25.0,81.2271,65.4181,2/5/8,bursa_all
2026-09-12 09:44:35,2026-09-11,4022.KL,0.255,0.265,0.255,30.3516,28.208,37.8467,25.0,33.6907,79.4749,2/5/8,bursa_all
2026-09-12 09:44:35,2026-09-11,4057.KL,0.125,0.125,0.12,68.87,61.3141,57.796,87.5,16.3844,26.1705,2/5/8,bursa_all
2026-09-12 09:44:35,2026-09-11,4065.KL,9.61,9.8473,9.4724,39.2589,32.757,35.0197,50.0,36.6757,33.9421,2/5/8,bursa_all
2026-09-12 09:44:35,2026-09-11,4081.KL,0.05,0.05,0.05,42.1793,24.4014,52.1365,50.0,42.1793,26.8563,2/5/8,bursa_all
2026-09-12 09:44:35,2026-09-11,4162.KL,4.37,4.5,4.32,18.3553,0.2125,29.8535,25.0,11.6615,34.7556,2/5/8,bursa_all
2026-09-12 09:44:35,2026-09-11,4197.KL,2.55,2.65,2.49,48.4708,73.8158,34.0965,37.5,47.798,91.7556,2/5/8,bursa_all
2026-09-12 09:44:35,2026-09-11,4235.KL,0.11,0.115,0.105,58.5979,42.2259,58.5678,75.0,24.3716,45.0753,2/5/8,bursa_all
2026-09-12 09:44:35,2026-09-11,4243.KL,1.12,1.14,1.06,53.3746,91.1841,43.9398,25.0,63.3869,45.1078,2/5/8,bursa_all
2026-09-12 09:44:35,2026-09-11,4251.KL,0.215,0.225,0.215,15.1068,11.5171,33.8033,0.0,30.285,70.279,2/5/8,bursa_all
2026-09-12 09:44:35,2026-09-11,4286.KL,0.625,0.65,0.62,9.7712,1.8153,27.4984,0.0,16.4286,19.7353,2/5/8,bursa_all
2026-09-12 09:44:35,2026-09-11,4316.KL,0.22,0.235,0.21,35.3383,15.8959,52.619,37.5,19.483,48.9653,2/5/8,bursa_all
2026-09-12 09:44:35,2026-09-11,4324.KL,3.34,3.64,2.75,68.2409,99.3962,55.3265,50.0,83.0475,45.9567,2/5/8,bursa_all
2026-09-12 09:44:35,2026-09-11,4359.KL,0.2,0.225,0.2,30.997,24.6223,43.3687,25.0,32.8391,65.4841,2/5/8,bursa_all
2026-09-12 09:44:35,2026-09-11,4375.KL,0.215,0.215,0.18,70.7513,75.554,49.1999,87.5,35.0836,88.2255,2/5/8,bursa_all
2026-09-12 09:44:35,2026-09-11,4383.KL,1.04,1.07,1.03,23.2617,10.1588,34.6264,25.0,18.189,44.4157,2/5/8,bursa_all
2026-09-12 09:44:35,2026-09-11,4405.KL,0.46,0.475,0.46,20.9315,11.9294,38.3652,12.5,29.8382,64.1739,2/5/8,bursa_all
2026-09-12 09:44:35,2026-09-11,4456.KL,0.465,0.495,0.46,28.3922,16.1332,31.5433,37.5,22.9626,25.3608,2/5/8,bursa_all
2026-09-12 09:44:35,2026-09-11,4464.KL,0.005,0.005,0.005,20.8933,11.185,51.4949,0.0,20.8933,20.8933,2/5/8,bursa_all
2026-09-12 09:44:35,2026-09-11,4502.KL,0.28,0.29,0.27,24.0886,15.8356,31.4301,25.0,33.5767,31.8902,2/5/8,bursa_all
2026-09-12 09:44:35,2026-09-11,4596.KL,0.195,0.21,0.195,40.1044,32.4508,50.3624,37.5,37.4462,56.5974,2/5/8,bursa_all
2026-09-12 09:44:35,2026-09-11,4634.KL,0.26,0.26,0.235,71.0801,68.4514,57.2889,87.5,24.8783,74.4375,2/5/8,bursa_all
2026-09-12 09:44:35,2026-09-11,4677.KL,2.31,2.44,2.3,19.1395,22.3097,35.1087,0.0,41.5347,62.2632,2/5/8,bursa_all
2026-09-12 09:44:35,2026-09-11,4707.KL,92.0,95.38,91.52,24.7751,6.1911,30.6343,37.5,15.1857,26.7745,2/5/8,bursa_all
2026-09-12 09:44:35,2026-09-11,4715.KL,1.54,1.64,1.51,12.473,2.5812,34.8378,0.0,20.0973,43.0704,2/5/8,bursa_all
2026-09-12 09:44:35,2026-09-11,4723.KL,0.125,0.135,0.11,67.3489,71.0554,55.9913,75.0,23.7748,51.352,2/5/8,bursa_all
2026-09-12 09:44:35,2026-09-11,4731.KL,3.84,3.99,3.59,79.9,81.8956,57.8045,100.0,26.3556,25.5378,2/5/8,bursa_all
2026-09-12 09:44:35,2026-09-11,4758.KL,0.87,0.875,0.86,39.1395,33.1676,46.751,37.5,28.6601,63.8362,2/5/8,bursa_all
2026-09-12 09:44:35,2026-09-11,4847.KL,0.19,0.205,0.18,13.3071,10.5512,29.37,0.0,28.9089,25.6836,2/5/8,bursa_all
2026-09-12 09:44:35,2026-09-11,4863.KL,8.0,8.18,7.76,75.4094,89.4444,61.7837,75.0,67.9842,26.8854,2/5/8,bursa_all
2026-09-12 09:44:35,2026-09-11,4995.KL,0.84,0.86,0.825,15.1609,2.4984,30.4843,12.5,22.6924,22.4264,2/5/8,bursa_all
2026-09-12 09:44:35,2026-09-11,5000.KL,2.74,2.85,2.74,14.8388,3.9416,40.5747,0.0,19.4056,56.7828,2/5/8,bursa_all
2026-09-12 09:44:35,2026-09-11,5001.KL,0.64,0.64,0.63,27.7116,4.7594,53.3753,25.0,27.7116,27.7116,2/5/8,bursa_all
2026-09-12 09:44:35,2026-09-11,5005.KL,4.25,4.36,4.16,55.4758,48.4328,55.4945,62.5,30.0032,73.264,2/5/8,bursa_all
2026-09-12 09:44:35,2026-09-11,5006.KL,0.795,0.83,0.76,19.5051,11.6839,46.8314,0.0,60.8434,23.6867,2/5/8,bursa_all
2026-09-12 09:44:35,2026-09-11,5007.KL,0.755,0.84,0.75,38.6919,34.9383,43.6374,37.5,68.4285,32.1226,2/5/8,bursa_all
2026-09-12 09:44:35,2026-09-11,5008.KL,1.26,1.26,1.22,79.8568,87.0925,64.9778,87.5,65.5888,25.4257,2/5/8,bursa_all
2026-09-12 09:44:35,2026-09-11,5009.KL,0.505,0.505,0.505,51.0223,64.7195,50.8474,37.5,44.0853,58.5984,2/5/8,bursa_all
2026-09-12 09:44:35,2026-09-11,5010.KL,2.44,2.44,2.38,79.3405,93.4321,57.0894,87.5,50.1148,76.4088,2/5/8,bursa_all
2026-09-12 09:44:35,2026-09-11,5011.KL,1.18,1.19,1.17,21.6519,29.6582,35.2975,0.0,48.1539,48.1539,2/5/8,bursa_all
2026-09-12 09:44:35,2026-09-11,5012.KL,6.16,6.3,5.8871,73.3951,98.8451,46.3401,75.0,49.4276,57.6358,2/5/8,bursa_all
2026-09-12 09:44:35,2026-09-11,5015.KL,2.76,2.8773,2.73,22.6255,23.5161,44.3604,0.0,42.592,81.8699,2/5/8,bursa_all
2026-09-12 09:44:35,2026-09-11,5016.KL,0.63,0.64,0.63,20.0267,19.0272,41.0529,0.0,44.9937,38.0655,2/5/8,bursa_all
2026-09-12 09:44:35,2026-09-11,5020.KL,0.31,0.315,0.305,32.7691,30.2978,43.0094,25.0,73.0055,37.5877,2/5/8,bursa_all
2026-09-12 09:44:35,2026-09-11,5021.KL,0.24,0.255,0.235,66.3457,98.6866,75.3505,25.0,68.8198,87.7775,2/5/8,bursa_all
2026-09-12 09:44:35,2026-09-11,5022.KL,0.28,0.28,0.28,54.9862,92.4557,47.5029,25.0,82.863,51.7556,2/5/8,bursa_all
2026-09-12 09:44:35,2026-09-11,5024.KL,0.91,0.92,0.895,25.3638,0.4962,25.5952,50.0,27.1361,16.6648,2/5/8,bursa_all
2026-09-12 09:44:35,2026-09-11,5025.KL,0.135,0.14,0.13,19.4204,7.0167,38.7445,12.5,29.9385,34.1051,2/5/8,bursa_all
2026-09-12 09:44:35,2026-09-11,5026.KL,1.93,1.98,1.93,38.3246,56.7736,45.7003,12.5,80.6154,43.8495,2/5/8,bursa_all
2026-09-12 09:44:35,2026-09-11,5027.KL,2.8,2.82,2.78,39.8886,68.6755,38.4903,12.5,69.1338,83.2426,2/5/8,bursa_all
2026-09-12 09:44:35,2026-09-11,5028.KL,1.0,1.1,0.98,48.691,11.8248,59.2482,75.0,19.3245,17.5876,2/5/8,bursa_all
2026-09-12 09:44:35,2026-09-11,5029.KL,4.0,4.0,3.99,83.1663,92.3433,69.6556,87.5,64.5986,63.7013,2/5/8,bursa_all
2026-09-12 09:44:35,2026-09-11,5031.KL,5.82,5.9144,5.72,21.9864,2.3243,38.6349,25.0,16.5234,55.1119,2/5/8,bursa_all
2026-09-12 09:44:35,2026-09-11,5032.KL,5.2,5.25,5.18,34.2507,14.4768,50.7752,37.5,34.2507,19.2931,2/5/8,bursa_all
2026-09-12 09:44:35,2026-09-11,5035.KL,0.395,0.395,0.395,51.7603,54.687,50.594,50.0,51.7603,44.9704,2/5/8,bursa_all
2026-09-12 09:44:35,2026-09-11,5036.KL,1.15,1.16,1.14,37.1127,23.5947,37.7435,50.0,38.2541,52.1036,2/5/8,bursa_all
2026-09-12 09:44:35,2026-09-11,5037.KL,0.015,0.015,0.015,32.1502,33.3333,50.6173,12.5,21.0007,97.4475,2/5/8,bursa_all
2026-09-12 09:44:35,2026-09-11,5038.KL,2.73,2.85,2.71,21.0009,12.2587,38.2439,12.5,28.0259,72.4154,2/5/8,bursa_all
2026-09-12 09:44:35,2026-09-11,5040.KL,0.015,0.025,0.015,17.1996,11.67,39.9288,0.0,47.272,71.6595,2/5/8,bursa_all
2026-09-12 09:44:35,2026-09-11,5041.KL,2.18,2.29,2.14,58.3147,57.7361,54.7081,62.5,27.4635,47.8174,2/5/8,bursa_all
2026-09-12 09:44:35,2026-09-11,5042.KL,0.2,0.21,0.2,18.0826,5.8613,35.8865,12.5,23.0966,46.9045,2/5/8,bursa_all
2026-09-12 09:44:35,2026-09-11,5048.KL,0.055,0.065,0.055,24.9944,11.6293,38.354,25.0,30.3035,61.454,2/5/8,bursa_all
2026-09-12 09:44:35,2026-09-11,5049.KL,3.03,3.09,3.02,27.9726,24.327,47.0907,12.5,69.52,33.4362,2/5/8,bursa_all
2026-09-12 09:44:35,2026-09-11,5053.KL,1.87,1.94,1.84,24.6486,14.4565,34.4893,25.0,19.5906,64.6397,2/5/8,bursa_all
2026-09-12 09:44:35,2026-09-11,5054.KL,0.315,0.34,0.26,86.863,98.4585,62.1303,100.0,27.9341,32.1008,2/5/8,bursa_all
2026-09-12 09:44:35,2026-09-11,5056.KL,0.425,0.45,0.42,42.4652,25.4925,51.9031,50.0,29.5195,24.25,2/5/8,bursa_all
2026-09-12 09:44:35,2026-09-11,5062.KL,0.18,0.19,0.175,41.4996,42.5198,44.4789,37.5,76.7666,26.2187,2/5/8,bursa_all
2026-09-12 09:44:35,2026-09-11,5065.KL,0.7,0.71,0.7,74.1424,75.5843,59.343,87.5,37.917,26.7795,2/5/8,bursa_all
2026-09-12 09:44:35,2026-09-11,5066.KL,0.205,0.215,0.2,35.3772,34.509,34.1225,37.5,30.0584,90.6671,2/5/8,bursa_all
2026-09-12 09:44:35,2026-09-11,5068.KL,0.035,0.04,0.025,96.3647,99.9933,89.1008,100.0,28.0191,28.0191,2/5/8,bursa_all
2026-09-12 09:44:35,2026-09-11,5069.KL,14.82,15.0,14.64,28.4147,33.3333,39.4108,12.5,77.8062,8.4942,2/5/8,bursa_all
2026-09-12 09:44:35,2026-09-11,5070.KL,0.205,0.205,0.195,70.2823,53.3393,57.5075,100.0,16.061,15.745,2/5/8,bursa_all
2026-09-12 09:44:35,2026-09-11,5071.KL,1.68,1.79,1.68,49.3151,82.8697,40.0755,25.0,38.9179,89.258,2/5/8,bursa_all
2026-09-12 09:44:35,2026-09-11,5072.KL,0.25,0.26,0.245,11.8076,1.9,33.5227,0.0,15.6111,32.544,2/5/8,bursa_all
2026-09-12 09:44:35,2026-09-11,5073.KL,0.695,0.75,0.695,15.688,1.6516,45.4123,0.0,37.3762,28.8359,2/5/8,bursa_all
2026-09-12 09:44:35,2026-09-11,5075.KL,1.62,1.64,1.58,62.7207,70.2753,55.3867,62.5,33.9012,82.6223,2/5/8,bursa_all
2026-09-12 09:44:35,2026-09-11,5077.KL,0.37,0.375,0.37,38.2836,50.0127,39.8381,25.0,66.6713,70.6074,2/5/8,bursa_all
2026-09-12 09:44:35,2026-09-11,5078.KL,0.305,0.315,0.295,61.1085,92.6335,53.1921,37.5,56.8491,73.5296,2/5/8,bursa_all
2026-09-12 09:44:35,2026-09-11,5079.KL,0.1,0.12,0.1,19.3402,0.0448,45.476,12.5,36.0723,40.239,2/5/8,bursa_all
2026-09-12 09:44:35,2026-09-11,5080.KL,1.08,1.1,1.07,14.2607,9.0795,33.7025,0.0,37.1025,58.7404,2/5/8,bursa_all
2026-09-12 09:44:35,2026-09-11,5081.KL,0.195,0.205,0.185,36.7497,57.7182,40.0309,12.5,79.7971,27.7986,2/5/8,bursa_all
2026-09-12 09:44:35,2026-09-11,5084.KL,1.04,1.04,1.02,67.0452,55.2268,58.4088,87.5,33.6032,60.8246,2/5/8,bursa_all
2026-09-12 09:44:35,2026-09-11,5085.KL,0.335,0.38,0.32,58.1871,70.7387,53.8225,50.0,42.3669,80.2309,2/5/8,bursa_all
2026-09-12 09:44:35,2026-09-11,5087.KL,0.24,0.24,0.205,73.3762,91.2562,66.3724,62.5,72.5927,58.6656,2/5/8,bursa_all
2026-09-12 09:44:35,2026-09-11,5088.KL,0.6,0.65,0.6,23.8104,25.0895,46.3417,0.0,69.9917,26.4707,2/5/8,bursa_all
2026-09-12 09:44:35,2026-09-11,5090.KL,0.075,0.08,0.075,19.5587,5.1331,41.0431,12.5,38.3585,38.3585,2/5/8,bursa_all
2026-09-12 09:44:35,2026-09-11,5094.KL,1.24,1.26,1.23,32.0539,22.1038,49.058,25.0,25.6732,51.3898,2/5/8,bursa_all
2026-09-12 09:44:35,2026-09-11,5095.KL,0.115,0.12,0.115,40.1565,18.2675,52.2018,50.0,32.7345,45.8539,2/5/8,bursa_all
2026-09-12 09:44:35,2026-09-11,5098.KL,0.205,0.215,0.2,26.3957,8.4573,33.2298,37.5,30.6078,23.7058,2/5/8,bursa_all
2026-09-12 09:44:35,2026-09-11,5099.KL,0.29,0.31,0.275,26.6091,10.859,43.9682,25.0,27.2294,69.7089,2/5/8,bursa_all
2026-09-12 09:44:35,2026-09-11,5100.KL,0.77,0.795,0.765,41.7883,66.0882,34.2768,25.0,40.5148,71.4355,2/5/8,bursa_all
2026-09-12 09:44:35,2026-09-11,5101.KL,0.12,0.125,0.115,31.9757,5.3189,53.1081,37.5,15.7999,40.6557,2/5/8,bursa_all
2026-09-12 09:44:35,2026-09-11,5102.KL,1.41,1.48,1.2954,78.2928,99.9938,47.3846,87.5,46.3284,81.5619,2/5/8,bursa_all
2026-09-12 09:44:35,2026-09-11,5104.KL,0.035,0.04,0.035,16.6196,10.0287,39.8301,0.0,40.4609,40.4609,2/5/8,bursa_all
2026-09-12 09:44:35,2026-09-11,5105.KL,1.67,1.7,1.65,35.5325,56.6201,37.4774,12.5,76.7064,69.9696,2/5/8,bursa_all
2026-09-12 09:44:35,2026-09-11,5106.KL,1.78,1.83,1.77,22.9018,12.1369,31.5685,25.0,22.6005,44.0802,2/5/8,bursa_all
2026-09-12 09:44:35,2026-09-11,5107.KL,0.385,0.4,0.385,27.8164,15.3672,43.0821,25.0,42.6811,27.6956,2/5/8,bursa_all
2026-09-12 09:44:35,2026-09-11,5109.KL,1.0,1.01,0.995,35.4655,15.7034,53.1931,37.5,24.9117,32.7623,2/5/8,bursa_all
2026-09-12 09:44:35,2026-09-11,5110.KL,0.815,0.825,0.815,15.2041,14.5682,31.044,0.0,21.2129,35.1239,2/5/8,bursa_all
2026-09-12 09:44:35,2026-09-11,5111.KL,0.305,0.305,0.3,57.2123,54.5076,54.6293,62.5,24.8796,54.2631,2/5/8,bursa_all
2026-09-12 09:44:35,2026-09-11,5112.KL,0.565,0.575,0.56,26.1267,0.5153,40.3649,37.5,16.1289,36.8263,2/5/8,bursa_all
2026-09-12 09:44:35,2026-09-11,5113.KL,0.17,0.18,0.17,40.6372,59.8355,49.5762,12.5,40.6372,40.6372,2/5/8,bursa_all
2026-09-12 09:44:35,2026-09-11,5115.KL,0.235,0.24,0.23,13.4585,0.9691,39.4062,0.0,16.3108,38.8154,2/5/8,bursa_all
2026-09-12 09:44:35,2026-09-11,5116.KL,1.16,1.18,1.15,34.8165,35.3982,44.0514,25.0,70.1397,52.9788,2/5/8,bursa_all
2026-09-12 09:44:35,2026-09-11,5120.KL,0.35,0.355,0.34,58.8968,81.7346,57.4558,37.5,55.2074,34.359,2/5/8,bursa_all
2026-09-12 09:44:35,2026-09-11,5121.KL,0.505,0.515,0.4881,70.9851,97.1166,53.3386,62.5,51.2503,73.6617,2/5/8,bursa_all
2026-09-12 09:44:35,2026-09-11,5123.KL,0.665,0.67,0.655,62.6772,40.8609,59.6706,87.5,11.0793,14.016,2/5/8,bursa_all
2026-09-12 09:44:35,2026-09-11,5125.KL,0.665,0.67,0.65,65.3458,93.2607,65.2768,37.5,61.1603,54.4534,2/5/8,bursa_all
2026-09-12 09:44:35,2026-09-11,5126.KL,6.1,6.2,5.5,69.4453,90.4737,55.3622,62.5,78.7587,28.6125,2/5/8,bursa_all
2026-09-12 09:44:35,2026-09-11,5127.KL,0.365,0.37,0.35,67.683,43.1192,59.9298,100.0,28.9187,42.1152,2/5/8,bursa_all
2026-09-12 09:44:35,2026-09-11,5129.KL,0.5,0.5,0.5,39.7088,57.8673,48.7592,12.5,68.8742,20.5253,2/5/8,bursa_all
2026-09-12 09:44:35,2026-09-11,5130.KL,1.19,1.21,1.19,33.983,28.0358,48.9131,25.0,38.1497,27.4102,2/5/8,bursa_all
2026-09-12 09:44:35,2026-09-11,5131.KL,0.695,0.7,0.69,32.5262,5.1132,54.9653,37.5,47.9052,32.7634,2/5/8,bursa_all
2026-09-12 09:44:35,2026-09-11,5132.KL,1.11,1.12,1.09,67.7787,56.1205,59.7157,87.5,27.2918,17.8847,2/5/8,bursa_all
2026-09-12 09:44:35,2026-09-11,5133.KL,0.675,0.7,0.665,35.5615,35.0595,46.6248,25.0,64.8885,27.9919,2/5/8,bursa_all
2026-09-12 09:44:35,2026-09-11,5134.KL,3.14,3.15,3.1,81.3967,95.1994,73.9906,75.0,69.3435,83.6575,2/5/8,bursa_all
2026-09-12 09:44:35,2026-09-11,5135.KL,4.73,4.86,4.6469,61.0969,98.57,72.2207,12.5,71.9322,78.1171,2/5/8,bursa_all
2026-09-12 09:44:35,2026-09-11,5136.KL,1.15,1.15,1.1,64.2482,73.9164,56.3281,62.5,51.424,82.5339,2/5/8,bursa_all
2026-09-12 09:44:35,2026-09-11,5138.KL,2.57,2.64,2.5108,71.7989,85.742,54.6545,75.0,60.4661,26.4765,2/5/8,bursa_all
2026-09-12 09:44:35,2026-09-11,5139.KL,5.39,5.57,5.39,9.2383,1.9636,25.7512,0.0,16.236,30.6974,2/5/8,bursa_all
2026-09-12 09:44:35,2026-09-11,5140.KL,0.375,0.385,0.36,51.1778,51.7031,51.8303,50.0,65.9645,21.3511,2/5/8,bursa_all
2026-09-12 09:44:35,2026-09-11,5141.KL,1.45,1.53,1.44,50.1167,35.0498,52.8003,62.5,60.7653,13.917,2/5/8,bursa_all
2026-09-12 09:44:35,2026-09-11,5142.KL,0.84,0.85,0.805,76.2802,97.2442,69.0964,62.5,82.9553,83.6178,2/5/8,bursa_all
2026-09-12 09:44:35,2026-09-11,5143.KL,0.435,0.45,0.42,38.687,45.6655,45.3956,25.0,28.0365,83.2811,2/5/8,bursa_all
2026-09-12 09:44:35,2026-09-11,5145.KL,0.31,0.325,0.3,47.04,59.5203,44.0997,37.5,85.7503,72.8752,2/5/8,bursa_all
2026-09-12 09:44:35,2026-09-11,5147.KL,0.535,0.535,0.5,65.0852,72.4297,60.3259,62.5,60.3036,17.8686,2/5/8,bursa_all
2026-09-12 09:44:35,2026-09-11,5148.KL,0.565,0.585,0.56,32.0598,9.9261,36.2532,50.0,26.0988,35.5039,2/5/8,bursa_all
2026-09-12 09:44:35,2026-09-11,5149.KL,0.44,0.44,0.425,41.5086,1.3481,60.6777,62.5,41.5086,12.2082,2/5/8,bursa_all
2026-09-12 09:44:35,2026-09-11,5151.KL,0.78,0.785,0.775,41.3138,35.7433,50.6979,37.5,30.5521,71.11,2/5/8,bursa_all
2026-09-12 09:44:35,2026-09-11,5152.KL,0.37,0.38,0.365,47.8155,63.4204,42.5261,37.5,83.445,60.1626,2/5/8,bursa_all
2026-09-12 09:44:35,2026-09-11,5156.KL,0.005,0.005,0.005,36.334,33.333,50.6691,25.0,23.7355,83.0073,2/5/8,bursa_all
2026-09-12 09:44:35,2026-09-11,5157.KL,0.075,0.08,0.07,75.8745,80.0244,60.0991,87.5,31.9077,23.9106,2/5/8,bursa_all
2026-09-12 09:44:35,2026-09-11,5159.KL,1.45,1.49,1.45,22.1813,18.8086,47.7353,0.0,66.3869,29.7231,2/5/8,bursa_all
2026-09-12 09:44:35,2026-09-11,5160.KL,0.385,0.39,0.375,60.8673,47.539,60.0629,75.0,32.5875,41.5853,2/5/8,bursa_all
2026-09-12 09:44:35,2026-09-11,5161.KL,0.52,0.57,0.51,29.7824,45.5978,43.7495,0.0,79.5839,54.1378,2/5/8,bursa_all
2026-09-12 09:44:35,2026-09-11,5162.KL,1.63,1.66,1.61,52.9136,23.4678,60.273,75.0,24.961,36.0265,2/5/8,bursa_all
2026-09-12 09:44:35,2026-09-11,5163.KL,0.585,0.585,0.585,42.4544,76.9216,50.4416,0.0,46.6211,50.7877,2/5/8,bursa_all
2026-09-12 09:44:35,2026-09-11,5165.KL,0.39,0.395,0.39,34.0507,31.9168,45.2353,25.0,58.1911,30.3518,2/5/8,bursa_all
2026-09-12 09:44:35,2026-09-11,5166.KL,1.49,1.51,1.47,26.2263,22.2923,43.8865,12.5,74.919,48.1021,2/5/8,bursa_all
2026-09-12 09:44:35,2026-09-11,5167.KL,0.37,0.37,0.37,19.1066,1.322,55.9978,0.0,19.1066,23.2732,2/5/8,bursa_all
2026-09-12 09:44:35,2026-09-11,5168.KL,1.17,1.21,0.925,85.7427,97.1321,60.0958,100.0,29.7241,38.3269,2/5/8,bursa_all
2026-09-12 09:44:35,2026-09-11,5169.KL,0.045,0.045,0.035,70.6689,77.8936,59.1131,75.0,44.1283,24.8912,2/5/8,bursa_all
2026-09-12 09:44:35,2026-09-11,5171.KL,0.91,0.925,0.855,62.3826,27.0725,60.0755,100.0,19.1867,53.3504,2/5/8,bursa_all
2026-09-12 09:44:35,2026-09-11,5172.KL,0.11,0.11,0.095,42.3193,60.5178,41.4402,25.0,84.7961,52.186,2/5/8,bursa_all
2026-09-12 09:44:35,2026-09-11,5173.KL,0.73,0.745,0.725,19.6588,8.9539,50.0226,0.0,54.1761,29.4226,2/5/8,bursa_all
2026-09-12 09:44:35,2026-09-11,5176.KL,2.01,2.12,2.01,21.009,17.311,45.716,0.0,65.4406,19.9424,2/5/8,bursa_all
2026-09-12 09:44:35,2026-09-11,5178.KL,0.03,0.04,0.03,18.6298,16.1861,39.7034,0.0,71.5051,47.5413,2/5/8,bursa_all
2026-09-12 09:44:35,2026-09-11,5180.KL,0.59,0.595,0.585,70.9728,67.7371,57.6812,87.5,21.7945,49.3008,2/5/8,bursa_all
2026-09-12 09:44:35,2026-09-11,5182.KL,0.175,0.18,0.165,68.2702,71.3194,58.4913,75.0,29.1652,77.2513,2/5/8,bursa_all
2026-09-12 09:44:35,2026-09-11,5183.KL,5.09,5.11,4.19,86.132,94.0571,64.3389,100.0,59.4967,27.9539,2/5/8,bursa_all
2026-09-12 09:44:35,2026-09-11,5184.KL,0.67,0.675,0.64,48.9354,40.7368,56.0694,50.0,24.3823,27.1249,2/5/8,bursa_all
2026-09-12 09:44:35,2026-09-11,5185.KL,2.03,2.06,2.02,40.2658,3.8985,54.399,62.5,29.6554,40.6508,2/5/8,bursa_all
2026-09-12 09:44:35,2026-09-11,5186.KL,0.38,0.39,0.375,40.939,53.5718,44.2451,25.0,72.5624,39.9974,2/5/8,bursa_all
2026-09-12 09:44:35,2026-09-11,5187.KL,0.035,0.035,0.03,36.5355,34.681,49.9255,25.0,27.8454,79.2417,2/5/8,bursa_all
2026-09-12 09:44:35,2026-09-11,5188.KL,0.05,0.05,0.05,48.9947,75.1378,46.8464,25.0,48.9947,67.1881,2/5/8,bursa_all
2026-09-12 09:44:35,2026-09-11,5190.KL,0.07,0.08,0.065,28.0126,19.9688,51.569,12.5,28.0126,28.0126,2/5/8,bursa_all
2026-09-12 09:44:35,2026-09-11,5191.KL,0.725,0.725,0.695,63.9199,49.532,54.7277,87.5,23.5016,19.3931,2/5/8,bursa_all
2026-09-12 09:44:35,2026-09-11,5192.KL,0.825,0.83,0.8,33.9245,47.0498,42.2239,12.5,74.1655,68.0228,2/5/8,bursa_all
2026-09-12 09:44:35,2026-09-11,5195.KL,0.215,0.225,0.2,73.1777,76.3364,55.6968,87.5,24.7186,54.7915,2/5/8,bursa_all
2026-09-12 09:44:35,2026-09-11,5196.KL,0.17,0.19,0.16,75.8932,68.3172,59.3624,100.0,26.2104,77.9581,2/5/8,bursa_all
2026-09-12 09:44:35,2026-09-11,5197.KL,0.215,0.22,0.21,39.239,51.5857,41.1313,25.0,80.5463,64.6742,2/5/8,bursa_all
2026-09-12 09:44:35,2026-09-11,5198.KL,0.225,0.225,0.225,56.4287,96.454,47.832,25.0,56.4287,56.4287,2/5/8,bursa_all
2026-09-12 09:44:35,2026-09-11,5199.KL,2.26,2.35,2.17,60.2105,85.4246,57.7069,37.5,78.6839,33.0202,2/5/8,bursa_all
2026-09-12 09:44:35,2026-09-11,5200.KL,1.57,1.65,1.57,13.6605,2.8517,38.1297,0.0,35.0213,58.9575,2/5/8,bursa_all
2026-09-12 09:44:35,2026-09-11,5202.KL,0.67,0.68,0.65,55.8304,48.9532,56.038,62.5,33.1646,76.3325,2/5/8,bursa_all
2026-09-12 09:44:35,2026-09-11,5204.KL,0.265,0.28,0.25,27.2641,21.4133,47.879,12.5,52.0042,17.5035,2/5/8,bursa_all
2026-09-12 09:44:35,2026-09-11,5205.KL,0.22,0.235,0.22,18.8163,0.7082,30.7406,25.0,20.769,14.6849,2/5/8,bursa_all
2026-09-12 09:44:35,2026-09-11,5207.KL,0.245,0.245,0.23,48.7829,70.6355,50.7133,25.0,52.9496,72.2547,2/5/8,bursa_all
2026-09-12 09:44:35,2026-09-11,5208.KL,0.67,0.68,0.625,65.0232,68.3281,51.7415,75.0,26.4977,80.0995,2/5/8,bursa_all
2026-09-12 09:44:35,2026-09-11,5209.KL,4.92,5.02,4.87,22.5837,8.9462,33.805,25.0,36.0202,29.9273,2/5/8,bursa_all
2026-09-12 09:44:35,2026-09-11,5210.KL,0.36,0.37,0.35,70.0508,87.6115,60.0408,62.5,67.8859,40.0522,2/5/8,bursa_all
2026-09-12 09:44:35,2026-09-11,5211.KL,4.66,5.02,4.63,15.3124,3.6796,42.2575,0.0,20.174,61.257,2/5/8,bursa_all
2026-09-12 09:44:35,2026-09-11,5212.KL,1.53,1.64,1.51,12.8865,3.8405,34.8191,0.0,21.0141,28.7386,2/5/8,bursa_all
2026-09-12 09:44:35,2026-09-11,5216.KL,0.28,0.305,0.245,73.6474,64.1242,56.818,100.0,23.2382,23.1894,2/5/8,bursa_all
2026-09-12 09:44:35,2026-09-11,5218.KL,0.35,0.355,0.335,86.1674,93.237,65.2652,100.0,75.107,23.826,2/5/8,bursa_all
2026-09-12 09:44:35,2026-09-11,5219.KL,0.055,0.065,0.055,13.003,1.5703,37.4388,0.0,39.3368,39.3368,2/5/8,bursa_all
2026-09-12 09:44:35,2026-09-11,5220.KL,0.945,0.945,0.895,41.5546,22.7941,51.8697,50.0,22.1989,29.3884,2/5/8,bursa_all
2026-09-12 09:44:35,2026-09-11,5223.KL,0.575,0.685,0.55,16.4932,4.1831,45.2964,0.0,53.7594,21.9737,2/5/8,bursa_all
2026-09-12 09:44:35,2026-09-11,5225.KL,7.65,8.03,7.54,12.8372,2.4197,36.092,0.0,15.8218,45.3195,2/5/8,bursa_all
2026-09-12 09:44:35,2026-09-11,5226.KL,0.16,0.165,0.16,14.1381,4.146,38.2684,0.0,33.7699,33.7699,2/5/8,bursa_all
2026-09-12 09:44:35,2026-09-11,5227.KL,2.76,2.8,2.73,50.2439,46.7625,53.9693,50.0,35.8116,25.0755,2/5/8,bursa_all
2026-09-12 09:44:35,2026-09-11,5228.KL,0.995,0.995,0.98,36.8202,5.3017,55.159,50.0,26.2948,17.4831,2/5/8,bursa_all
2026-09-12 09:44:35,2026-09-11,5230.KL,0.255,0.26,0.25,30.7403,1.0393,53.6816,37.5,14.0975,40.2226,2/5/8,bursa_all
2026-09-12 09:44:35,2026-09-11,5231.KL,0.12,0.125,0.11,33.5855,50.6486,37.608,12.5,50.3994,71.674,2/5/8,bursa_all
2026-09-12 09:44:35,2026-09-11,5232.KL,0.37,0.38,0.35,62.0697,84.0419,52.1672,50.0,62.0697,81.0057,2/5/8,bursa_all
2026-09-12 09:44:35,2026-09-11,5236.KL,1.16,1.21,1.16,27.4165,22.809,46.9406,12.5,48.8546,77.6832,2/5/8,bursa_all
2026-09-12 09:44:35,2026-09-11,5238.KL,0.68,0.7,0.635,20.1827,0.0624,10.4858,50.0,8.4354,30.1827,2/5/8,bursa_all
2026-09-12 09:44:35,2026-09-11,5239.KL,0.21,0.215,0.21,14.2309,5.5649,37.1277,0.0,36.5362,36.5362,2/5/8,bursa_all
2026-09-12 09:44:35,2026-09-11,5242.KL,0.115,0.12,0.115,17.4739,10.9091,41.5125,0.0,44.7201,44.7201,2/5/8,bursa_all
2026-09-12 09:44:35,2026-09-11,5243.KL,0.25,0.255,0.235,65.2557,61.3383,59.4288,75.0,48.2566,35.6757,2/5/8,bursa_all
2026-09-12 09:44:35,2026-09-11,5246.KL,6.83,6.99,6.75,48.4956,30.4451,52.5418,62.5,27.5655,37.696,2/5/8,bursa_all
2026-09-12 09:44:35,2026-09-11,5247.KL,0.46,0.4647,0.435,40.5586,26.6651,45.0106,50.0,32.4299,67.6274,2/5/8,bursa_all
2026-09-12 09:44:35,2026-09-11,5248.KL,0.95,0.97,0.91,81.0504,79.5685,63.5826,100.0,58.1681,19.4181,2/5/8,bursa_all
2026-09-12 09:44:35,2026-09-11,5249.KL,3.8,3.94,3.74,25.2297,12.2369,38.4522,25.0,21.6449,58.9402,2/5/8,bursa_all
2026-09-12 09:44:35,2026-09-11,5250.KL,2.0,2.0,1.97,49.8983,72.6591,52.0359,25.0,49.8983,78.655,2/5/8,bursa_all
2026-09-12 09:44:35,2026-09-11,5252.KL,0.145,0.145,0.145,31.0672,3.079,52.6227,37.5,31.0672,19.0016,2/5/8,bursa_all
2026-09-12 09:44:35,2026-09-11,5253.KL,0.12,0.13,0.115,20.4875,19.4323,42.0302,0.0,63.4909,26.2014,2/5/8,bursa_all
2026-09-12 09:44:35,2026-09-11,5255.KL,1.6,1.63,1.57,77.5389,86.1356,71.4812,75.0,79.7034,75.6944,2/5/8,bursa_all
2026-09-12 09:44:35,2026-09-11,5257.KL,0.405,0.41,0.39,72.2492,68.1001,61.1476,87.5,26.7906,30.9301,2/5/8,bursa_all
2026-09-12 09:44:35,2026-09-11,5258.KL,2.09,2.12,2.08,22.231,17.7407,48.9523,0.0,66.6943,22.5179,2/5/8,bursa_all
2026-09-12 09:44:35,2026-09-11,5259.KL,0.295,0.295,0.29,35.2431,28.7253,52.004,25.0,35.2431,35.2431,2/5/8,bursa_all
2026-09-12 09:44:35,2026-09-11,5260.KL,0.18,0.185,0.17,37.8077,11.8638,51.5594,50.0,20.5896,26.8255,2/5/8,bursa_all
2026-09-12 09:44:35,2026-09-11,5263.KL,7.44,8.04,7.41,15.9167,12.2997,35.4505,0.0,33.8031,68.5174,2/5/8,bursa_all
2026-09-12 09:44:35,2026-09-11,5264.KL,0.79,0.815,0.785,29.5126,19.087,44.4508,25.0,50.7494,22.3509,2/5/8,bursa_all
2026-09-12 09:44:35,2026-09-11,5265.KL,0.09,0.11,0.09,19.9664,3.1173,44.2818,12.5,41.1094,41.1094,2/5/8,bursa_all
2026-09-12 09:44:35,2026-09-11,5267.KL,0.16,0.16,0.145,49.4536,73.9055,49.4552,25.0,49.4536,69.3186,2/5/8,bursa_all
2026-09-12 09:44:35,2026-09-11,5269.KL,0.6,0.625,0.6,25.3026,35.6586,40.2492,0.0,70.336,75.4808,2/5/8,bursa_all
2026-09-12 09:44:35,2026-09-11,5271.KL,1.34,1.38,1.31,81.9549,87.2339,71.1308,87.5,75.0109,63.5462,2/5/8,bursa_all
2026-09-12 09:44:35,2026-09-11,5272.KL,2.85,2.99,2.55,75.3356,93.2674,57.7393,75.0,69.3952,35.2556,2/5/8,bursa_all
2026-09-12 09:44:35,2026-09-11,5273.KL,2.06,2.09,2.06,12.5555,5.1041,32.5624,0.0,17.7736,29.2338,2/5/8,bursa_all
2026-09-12 09:44:35,2026-09-11,5274.KL,3.23,3.24,3.21,63.8027,72.155,56.7532,62.5,48.1382,80.4775,2/5/8,bursa_all
2026-09-12 09:44:35,2026-09-11,5275.KL,0.425,0.43,0.42,30.481,11.8529,54.59,25.0,30.481,22.8853,2/5/8,bursa_all
2026-09-12 09:44:35,2026-09-11,5276.KL,0.345,0.35,0.325,73.3529,76.9441,55.6146,87.5,25.287,26.9001,2/5/8,bursa_all
2026-09-12 09:44:35,2026-09-11,5277.KL,0.395,0.415,0.39,48.4423,24.3754,58.4515,62.5,14.4529,30.2994,2/5/8,bursa_all
2026-09-12 09:44:35,2026-09-11,5278.KL,0.655,0.68,0.655,16.3343,4.13,44.8728,0.0,50.3852,65.947,2/5/8,bursa_all
2026-09-12 09:44:35,2026-09-11,5280.KL,0.855,0.86,0.85,49.7758,77.0126,47.3148,25.0,64.4075,38.1986,2/5/8,bursa_all
2026-09-12 09:44:35,2026-09-11,5281.KL,0.18,0.18,0.17,51.3941,92.5307,49.1517,12.5,55.5608,55.5608,2/5/8,bursa_all
2026-09-12 09:44:35,2026-09-11,5283.KL,0.185,0.19,0.18,67.4278,52.0464,62.7369,87.5,20.8367,30.4738,2/5/8,bursa_all
2026-09-12 09:44:35,2026-09-11,5284.KL,0.355,0.365,0.32,75.1245,81.5564,56.3173,87.5,48.1314,29.5203,2/5/8,bursa_all
2026-09-12 09:44:35,2026-09-11,5285.KL,6.22,6.33,6.07,45.4019,19.9089,53.7968,62.5,24.2207,20.0552,2/5/8,bursa_all
2026-09-12 09:44:35,2026-09-11,5286.KL,5.77,6.06,5.66,53.7559,42.7175,56.0501,62.5,21.5568,41.9546,2/5/8,bursa_all
2026-09-12 09:44:35,2026-09-11,5288.KL,1.28,1.33,1.28,19.4911,8.4904,37.4828,12.5,28.7662,46.7221,2/5/8,bursa_all
2026-09-12 09:44:35,2026-09-11,5289.KL,0.295,0.3,0.285,83.0603,94.8759,54.305,100.0,48.3839,59.1682,2/5/8,bursa_all
2026-09-12 09:44:35,2026-09-11,5291.KL,0.19,0.21,0.1834,35.2321,39.5357,41.1607,25.0,46.8925,31.7091,2/5/8,bursa_all
2026-09-12 09:44:35,2026-09-11,5292.KL,6.6,6.79,6.32,62.367,54.2725,45.3284,87.5,17.6502,79.2761,2/5/8,bursa_all
2026-09-12 09:44:35,2026-09-11,5293.KL,1.32,1.36,1.3,23.1324,9.1305,35.2666,25.0,36.1731,49.9525,2/5/8,bursa_all
2026-09-12 09:44:35,2026-09-11,5295.KL,0.14,0.14,0.135,40.9991,3.8583,56.6388,62.5,16.2638,19.2961,2/5/8,bursa_all
2026-09-12 09:44:35,2026-09-11,5296.KL,1.29,1.4,1.27,15.6938,0.1114,34.4699,12.5,30.2681,15.8624,2/5/8,bursa_all
2026-09-12 09:44:35,2026-09-11,5297.KL,0.19,0.19,0.19,37.1515,5.9118,55.5428,50.0,21.6837,17.7312,2/5/8,bursa_all
2026-09-12 09:44:35,2026-09-11,5298.KL,0.635,0.65,0.6,30.0881,23.2449,42.0193,25.0,49.5265,23.6493,2/5/8,bursa_all
2026-09-12 09:44:35,2026-09-11,5299.KL,0.62,0.62,0.61,81.437,96.5658,60.2451,87.5,38.4509,38.4509,2/5/8,bursa_all
2026-09-12 09:44:35,2026-09-11,5300.KL,0.79,0.81,0.775,19.5587,18.3935,40.2827,0.0,51.2688,70.2195,2/5/8,bursa_all
2026-09-12 09:44:35,2026-09-11,5301.KL,0.66,0.68,0.64,67.2691,62.1285,52.1788,87.5,30.1746,56.1311,2/5/8,bursa_all
2026-09-12 09:44:35,2026-09-11,5302.KL,0.8,0.81,0.725,70.1581,66.0142,56.9601,87.5,25.549,63.9989,2/5/8,bursa_all
2026-09-12 09:44:35,2026-09-11,5303.KL,0.38,0.395,0.375,36.244,27.9935,43.2385,37.5,58.0085,25.4369,2/5/8,bursa_all
2026-09-12 09:44:35,2026-09-11,5305.KL,0.11,0.125,0.11,38.1957,9.2079,55.3791,50.0,24.0535,19.7477,2/5/8,bursa_all
2026-09-12 09:44:35,2026-09-11,5306.KL,1.97,2.01,1.95,53.9689,14.2745,60.1321,87.5,21.1288,23.7602,2/5/8,bursa_all
2026-09-12 09:44:35,2026-09-11,5307.KL,1.51,1.52,1.5,41.8339,37.5748,50.427,37.5,46.0006,56.9514,2/5/8,bursa_all
2026-09-12 09:44:35,2026-09-11,5308.KL,0.7,0.705,0.665,73.9141,69.2279,52.5144,100.0,18.2322,87.2549,2/5/8,bursa_all
2026-09-12 09:44:35,2026-09-11,5309.KL,4.63,4.68,4.2,79.8865,80.241,59.4186,100.0,19.6744,37.558,2/5/8,bursa_all
2026-09-12 09:44:35,2026-09-11,5310.KL,0.65,0.65,0.625,79.6201,79.2575,59.6028,100.0,21.5408,49.9595,2/5/8,bursa_all
2026-09-12 09:44:35,2026-09-11,5311.KL,0.25,0.265,0.245,25.1988,5.6075,44.989,25.0,40.0633,31.2606,2/5/8,bursa_all
2026-09-12 09:44:35,2026-09-11,5313.KL,0.555,0.56,0.55,41.4302,60.6714,38.6191,25.0,81.9517,50.1391,2/5/8,bursa_all
2026-09-12 09:44:35,2026-09-11,5315.KL,0.405,0.42,0.375,79.7721,77.711,61.6054,100.0,18.8728,28.1482,2/5/8,bursa_all
2026-09-12 09:44:35,2026-09-11,5316.KL,0.13,0.13,0.125,73.2241,57.7041,61.9682,100.0,16.0363,22.1113,2/5/8,bursa_all
2026-09-12 09:44:35,2026-09-11,5317.KL,1.29,1.39,1.14,69.9022,81.983,52.7235,75.0,30.7583,74.6946,2/5/8,bursa_all
2026-09-12 09:44:35,2026-09-11,5318.KL,0.465,0.475,0.455,77.4875,87.4223,57.5403,87.5,36.7386,40.9052,2/5/8,bursa_all
2026-09-12 09:44:35,2026-09-11,5319.KL,0.665,0.675,0.66,68.1223,99.817,54.5499,50.0,51.6413,51.6413,2/5/8,bursa_all
2026-09-12 09:44:35,2026-09-11,5321.KL,1.35,1.39,1.35,26.3225,21.0299,45.4376,12.5,70.7974,76.1929,2/5/8,bursa_all
2026-09-12 09:44:35,2026-09-11,5322.KL,0.23,0.235,0.22,57.9446,52.786,58.5477,62.5,28.2917,16.0353,2/5/8,bursa_all
2026-09-12 09:44:35,2026-09-11,5323.KL,1.95,2.02,1.92,56.6319,59.0045,60.8913,50.0,47.8897,23.1506,2/5/8,bursa_all
2026-09-12 09:44:35,2026-09-11,5325.KL,1.21,1.22,1.14,73.388,81.8344,50.8295,87.5,30.7568,89.6516,2/5/8,bursa_all
2026-09-12 09:44:35,2026-09-11,5326.KL,3.38,3.5,3.37,25.2385,16.5054,46.7102,12.5,59.1607,19.6436,2/5/8,bursa_all
2026-09-12 09:44:35,2026-09-11,5327.KL,2.4,2.4,2.23,69.3351,99.6253,70.88,37.5,67.581,86.5326,2/5/8,bursa_all
2026-09-12 09:44:35,2026-09-11,5328.KL,1.68,1.83,1.67,38.0932,58.4371,43.3424,12.5,80.9815,71.305,2/5/8,bursa_all
2026-09-12 09:44:35,2026-09-11,5329.KL,0.98,0.98,0.97,16.3925,13.0611,36.1165,0.0,23.5859,74.8292,2/5/8,bursa_all
2026-09-12 09:44:35,2026-09-11,5330.KL,2.94,2.99,2.85,57.8316,75.5269,47.9681,50.0,34.1823,75.0127,2/5/8,bursa_all
2026-09-12 09:44:35,2026-09-11,5331.KL,0.505,0.51,0.47,69.2172,75.5682,57.0833,75.0,26.2045,36.703,2/5/8,bursa_all
2026-09-12 09:44:35,2026-09-11,5332.KL,0.365,0.375,0.36,22.1692,11.3722,42.6354,12.5,45.039,73.2085,2/5/8,bursa_all
2026-09-12 09:44:35,2026-09-11,5335.KL,1.75,1.79,1.73,40.5823,12.7216,46.5253,62.5,44.6247,65.2793,2/5/8,bursa_all
2026-09-12 09:44:35,2026-09-11,5336.KL,0.4,0.43,0.395,24.4616,21.6928,39.1919,12.5,44.7092,62.2894,2/5/8,bursa_all
2026-09-12 09:44:35,2026-09-11,5337.KL,1.45,1.51,1.43,24.7042,32.1818,41.9307,0.0,75.3237,35.1603,2/5/8,bursa_all
2026-09-12 09:44:35,2026-09-11,5338.KL,0.835,0.86,0.82,22.9925,12.3052,44.1723,12.5,54.9782,18.1506,2/5/8,bursa_all
2026-09-12 09:44:35,2026-09-11,5340.KL,8.3,8.4,8.1,61.2287,55.9127,52.7735,75.0,28.7344,38.8822,2/5/8,bursa_all
2026-09-12 09:44:35,2026-09-11,5341.KL,0.77,0.805,0.76,43.3736,47.9192,44.7015,37.5,66.5962,22.4785,2/5/8,bursa_all
2026-09-12 09:44:35,2026-09-11,5343.KL,0.37,0.385,0.35,41.5363,26.2685,48.3403,50.0,66.3937,34.8091,2/5/8,bursa_all
2026-09-12 09:44:35,2026-09-11,5345.KL,0.27,0.28,0.26,34.7355,37.222,41.9845,25.0,62.7888,58.3976,2/5/8,bursa_all
2026-09-12 09:44:35,2026-09-11,5346.KL,0.29,0.31,0.285,23.2987,8.9958,35.9004,25.0,32.673,24.6349,2/5/8,bursa_all
2026-09-12 09:44:35,2026-09-11,5347.KL,13.6,13.94,13.56,27.159,2.5122,28.9649,50.0,12.0602,16.2074,2/5/8,bursa_all
2026-09-12 09:44:35,2026-09-11,5348.KL,0.79,0.81,0.78,28.4596,12.5425,47.8363,25.0,52.3947,12.2527,2/5/8,bursa_all
2026-09-12 09:44:35,2026-09-11,5351.KL,0.88,0.915,0.87,20.8542,4.679,32.8836,25.0,18.8731,17.6609,2/5/8,bursa_all
2026-09-12 09:44:35,2026-09-11,5352.KL,1.14,1.29,1.13,16.6959,16.5409,33.5467,0.0,40.2281,71.1358,2/5/8,bursa_all
2026-09-12 09:44:35,2026-09-11,5371.KL,0.855,0.91,0.85,46.7335,33.2363,56.9641,50.0,28.3097,22.3654,2/5/8,bursa_all
2026-09-12 09:44:35,2026-09-11,5398.KL,4.82,5.0,4.55,85.3962,98.6854,70.0032,87.5,78.7691,75.0615,2/5/8,bursa_all
2026-09-12 09:44:35,2026-09-11,5401.KL,1.2,1.2,1.15,72.7961,58.6377,59.7507,100.0,15.9254,31.7347,2/5/8,bursa_all
2026-09-12 09:44:35,2026-09-11,5436.KL,0.79,0.88,0.79,12.6112,6.6662,31.1675,0.0,20.9947,72.2751,2/5/8,bursa_all
2026-09-12 09:44:35,2026-09-11,5517.KL,1.6,1.61,1.58,70.0083,50.1715,59.8534,100.0,12.4198,16.6286,2/5/8,bursa_all
2026-09-12 09:44:35,2026-09-11,5533.KL,0.75,0.75,0.75,34.2059,0.4032,52.2146,50.0,15.0811,30.8317,2/5/8,bursa_all
2026-09-12 09:44:35,2026-09-11,5555.KL,2.13,2.16,2.07,68.4505,75.2065,55.1451,75.0,33.986,66.7039,2/5/8,bursa_all
2026-09-12 09:44:35,2026-09-11,5568.KL,0.16,0.17,0.155,36.4405,55.7374,41.084,12.5,81.7464,33.0223,2/5/8,bursa_all
2026-09-12 09:44:35,2026-09-11,5576.KL,0.26,0.26,0.26,39.0921,29.6949,50.0815,37.5,39.0921,43.2588,2/5/8,bursa_all
2026-09-12 09:44:35,2026-09-11,5592.KL,0.315,0.315,0.315,46.6099,9.0117,55.8181,75.0,31.5986,34.7986,2/5/8,bursa_all
2026-09-12 09:44:35,2026-09-11,5606.KL,2.31,2.37,2.31,21.8427,11.9113,41.1168,12.5,50.5921,65.6214,2/5/8,bursa_all
2026-09-12 09:44:35,2026-09-11,5614.KL,1.14,1.19,1.12,45.6672,88.5203,35.9813,12.5,92.346,86.6995,2/5/8,bursa_all
2026-09-12 09:44:35,2026-09-11,5622.KL,0.905,0.905,0.905,54.403,99.9967,50.7122,12.5,54.403,58.5697,2/5/8,bursa_all
2026-09-12 09:44:35,2026-09-11,5649.KL,0.2,0.2,0.18,67.9059,57.1809,59.0368,87.5,25.3675,77.081,2/5/8,bursa_all
2026-09-12 09:44:35,2026-09-11,5657.KL,0.185,0.2,0.18,38.1871,34.5106,42.5508,37.5,46.322,30.9552,2/5/8,bursa_all
2026-09-12 09:44:35,2026-09-11,5665.KL,0.55,0.56,0.525,78.0728,99.4482,72.2703,62.5,88.9491,86.6665,2/5/8,bursa_all
2026-09-12 09:44:35,2026-09-11,5673.KL,0.21,0.22,0.205,22.0216,0.1397,40.9251,25.0,24.502,39.8688,2/5/8,bursa_all
2026-09-12 09:44:35,2026-09-11,5681.KL,20.64,20.7,19.64,81.5539,92.2368,52.4247,100.0,46.3589,82.9144,2/5/8,bursa_all
2026-09-12 09:44:35,2026-09-11,5703.KL,0.45,0.455,0.44,14.7156,3.5135,28.1333,12.5,17.6667,26.8316,2/5/8,bursa_all
2026-09-12 09:44:35,2026-09-11,5738.KL,0.155,0.16,0.135,53.8075,59.7202,51.7025,50.0,57.9742,51.4699,2/5/8,bursa_all
2026-09-12 09:44:35,2026-09-11,5789.KL,0.385,0.395,0.38,9.291,3.0885,24.7846,0.0,13.0325,18.2203,2/5/8,bursa_all
2026-09-12 09:44:35,2026-09-11,5797.KL,0.49,0.51,0.49,21.1331,7.1261,31.273,25.0,21.7945,48.4243,2/5/8,bursa_all
2026-09-12 09:44:35,2026-09-11,5819.KL,23.08,23.88,23.08,22.5151,34.4873,33.0579,0.0,70.4081,89.6843,2/5/8,bursa_all
2026-09-12 09:44:35,2026-09-11,5827.KL,1.26,1.26,1.26,45.3039,34.1779,51.7338,50.0,26.409,76.8495,2/5/8,bursa_all
2026-09-12 09:44:35,2026-09-11,5843.KL,0.545,0.55,0.54,62.3031,49.9761,61.9332,75.0,17.397,33.0512,2/5/8,bursa_all
2026-09-12 09:44:35,2026-09-11,5878.KL,2.55,2.75,2.54,17.0134,3.2267,35.3135,12.5,32.2888,17.2686,2/5/8,bursa_all
2026-09-12 09:44:35,2026-09-11,5908.KL,6.05,6.05,5.96,73.4805,72.9197,60.0217,87.5,33.0971,23.7595,2/5/8,bursa_all
2026-09-12 09:44:35,2026-09-11,5916.KL,1.8,1.81,1.67,74.6469,63.626,60.3146,100.0,20.0469,26.8236,2/5/8,bursa_all
2026-09-12 09:44:35,2026-09-11,5932.KL,0.235,0.235,0.23,31.9046,2.9295,55.2843,37.5,36.0713,40.2379,2/5/8,bursa_all
2026-09-12 09:44:35,2026-09-11,5983.KL,4.79,5.0668,4.77,23.5739,30.0543,40.6675,0.0,61.7507,85.4677,2/5/8,bursa_all
2026-09-12 09:44:35,2026-09-11,6009.KL,0.525,0.53,0.515,20.9631,14.052,36.3373,12.5,28.238,66.5156,2/5/8,bursa_all
2026-09-12 09:44:35,2026-09-11,6012.KL,3.54,3.62,3.5,37.3956,15.5039,34.1828,62.5,18.6113,36.5716,2/5/8,bursa_all
2026-09-12 09:44:35,2026-09-11,6017.KL,2.3,2.38,2.3,29.6336,16.2188,35.1821,37.5,33.8885,51.6278,2/5/8,bursa_all
2026-09-12 09:44:35,2026-09-11,6033.KL,17.3,17.5382,17.0626,64.6995,55.3118,51.2868,87.5,24.2385,68.7333,2/5/8,bursa_all
2026-09-12 09:44:35,2026-09-11,6041.KL,0.15,0.15,0.15,35.1522,41.6581,51.2985,12.5,35.1522,39.3189,2/5/8,bursa_all
2026-09-12 09:44:35,2026-09-11,6068.KL,0.29,0.29,0.28,85.4125,89.4839,66.7536,100.0,72.3679,21.4211,2/5/8,bursa_all
2026-09-12 09:44:35,2026-09-11,6076.KL,0.14,0.145,0.13,75.5846,70.2354,56.5185,100.0,26.6978,80.8481,2/5/8,bursa_all
2026-09-12 09:44:35,2026-09-11,6084.KL,0.29,0.305,0.28,64.6379,80.1539,63.7597,50.0,64.1827,20.4143,2/5/8,bursa_all
2026-09-12 09:44:35,2026-09-11,6114.KL,1.99,2.0,1.99,49.9669,76.0266,48.8742,25.0,54.1336,54.1336,2/5/8,bursa_all
2026-09-12 09:44:35,2026-09-11,6139.KL,3.06,3.18,3.06,25.7331,7.0498,32.6496,37.5,20.1469,40.8015,2/5/8,bursa_all
2026-09-12 09:44:35,2026-09-11,6149.KL,1.03,1.03,1.03,44.2062,17.1988,52.92,62.5,33.7506,57.5414,2/5/8,bursa_all
2026-09-12 09:44:35,2026-09-11,6173.KL,0.185,0.185,0.18,33.3438,24.0165,51.0149,25.0,33.3438,37.5105,2/5/8,bursa_all
2026-09-12 09:44:35,2026-09-11,6181.KL,0.23,0.24,0.225,48.6788,58.7449,49.7915,37.5,71.8351,25.2411,2/5/8,bursa_all
2026-09-12 09:44:35,2026-09-11,6203.KL,0.09,0.09,0.08,36.879,4.8308,55.8063,50.0,16.6277,20.6398,2/5/8,bursa_all
2026-09-12 09:44:35,2026-09-11,6211.KL,0.315,0.375,0.295,30.8532,47.364,45.1956,0.0,83.5694,20.541,2/5/8,bursa_all
2026-09-12 09:44:35,2026-09-11,6254.KL,0.03,0.035,0.025,47.1165,93.462,47.8875,0.0,47.1165,51.2832,2/5/8,bursa_all
2026-09-12 09:44:35,2026-09-11,6262.KL,2.14,2.15,2.1,69.7729,64.3237,57.4949,87.5,35.4342,11.8923,2/5/8,bursa_all
2026-09-12 09:44:35,2026-09-11,6297.KL,0.235,0.235,0.21,82.7945,90.7702,70.1133,87.5,69.2886,41.6396,2/5/8,bursa_all
2026-09-12 09:44:35,2026-09-11,6351.KL,4.35,4.48,4.35,14.8799,1.2309,43.4087,0.0,35.2239,43.479,2/5/8,bursa_all
2026-09-12 09:44:35,2026-09-11,6378.KL,0.52,0.535,0.52,39.0799,29.9448,49.795,37.5,24.1303,65.7002,2/5/8,bursa_all
2026-09-12 09:44:35,2026-09-11,6399.KL,0.055,0.06,0.055,16.0632,6.4384,41.7513,0.0,40.4093,40.4093,2/5/8,bursa_all
2026-09-12 09:44:35,2026-09-11,6432.KL,5.7,5.78,5.67,7.4252,0.7176,21.5581,0.0,18.7036,21.4975,2/5/8,bursa_all
2026-09-12 09:44:35,2026-09-11,6459.KL,2.84,2.94,2.78,25.2989,18.6986,32.198,25.0,22.894,81.4448,2/5/8,bursa_all
2026-09-12 09:44:35,2026-09-11,6483.KL,0.605,0.64,0.58,11.93,0.0764,23.2137,12.5,9.3464,11.3219,2/5/8,bursa_all
2026-09-12 09:44:35,2026-09-11,6491.KL,2.63,2.7,2.63,26.6734,23.9992,31.0209,25.0,25.6003,24.6991,2/5/8,bursa_all
2026-09-12 09:44:35,2026-09-11,6521.KL,1.18,1.23,1.15,10.9516,0.1141,32.7407,0.0,13.3581,16.2347,2/5/8,bursa_all
2026-09-12 09:44:35,2026-09-11,6556.KL,0.53,0.535,0.525,31.1947,47.2541,33.8299,12.5,45.0477,79.3172,2/5/8,bursa_all
2026-09-12 09:44:35,2026-09-11,6599.KL,0.985,1.01,0.985,33.1039,8.5817,40.7299,50.0,21.4767,68.2488,2/5/8,bursa_all
2026-09-12 09:44:35,2026-09-11,6602.KL,0.24,0.255,0.24,29.6548,37.864,38.6005,12.5,80.397,84.9252,2/5/8,bursa_all
2026-09-12 09:44:35,2026-09-11,6633.KL,0.765,0.78,0.7301,71.5606,62.7467,51.9352,100.0,14.6204,27.6155,2/5/8,bursa_all
2026-09-12 09:44:35,2026-09-11,6637.KL,0.04,0.045,0.04,15.0693,5.2165,39.9915,0.0,39.877,39.877,2/5/8,bursa_all
2026-09-12 09:44:35,2026-09-11,6718.KL,1.24,1.26,1.21,75.8486,65.3536,62.1921,100.0,13.3286,27.9739,2/5/8,bursa_all
2026-09-12 09:44:35,2026-09-11,6742.KL,5.7,5.88,5.63,42.165,67.0509,34.4442,25.0,75.7048,78.5984,2/5/8,bursa_all
2026-09-12 09:44:35,2026-09-11,6769.KL,0.11,0.11,0.105,42.7616,42.2314,48.5536,37.5,42.7616,40.0696,2/5/8,bursa_all
2026-09-12 09:44:35,2026-09-11,6807.KL,0.17,0.17,0.165,73.7911,72.9617,60.9116,87.5,32.229,12.5926,2/5/8,bursa_all
2026-09-12 09:44:35,2026-09-11,6815.KL,0.71,0.71,0.68,70.6019,82.1295,54.6763,75.0,36.5361,68.3878,2/5/8,bursa_all
2026-09-12 09:44:35,2026-09-11,6874.KL,0.915,0.925,0.9,53.7118,27.7084,58.427,75.0,11.3626,16.7583,2/5/8,bursa_all
2026-09-12 09:44:35,2026-09-11,6888.KL,1.68,1.79,1.67,17.9965,4.8456,36.6438,12.5,30.6037,31.4686,2/5/8,bursa_all
2026-09-12 09:44:35,2026-09-11,6904.KL,0.7,0.7,0.68,64.5952,49.4297,56.8558,87.5,31.0419,16.4462,2/5/8,bursa_all
2026-09-12 09:44:35,2026-09-11,6912.KL,0.29,0.295,0.29,26.5738,26.1499,41.0715,12.5,55.4539,59.6206,2/5/8,bursa_all
2026-09-12 09:44:35,2026-09-11,6939.KL,1.04,1.05,1.03,21.2701,9.0406,42.2697,12.5,38.1031,42.2698,2/5/8,bursa_all
2026-09-12 09:44:35,2026-09-11,6947.KL,2.72,2.77,2.6765,58.5434,42.2971,58.3331,75.0,17.1741,28.516,2/5/8,bursa_all
2026-09-12 09:44:35,2026-09-11,6963.KL,0.23,0.24,0.225,62.8265,66.9806,58.9989,62.5,39.9198,30.4027,2/5/8,bursa_all
2026-09-12 09:44:35,2026-09-11,6971.KL,2.2,2.34,2.19,27.4593,9.07,35.8078,37.5,30.5794,40.2376,2/5/8,bursa_all
2026-09-12 09:44:35,2026-09-11,6998.KL,0.07,0.07,0.065,36.6054,34.4983,50.318,25.0,36.6054,33.024,2/5/8,bursa_all
2026-09-12 09:44:35,2026-09-11,7003.KL,0.305,0.305,0.3,46.6922,78.9609,48.6156,12.5,76.4097,28.7069,2/5/8,bursa_all
2026-09-12 09:44:35,2026-09-11,7004.KL,1.54,1.57,1.52,23.2886,33.2866,36.5791,0.0,48.0263,88.4254,2/5/8,bursa_all
2026-09-12 09:44:35,2026-09-11,7005.KL,0.575,0.58,0.57,34.8788,6.0721,36.0643,62.5,28.5991,23.3197,2/5/8,bursa_all
2026-09-12 09:44:35,2026-09-11,7006.KL,1.05,1.06,1.04,49.9758,87.3342,50.0932,12.5,54.1425,79.8997,2/5/8,bursa_all
2026-09-12 09:44:35,2026-09-11,7007.KL,0.235,0.235,0.21,73.3054,75.3103,57.1058,87.5,36.8926,25.2807,2/5/8,bursa_all
2026-09-12 09:44:35,2026-09-11,7010.KL,1.39,1.5,1.35,58.9921,45.3039,56.6723,75.0,35.5361,61.3706,2/5/8,bursa_all
2026-09-12 09:44:35,2026-09-11,7013.KL,0.03,0.035,0.03,28.5988,34.6128,38.6835,12.5,79.721,41.4951,2/5/8,bursa_all
2026-09-12 09:44:35,2026-09-11,7014.KL,0.28,0.28,0.25,81.5029,95.1676,61.8411,87.5,72.2221,38.5859,2/5/8,bursa_all
2026-09-12 09:44:35,2026-09-11,7016.KL,0.28,0.28,0.225,84.475,98.4015,55.0235,100.0,53.4568,63.8676,2/5/8,bursa_all
2026-09-12 09:44:35,2026-09-11,7017.KL,0.065,0.07,0.065,33.086,24.6346,49.6232,25.0,33.086,21.6529,2/5/8,bursa_all
2026-09-12 09:44:35,2026-09-11,7018.KL,0.005,0.005,0.005,39.8529,30.9896,51.0691,37.5,39.8529,24.554,2/5/8,bursa_all
2026-09-12 09:44:35,2026-09-11,7020.KL,0.09,0.105,0.085,28.4344,48.4272,36.876,0.0,77.3762,86.708,2/5/8,bursa_all
2026-09-12 09:44:35,2026-09-11,7022.KL,0.24,0.25,0.23,59.2307,45.682,57.01,75.0,22.5764,62.0634,2/5/8,bursa_all
2026-09-12 09:44:35,2026-09-11,7025.KL,0.6,0.6,0.6,49.3643,70.5495,52.5434,25.0,49.3643,49.3643,2/5/8,bursa_all
2026-09-12 09:44:35,2026-09-11,7028.KL,0.475,0.485,0.475,37.9624,45.9947,42.8926,25.0,73.6067,77.2311,2/5/8,bursa_all
2026-09-12 09:44:35,2026-09-11,7029.KL,1.6,1.6,1.58,37.5362,24.3346,50.774,37.5,30.8558,57.6966,2/5/8,bursa_all
2026-09-12 09:44:35,2026-09-11,7031.KL,0.32,0.37,0.32,23.3845,25.2985,44.8549,0.0,80.0267,25.6863,2/5/8,bursa_all
2026-09-12 09:44:35,2026-09-11,7033.KL,0.66,0.66,0.55,82.6028,88.7184,59.0902,100.0,34.0557,30.6421,2/5/8,bursa_all
2026-09-12 09:44:35,2026-09-11,7034.KL,1.65,1.7,1.57,75.9085,77.212,50.5134,100.0,26.7342,82.3462,2/5/8,bursa_all
2026-09-12 09:44:35,2026-09-11,7035.KL,0.935,0.97,0.92,67.4167,36.6267,65.6234,100.0,33.2517,9.8095,2/5/8,bursa_all
2026-09-12 09:44:35,2026-09-11,7036.KL,0.005,0.005,0.005,27.9951,33.3282,50.6571,0.0,27.9951,27.9951,2/5/8,bursa_all
2026-09-12 09:44:35,2026-09-11,7043.KL,0.19,0.195,0.175,81.5367,95.1524,61.9576,87.5,44.8542,44.8542,2/5/8,bursa_all
2026-09-12 09:44:35,2026-09-11,7047.KL,0.1,0.1,0.095,40.5136,2.7435,56.2972,62.5,40.5136,14.3081,2/5/8,bursa_all
2026-09-12 09:44:35,2026-09-11,7048.KL,2.59,2.75,2.59,51.5209,69.3615,47.701,37.5,60.4532,67.9548,2/5/8,bursa_all
2026-09-12 09:44:35,2026-09-11,7050.KL,0.17,0.18,0.165,29.4706,28.9074,47.0046,12.5,64.2918,19.6379,2/5/8,bursa_all
2026-09-12 09:44:35,2026-09-11,7052.KL,1.07,1.15,1.05,30.5783,0.6088,16.1262,75.0,10.8192,8.0992,2/5/8,bursa_all
2026-09-12 09:44:35,2026-09-11,7053.KL,0.7,0.7,0.7,49.482,80.7359,42.7101,25.0,66.228,66.4733,2/5/8,bursa_all
2026-09-12 09:44:35,2026-09-11,7054.KL,0.1,0.1,0.085,72.9401,88.0097,55.8106,75.0,41.6751,71.2555,2/5/8,bursa_all
2026-09-12 09:44:35,2026-09-11,7055.KL,0.86,0.86,0.86,48.09,97.4537,46.8162,0.0,52.2566,52.2566,2/5/8,bursa_all
2026-09-12 09:44:35,2026-09-11,7060.KL,1.35,1.35,1.3002,76.9118,71.909,58.8264,100.0,23.4793,73.1267,2/5/8,bursa_all
2026-09-12 09:44:35,2026-09-11,7062.KL,1.35,1.41,1.35,25.1423,10.1445,40.2825,25.0,34.2044,63.2456,2/5/8,bursa_all
2026-09-12 09:44:35,2026-09-11,7066.KL,0.12,0.13,0.105,79.288,78.1546,59.7094,100.0,23.108,77.102,2/5/8,bursa_all
2026-09-12 09:44:35,2026-09-11,7070.KL,0.09,0.095,0.09,36.4017,28.4221,43.283,37.5,65.9531,20.1066,2/5/8,bursa_all
2026-09-12 09:44:35,2026-09-11,7071.KL,0.05,0.05,0.045,43.3387,69.8206,47.6954,12.5,47.5053,47.5053,2/5/8,bursa_all
2026-09-12 09:44:35,2026-09-11,7073.KL,0.06,0.06,0.06,27.2706,29.0755,52.7363,0.0,27.2706,27.2706,2/5/8,bursa_all
2026-09-12 09:44:35,2026-09-11,7076.KL,1.19,1.3,1.19,33.4289,50.5276,37.2591,12.5,55.8331,87.9274,2/5/8,bursa_all
2026-09-12 09:44:35,2026-09-11,7077.KL,0.285,0.285,0.275,52.8765,84.3811,49.2484,25.0,57.0432,76.6223,2/5/8,bursa_all
2026-09-12 09:44:35,2026-09-11,7078.KL,0.1,0.11,0.09,14.4071,4.7019,26.0195,12.5,13.3508,31.3592,2/5/8,bursa_all
2026-09-12 09:44:35,2026-09-11,7079.KL,0.025,0.025,0.02,38.6863,66.6667,49.3923,0.0,38.6863,38.6863,2/5/8,bursa_all
2026-09-12 09:44:35,2026-09-11,7080.KL,0.005,0.005,0.005,26.0188,0.5914,52.4651,25.0,10.901,33.9085,2/5/8,bursa_all
2026-09-12 09:44:35,2026-09-11,7081.KL,1.18,1.21,1.1,76.1054,68.5156,59.8008,100.0,14.279,24.4118,2/5/8,bursa_all
2026-09-12 09:44:35,2026-09-11,7082.KL,0.2,0.235,0.17,81.8844,84.5838,61.0695,100.0,39.7384,16.182,2/5/8,bursa_all
2026-09-12 09:44:35,2026-09-11,7083.KL,1.74,1.79,1.74,20.5473,18.8193,42.8225,0.0,75.375,56.5352,2/5/8,bursa_all
2026-09-12 09:44:35,2026-09-11,7084.KL,3.87,3.88,3.7455,68.792,61.2668,57.6091,87.5,24.6676,14.4489,2/5/8,bursa_all
2026-09-12 09:44:35,2026-09-11,7085.KL,1.18,1.18,1.11,71.7207,59.4181,55.7441,100.0,19.8244,78.0709,2/5/8,bursa_all
2026-09-12 09:44:35,2026-09-11,7086.KL,0.1,0.11,0.09,24.4279,34.6109,38.6728,0.0,66.2004,62.9213,2/5/8,bursa_all
2026-09-12 09:44:35,2026-09-11,7087.KL,1.63,1.69,1.62,28.0601,10.6597,48.5207,25.0,52.9182,21.5603,2/5/8,bursa_all
2026-09-12 09:44:35,2026-09-11,7088.KL,0.625,0.63,0.61,26.8157,11.3792,31.5681,37.5,16.9396,39.7766,2/5/8,bursa_all
2026-09-12 09:44:35,2026-09-11,7089.KL,0.26,0.265,0.25,32.4592,21.8142,50.5635,25.0,53.5885,15.5977,2/5/8,bursa_all
2026-09-12 09:44:35,2026-09-11,7091.KL,1.3,1.36,1.3,17.9473,12.2717,41.5701,0.0,51.3918,65.0602,2/5/8,bursa_all
2026-09-12 09:44:35,2026-09-11,7094.KL,3.15,3.15,2.85,80.6482,80.1748,61.7698,100.0,45.3886,15.6448,2/5/8,bursa_all
2026-09-12 09:44:35,2026-09-11,7095.KL,1.73,1.81,1.65,61.7577,79.0884,56.1847,50.0,55.2104,80.1423,2/5/8,bursa_all
2026-09-12 09:44:35,2026-09-11,7096.KL,0.065,0.065,0.055,72.2213,61.4734,55.1905,100.0,19.813,81.0394,2/5/8,bursa_all
2026-09-12 09:44:35,2026-09-11,7097.KL,0.01,0.01,0.005,32.1056,32.6739,51.1429,12.5,32.1056,36.2723,2/5/8,bursa_all
2026-09-12 09:44:35,2026-09-11,7099.KL,0.13,0.13,0.12,45.5258,48.9797,50.0977,37.5,38.2161,77.8887,2/5/8,bursa_all
2026-09-12 09:44:35,2026-09-11,7100.KL,2.62,2.69,2.61,27.6193,18.5103,39.3476,25.0,38.1201,61.4482,2/5/8,bursa_all
2026-09-12 09:44:35,2026-09-11,7103.KL,3.84,3.9,3.63,52.6194,96.2325,36.6258,25.0,86.2855,88.6867,2/5/8,bursa_all
2026-09-12 09:44:35,2026-09-11,7105.KL,2.15,2.17,2.15,37.9725,46.3478,42.5697,25.0,77.766,28.4966,2/5/8,bursa_all
2026-09-12 09:44:35,2026-09-11,7106.KL,0.42,0.45,0.34,80.6942,98.998,68.0847,75.0,83.0762,84.8458,2/5/8,bursa_all
2026-09-12 09:44:35,2026-09-11,7107.KL,1.02,1.03,0.985,48.3873,97.8056,47.3564,0.0,52.554,78.3728,2/5/8,bursa_all
2026-09-12 09:44:35,2026-09-11,7108.KL,0.14,0.15,0.14,45.2015,16.2117,56.8928,62.5,45.2015,22.5443,2/5/8,bursa_all
2026-09-12 09:44:35,2026-09-11,7113.KL,0.8,0.815,0.63,83.7102,91.7325,59.3982,100.0,25.1682,51.8492,2/5/8,bursa_all
2026-09-12 09:44:35,2026-09-11,7114.KL,0.035,0.035,0.03,46.8411,41.5629,48.9604,50.0,40.2398,69.7957,2/5/8,bursa_all
2026-09-12 09:44:35,2026-09-11,7115.KL,0.92,0.965,0.91,25.9892,13.4946,26.9731,37.5,24.8953,19.7472,2/5/8,bursa_all
2026-09-12 09:44:35,2026-09-11,7117.KL,0.165,0.165,0.16,42.0112,51.1714,49.8623,25.0,42.0112,46.1779,2/5/8,bursa_all
2026-09-12 09:44:35,2026-09-11,7120.KL,0.12,0.12,0.11,70.0172,58.6964,63.8552,87.5,10.4644,14.503,2/5/8,bursa_all
2026-09-12 09:44:35,2026-09-11,7121.KL,0.8,0.825,0.785,23.1717,21.6255,35.3896,12.5,37.6469,70.8276,2/5/8,bursa_all
2026-09-12 09:44:35,2026-09-11,7123.KL,0.04,0.04,0.03,84.2225,99.4111,65.7563,87.5,41.9658,46.1325,2/5/8,bursa_all
2026-09-12 09:44:35,2026-09-11,7128.KL,0.285,0.29,0.26,51.8576,59.7877,45.7852,50.0,75.8038,17.9324,2/5/8,bursa_all
2026-09-12 09:44:35,2026-09-11,7129.KL,1.31,1.32,1.29,79.6155,95.6622,68.1844,75.0,74.586,37.1815,2/5/8,bursa_all
2026-09-12 09:44:35,2026-09-11,7131.KL,0.115,0.12,0.11,17.5804,17.712,35.0292,0.0,34.6684,69.3425,2/5/8,bursa_all
2026-09-12 09:44:35,2026-09-11,7132.KL,0.55,0.55,0.55,35.2186,49.7319,43.4239,12.5,81.5391,71.4674,2/5/8,bursa_all
2026-09-12 09:44:35,2026-09-11,7133.KL,1.35,1.38,1.35,30.6387,30.6161,36.3,25.0,31.0379,85.7496,2/5/8,bursa_all
2026-09-12 09:44:35,2026-09-11,7134.KL,0.745,0.745,0.71,66.9613,53.8099,59.574,87.5,41.9281,20.7128,2/5/8,bursa_all
2026-09-12 09:44:35,2026-09-11,7137.KL,1.8,1.8,1.75,75.6066,86.8259,64.9939,75.0,71.6791,32.8179,2/5/8,bursa_all
2026-09-12 09:44:35,2026-09-11,7139.KL,0.085,0.085,0.08,40.0619,30.7092,51.9765,37.5,24.3645,76.2076,2/5/8,bursa_all
2026-09-12 09:44:35,2026-09-11,7140.KL,0.515,0.54,0.515,20.0947,27.5181,32.766,0.0,37.8199,64.1679,2/5/8,bursa_all
2026-09-12 09:44:35,2026-09-11,7145.KL,0.2,0.21,0.17,91.5947,98.2915,76.4925,100.0,84.3056,78.4443,2/5/8,bursa_all
2026-09-12 09:44:35,2026-09-11,7146.KL,0.045,0.05,0.045,16.2485,7.4536,41.2921,0.0,41.7247,41.7247,2/5/8,bursa_all
2026-09-12 09:44:35,2026-09-11,7148.KL,1.22,1.27,1.2,24.6653,22.9659,38.53,12.5,41.2621,71.8036,2/5/8,bursa_all
2026-09-12 09:44:35,2026-09-11,7149.KL,0.17,0.175,0.17,38.2677,12.6373,52.1659,50.0,22.796,50.6207,2/5/8,bursa_all
2026-09-12 09:44:35,2026-09-11,7152.KL,0.23,0.235,0.21,77.3759,70.0348,62.0929,100.0,23.4093,17.122,2/5/8,bursa_all
2026-09-12 09:44:35,2026-09-11,7153.KL,1.21,1.25,1.0,79.2296,82.401,55.2877,100.0,19.6132,36.4683,2/5/8,bursa_all
2026-09-12 09:44:35,2026-09-11,7154.KL,0.025,0.03,0.025,36.3615,33.4739,50.6105,25.0,36.3615,23.9793,2/5/8,bursa_all
2026-09-12 09:44:35,2026-09-11,7155.KL,0.32,0.345,0.3,78.1466,82.3405,64.5992,87.5,68.1028,16.4014,2/5/8,bursa_all
2026-09-12 09:44:35,2026-09-11,7157.KL,0.285,0.33,0.28,44.8446,31.734,52.8,50.0,25.624,74.892,2/5/8,bursa_all
2026-09-12 09:44:35,2026-09-11,7160.KL,5.28,5.44,5.0,68.0241,62.9481,53.6242,87.5,12.618,22.4224,2/5/8,bursa_all
2026-09-12 09:44:35,2026-09-11,7161.KL,3.57,3.6,3.11,85.2864,99.1371,56.7221,100.0,78.7513,80.0455,2/5/8,bursa_all
2026-09-12 09:44:35,2026-09-11,7162.KL,0.5,0.51,0.49,75.771,72.7148,67.0981,87.5,69.5514,15.915,2/5/8,bursa_all
2026-09-12 09:44:35,2026-09-11,7163.KL,3.99,4.06,3.85,81.4754,98.889,58.0372,87.5,65.2568,62.4822,2/5/8,bursa_all
2026-09-12 09:44:35,2026-09-11,7165.KL,0.07,0.075,0.065,46.9464,80.3522,47.9869,12.5,46.9464,77.6702,2/5/8,bursa_all
2026-09-12 09:44:35,2026-09-11,7167.KL,1.65,1.66,1.63,72.1662,92.2404,61.7581,62.5,81.7986,22.7662,2/5/8,bursa_all
2026-09-12 09:44:35,2026-09-11,7168.KL,0.075,0.085,0.065,25.2044,2.706,22.9072,50.0,10.5727,22.774,2/5/8,bursa_all
2026-09-12 09:44:35,2026-09-11,7169.KL,0.745,0.745,0.705,78.9306,89.5394,72.2523,75.0,71.3596,80.2193,2/5/8,bursa_all
2026-09-12 09:44:35,2026-09-11,7170.KL,0.135,0.14,0.13,38.5904,34.1642,44.1071,37.5,59.9644,26.523,2/5/8,bursa_all
2026-09-12 09:44:35,2026-09-11,7172.KL,1.78,1.79,1.75,62.6791,74.551,50.9863,62.5,56.5815,79.2346,2/5/8,bursa_all
2026-09-12 09:44:35,2026-09-11,7173.KL,0.195,0.2,0.185,23.6033,5.404,27.9059,37.5,18.1595,24.2618,2/5/8,bursa_all
2026-09-12 09:44:35,2026-09-11,7174.KL,0.545,0.57,0.52,84.8571,92.541,62.0302,100.0,56.7427,28.5268,2/5/8,bursa_all
2026-09-12 09:44:35,2026-09-11,7176.KL,0.27,0.27,0.265,72.51,76.0001,66.5299,75.0,76.0468,14.2477,2/5/8,bursa_all
2026-09-12 09:44:35,2026-09-11,7178.KL,1.99,2.01,1.98,16.1289,6.7832,29.1035,12.5,19.55,28.2331,2/5/8,bursa_all
2026-09-12 09:44:35,2026-09-11,7179.KL,1.6,1.64,1.55,51.3847,99.5426,42.1114,12.5,80.7458,74.1257,2/5/8,bursa_all
2026-09-12 09:44:35,2026-09-11,7180.KL,0.815,0.85,0.775,78.9207,73.5211,63.2409,100.0,21.3696,23.5965,2/5/8,bursa_all
2026-09-12 09:44:35,2026-09-11,7181.KL,0.025,0.03,0.02,29.7502,12.8437,51.4071,25.0,16.8135,44.0862,2/5/8,bursa_all
2026-09-12 09:44:35,2026-09-11,7184.KL,0.015,0.015,0.01,54.8781,78.0749,49.0593,37.5,71.0144,39.7715,2/5/8,bursa_all
2026-09-12 09:44:35,2026-09-11,7186.KL,0.125,0.13,0.1,80.9689,84.5558,58.3511,100.0,30.8862,19.5627,2/5/8,bursa_all
2026-09-12 09:44:35,2026-09-11,7187.KL,1.0,1.0,0.975,31.0853,0.4253,55.3306,37.5,35.252,35.252,2/5/8,bursa_all
2026-09-12 09:44:35,2026-09-11,7188.KL,0.025,0.03,0.025,15.6987,1.5442,33.0518,12.5,37.1016,41.2682,2/5/8,bursa_all
2026-09-12 09:44:35,2026-09-11,7191.KL,0.15,0.165,0.13,84.5696,93.9673,59.7416,100.0,37.6754,34.2924,2/5/8,bursa_all
2026-09-12 09:44:35,2026-09-11,7192.KL,0.545,0.555,0.505,70.2663,91.7784,69.0204,50.0,76.0191,79.4364,2/5/8,bursa_all
2026-09-12 09:44:35,2026-09-11,7195.KL,2.48,2.48,2.35,81.0221,99.6924,80.8739,62.5,83.9559,65.8291,2/5/8,bursa_all
2026-09-12 09:44:35,2026-09-11,7197.KL,1.28,1.32,1.26,66.036,34.199,63.9091,100.0,18.8379,21.1552,2/5/8,bursa_all
2026-09-12 09:44:35,2026-09-11,7198.KL,0.52,0.52,0.51,40.0137,15.9181,54.1229,50.0,30.4982,31.367,2/5/8,bursa_all
2026-09-12 09:44:35,2026-09-11,7199.KL,1.02,1.03,0.99,37.0723,42.2664,43.9504,25.0,74.9976,23.6671,2/5/8,bursa_all
2026-09-12 09:44:35,2026-09-11,7200.KL,0.24,0.25,0.235,37.3902,52.2873,47.3833,12.5,29.933,84.2677,2/5/8,bursa_all
2026-09-12 09:44:35,2026-09-11,7201.KL,0.06,0.065,0.055,30.9361,14.8056,53.0028,25.0,30.9361,35.1028,2/5/8,bursa_all
2026-09-12 09:44:35,2026-09-11,7202.KL,0.42,0.43,0.415,51.678,67.277,50.2571,37.5,51.678,66.973,2/5/8,bursa_all
2026-09-12 09:44:35,2026-09-11,7203.KL,0.395,0.395,0.35,75.4246,78.7162,60.0577,87.5,29.1188,44.0991,2/5/8,bursa_all
2026-09-12 09:44:35,2026-09-11,7204.KL,0.47,0.475,0.39,87.7589,98.0709,65.2059,100.0,67.2675,71.6919,2/5/8,bursa_all
2026-09-12 09:44:35,2026-09-11,7207.KL,0.625,0.64,0.605,44.9728,68.5944,41.3241,25.0,79.8885,79.0636,2/5/8,bursa_all
2026-09-12 09:44:35,2026-09-11,7208.KL,0.065,0.065,0.06,71.6924,79.3044,60.7727,75.0,32.5837,20.1914,2/5/8,bursa_all
2026-09-12 09:44:35,2026-09-11,7209.KL,0.11,0.12,0.1,44.8965,21.2114,50.9781,62.5,21.9663,73.3333,2/5/8,bursa_all
2026-09-12 09:44:35,2026-09-11,7210.KL,0.58,0.59,0.58,43.2429,55.8294,36.3994,37.5,40.8946,83.1192,2/5/8,bursa_all
2026-09-12 09:44:35,2026-09-11,7211.KL,0.68,0.7,0.68,40.3266,48.3563,35.1234,37.5,34.2413,86.7844,2/5/8,bursa_all
2026-09-12 09:44:35,2026-09-11,7212.KL,0.245,0.255,0.235,22.5985,9.088,33.7075,25.0,26.2145,21.7958,2/5/8,bursa_all
2026-09-12 09:44:35,2026-09-11,7214.KL,0.38,0.38,0.375,75.1537,76.6801,61.2809,87.5,35.5076,23.7535,2/5/8,bursa_all
2026-09-12 09:44:35,2026-09-11,7215.KL,0.275,0.31,0.185,42.3171,93.0061,33.9454,0.0,92.1694,95.0476,2/5/8,bursa_all
2026-09-12 09:44:35,2026-09-11,7216.KL,0.71,0.72,0.705,46.0248,2.326,60.7485,75.0,19.8424,22.421,2/5/8,bursa_all
2026-09-12 09:44:35,2026-09-11,7217.KL,0.445,0.445,0.44,67.6068,98.3033,54.5173,50.0,50.6871,66.1651,2/5/8,bursa_all
2026-09-12 09:44:35,2026-09-11,7218.KL,0.435,0.435,0.39,72.8826,78.1402,65.5074,75.0,68.7411,35.2209,2/5/8,bursa_all
2026-09-12 09:44:35,2026-09-11,7219.KL,0.035,0.04,0.035,17.8871,20.0309,33.6305,0.0,52.9024,85.3842,2/5/8,bursa_all
2026-09-12 09:44:35,2026-09-11,7221.KL,0.02,0.02,0.015,47.0024,66.6708,49.3364,25.0,51.1691,66.6985,2/5/8,bursa_all
2026-09-12 09:44:35,2026-09-11,7222.KL,0.73,0.74,0.7,30.9113,35.8643,44.3696,12.5,74.7926,59.2007,2/5/8,bursa_all
2026-09-12 09:44:35,2026-09-11,7223.KL,0.03,0.035,0.025,23.677,30.5124,40.5187,0.0,80.6321,26.329,2/5/8,bursa_all
2026-09-12 09:44:35,2026-09-11,7225.KL,0.215,0.235,0.205,24.9812,32.9816,41.9619,0.0,67.6147,67.9111,2/5/8,bursa_all
2026-09-12 09:44:35,2026-09-11,7226.KL,0.37,0.4,0.37,27.211,26.9075,42.2254,12.5,68.4379,23.2694,2/5/8,bursa_all
2026-09-12 09:44:35,2026-09-11,7227.KL,0.9,0.9,0.9,43.7258,81.4967,49.6807,0.0,43.7258,47.8925,2/5/8,bursa_all
2026-09-12 09:44:35,2026-09-11,7228.KL,0.255,0.265,0.25,11.6834,2.7992,32.2509,0.0,47.4068,47.4068,2/5/8,bursa_all
2026-09-12 09:44:35,2026-09-11,7229.KL,1.59,1.59,1.55,74.4285,64.9604,58.325,100.0,11.6062,25.1624,2/5/8,bursa_all
2026-09-12 09:44:35,2026-09-11,7230.KL,1.79,1.8,1.75,51.2538,35.2388,56.0227,62.5,17.1683,51.546,2/5/8,bursa_all
2026-09-12 09:44:35,2026-09-11,7231.KL,1.14,1.15,1.1,74.9805,75.9107,61.5307,87.5,63.4185,22.1133,2/5/8,bursa_all
2026-09-12 09:44:35,2026-09-11,7232.KL,0.45,0.45,0.425,67.4999,69.318,58.1818,75.0,32.0078,75.1612,2/5/8,bursa_all
2026-09-12 09:44:35,2026-09-11,7233.KL,2.67,2.87,2.67,34.5598,36.4326,42.2467,25.0,58.7182,54.1929,2/5/8,bursa_all
2026-09-12 09:44:35,2026-09-11,7234.KL,0.285,0.285,0.24,53.7112,59.4323,51.7012,50.0,72.521,16.1783,2/5/8,bursa_all
2026-09-12 09:44:35,2026-09-11,7235.KL,0.835,0.855,0.8,29.1289,51.8083,35.5782,0.0,72.436,74.7765,2/5/8,bursa_all
2026-09-12 09:44:35,2026-09-11,7237.KL,1.13,1.14,1.12,47.279,37.0892,54.7479,50.0,29.225,44.2721,2/5/8,bursa_all
2026-09-12 09:44:35,2026-09-11,7239.KL,0.455,0.47,0.435,68.6937,96.2914,72.2895,37.5,79.3655,67.3812,2/5/8,bursa_all
2026-09-12 09:44:35,2026-09-11,7240.KL,0.15,0.15,0.135,52.964,98.3447,48.0474,12.5,57.1307,75.7181,2/5/8,bursa_all
2026-09-12 09:44:35,2026-09-11,7241.KL,0.69,0.705,0.675,44.0358,14.1186,55.4889,62.5,57.3788,31.0662,2/5/8,bursa_all
2026-09-12 09:44:35,2026-09-11,7243.KL,0.29,0.295,0.29,49.1499,99.2996,48.15,0.0,79.232,53.4596,2/5/8,bursa_all
2026-09-12 09:44:35,2026-09-11,7245.KL,1.06,1.21,1.04,72.3051,99.5983,79.817,37.5,79.4798,90.6239,2/5/8,bursa_all
2026-09-12 09:44:35,2026-09-11,7246.KL,1.33,1.39,1.29,23.6888,15.2762,43.2902,12.5,44.6078,25.3347,2/5/8,bursa_all
2026-09-12 09:44:35,2026-09-11,7247.KL,0.315,0.33,0.295,44.8129,45.1579,39.2808,50.0,42.9179,76.7392,2/5/8,bursa_all
2026-09-12 09:44:35,2026-09-11,7248.KL,0.87,0.87,0.775,56.018,95.4011,47.6529,25.0,60.1847,78.4237,2/5/8,bursa_all
2026-09-12 09:44:35,2026-09-11,7249.KL,0.92,0.985,0.89,71.5343,96.3947,68.2081,50.0,86.5009,76.1172,2/5/8,bursa_all
2026-09-12 09:44:35,2026-09-11,7250.KL,0.39,0.4,0.38,78.2774,84.2443,63.0881,87.5,36.0612,36.0612,2/5/8,bursa_all
2026-09-12 09:44:35,2026-09-11,7252.KL,0.82,0.825,0.8001,56.1714,44.8456,61.1686,62.5,22.11,24.4085,2/5/8,bursa_all
2026-09-12 09:44:35,2026-09-11,7253.KL,0.01,0.01,0.01,18.4752,1.1123,54.3134,0.0,18.4752,18.4752,2/5/8,bursa_all
2026-09-12 09:44:35,2026-09-11,7277.KL,1.95,2.03,1.91,32.0487,36.8354,46.8106,12.5,64.115,39.6628,2/5/8,bursa_all
2026-09-12 09:44:35,2026-09-11,7285.KL,0.125,0.13,0.11,17.5197,5.3528,47.2061,0.0,44.3741,26.9089,2/5/8,bursa_all
2026-09-12 09:44:35,2026-09-11,7293.KL,1.95,2.08,1.92,21.1315,24.1041,39.2904,0.0,35.6924,82.1085,2/5/8,bursa_all
2026-09-12 09:44:35,2026-09-11,7315.KL,0.055,0.06,0.04,76.6772,91.3846,63.647,75.0,64.0265,38.8245,2/5/8,bursa_all
2026-09-12 09:44:35,2026-09-11,7323.KL,0.455,0.475,0.455,24.6331,21.3422,40.0571,12.5,49.0812,80.1406,2/5/8,bursa_all
2026-09-12 09:44:35,2026-09-11,7374.KL,0.715,0.75,0.715,42.3917,10.9479,53.7274,62.5,31.6782,45.8171,2/5/8,bursa_all
2026-09-12 09:44:35,2026-09-11,7382.KL,0.28,0.28,0.26,36.361,33.4029,50.68,25.0,40.5277,24.7609,2/5/8,bursa_all
2026-09-12 09:44:35,2026-09-11,7412.KL,1.18,1.18,1.18,56.6264,68.7103,51.1689,50.0,71.2327,24.4947,2/5/8,bursa_all
2026-09-12 09:44:35,2026-09-11,7439.KL,1.9,1.9,1.81,74.9591,92.9066,69.4708,62.5,75.9287,74.4909,2/5/8,bursa_all
2026-09-12 09:44:35,2026-09-11,7471.KL,0.16,0.165,0.16,41.5206,51.7061,47.8558,25.0,69.4174,16.766,2/5/8,bursa_all
2026-09-12 09:44:35,2026-09-11,7498.KL,0.99,1.0,0.93,78.7157,76.6257,59.5216,100.0,14.8668,42.4434,2/5/8,bursa_all
2026-09-12 09:44:35,2026-09-11,7501.KL,0.475,0.5,0.475,12.012,0.5307,23.0054,12.5,26.2121,15.4026,2/5/8,bursa_all
2026-09-12 09:44:35,2026-09-11,7528.KL,1.41,1.41,1.41,36.4667,17.9596,53.9405,37.5,56.063,16.3301,2/5/8,bursa_all
2026-09-12 09:44:35,2026-09-11,7544.KL,0.935,0.96,0.935,19.4774,0.7661,45.1659,12.5,35.4204,25.2143,2/5/8,bursa_all
2026-09-12 09:44:35,2026-09-11,7579.KL,0.555,0.56,0.475,84.0799,95.9562,56.2836,100.0,49.4564,82.9912,2/5/8,bursa_all
2026-09-12 09:44:35,2026-09-11,7595.KL,0.415,0.425,0.405,26.7882,19.8429,35.5216,25.0,33.8674,43.3278,2/5/8,bursa_all
2026-09-12 09:44:35,2026-09-11,7609.KL,0.975,0.99,0.965,43.4612,35.9395,44.444,50.0,59.1812,22.8333,2/5/8,bursa_all
2026-09-12 09:44:35,2026-09-11,7617.KL,0.86,0.86,0.8,71.9735,77.348,51.0726,87.5,27.1412,76.0003,2/5/8,bursa_all
2026-09-12 09:44:35,2026-09-11,7668.KL,0.545,0.545,0.525,65.7329,84.0097,63.1891,50.0,63.6871,48.2943,2/5/8,bursa_all
2026-09-12 09:44:35,2026-09-11,7676.KL,0.14,0.14,0.12,36.3136,18.2632,53.1775,37.5,40.4803,29.5632,2/5/8,bursa_all
2026-09-12 09:44:35,2026-09-11,7692.KL,0.25,0.25,0.25,44.8294,32.6172,51.871,50.0,34.284,60.1063,2/5/8,bursa_all
2026-09-12 09:44:35,2026-09-11,7722.KL,0.4,0.4,0.4,38.4948,24.5969,53.3876,37.5,22.7751,81.4557,2/5/8,bursa_all
2026-09-12 09:44:35,2026-09-11,7757.KL,0.66,0.66,0.655,50.6511,67.1487,47.3045,37.5,69.1483,72.923,2/5/8,bursa_all
2026-09-12 09:44:35,2026-09-11,7765.KL,0.77,0.785,0.74,64.718,61.0969,58.0572,75.0,26.885,33.6407,2/5/8,bursa_all
2026-09-12 09:44:35,2026-09-11,7773.KL,0.5,0.52,0.495,52.172,74.814,44.2019,37.5,86.3418,81.1968,2/5/8,bursa_all
2026-09-12 09:44:35,2026-09-11,7803.KL,0.07,0.08,0.055,82.4467,89.1269,58.2132,100.0,34.0567,30.8844,2/5/8,bursa_all
2026-09-12 09:44:35,2026-09-11,7811.KL,0.8,0.85,0.8,47.5803,26.6913,53.5495,62.5,29.8946,41.5303,2/5/8,bursa_all
2026-09-12 09:44:35,2026-09-11,7854.KL,2.14,2.19,2.11,67.4205,97.6925,67.069,37.5,86.3505,78.4065,2/5/8,bursa_all
2026-09-12 09:44:35,2026-09-11,7889.KL,0.06,0.065,0.06,41.6516,7.1385,55.3163,62.5,17.1021,24.9319,2/5/8,bursa_all
2026-09-12 09:44:35,2026-09-11,7935.KL,0.68,0.68,0.645,59.1284,64.602,50.2831,62.5,69.5557,29.5057,2/5/8,bursa_all
2026-09-12 09:44:35,2026-09-11,7943.KL,0.19,0.19,0.19,22.048,0.8745,52.7694,12.5,22.048,22.048,2/5/8,bursa_all
2026-09-12 09:44:35,2026-09-11,7986.KL,0.075,0.075,0.065,98.6781,99.9998,96.0343,100.0,19.3134,19.3134,2/5/8,bursa_all
2026-09-12 09:44:35,2026-09-11,8044.KL,0.07,0.08,0.07,32.5264,21.9501,50.6291,25.0,20.4626,44.0694,2/5/8,bursa_all
2026-09-12 09:44:35,2026-09-11,8052.KL,0.865,0.875,0.86,14.2406,1.1957,41.526,0.0,32.9835,37.1502,2/5/8,bursa_all
2026-09-12 09:44:35,2026-09-11,8079.KL,0.275,0.275,0.26,33.6745,41.8599,46.6635,12.5,77.7184,17.4301,2/5/8,bursa_all
2026-09-12 09:44:35,2026-09-11,8117.KL,1.79,1.79,1.76,66.0577,56.4193,54.2539,87.5,22.7827,70.41,2/5/8,bursa_all
2026-09-12 09:44:35,2026-09-11,8141.KL,0.19,0.19,0.18,52.0475,95.0339,48.6088,12.5,81.655,51.8843,2/5/8,bursa_all
2026-09-12 09:44:35,2026-09-11,8176.KL,0.14,0.15,0.135,42.4281,39.3961,50.3881,37.5,53.0887,20.1282,2/5/8,bursa_all
2026-09-12 09:44:35,2026-09-11,8192.KL,0.625,0.705,0.625,26.0201,36.2213,41.8391,0.0,87.578,65.9277,2/5/8,bursa_all
2026-09-12 09:44:35,2026-09-11,8206.KL,1.89,1.98,1.87,12.863,4.273,34.316,0.0,25.6894,26.5567,2/5/8,bursa_all
2026-09-12 09:44:35,2026-09-11,8273.KL,0.7,0.72,0.69,54.04,58.0747,54.0452,50.0,35.9521,45.3139,2/5/8,bursa_all
2026-09-12 09:44:35,2026-09-11,8303.KL,0.095,0.095,0.085,82.3742,96.4237,63.1991,87.5,45.859,45.859,2/5/8,bursa_all
2026-09-12 09:44:35,2026-09-11,8311.KL,0.485,0.5,0.47,46.3301,78.2762,35.7143,25.0,34.699,28.7454,2/5/8,bursa_all
2026-09-12 09:44:35,2026-09-11,8338.KL,0.08,0.08,0.065,56.3832,68.1676,50.9821,50.0,67.2635,26.9018,2/5/8,bursa_all
2026-09-12 09:44:35,2026-09-11,8346.KL,0.79,0.805,0.78,54.0336,93.3848,43.7161,25.0,85.1641,41.2825,2/5/8,bursa_all
2026-09-12 09:44:35,2026-09-11,8362.KL,0.28,0.3,0.24,79.0366,89.8499,59.7598,87.5,52.6498,35.9344,2/5/8,bursa_all
2026-09-12 09:44:35,2026-09-11,8397.KL,0.795,0.795,0.75,69.9805,66.1061,56.3354,87.5,24.5736,31.0154,2/5/8,bursa_all
2026-09-12 09:44:35,2026-09-11,8419.KL,0.445,0.475,0.435,20.4532,19.9137,41.4458,0.0,71.7115,76.8172,2/5/8,bursa_all
2026-09-12 09:44:35,2026-09-11,8435.KL,4.0,4.0,3.88,68.9898,88.7091,55.7602,62.5,53.4703,80.7358,2/5/8,bursa_all
2026-09-12 09:44:35,2026-09-11,8443.KL,0.65,0.65,0.645,26.3518,34.9155,44.1399,0.0,76.5116,27.1969,2/5/8,bursa_all
2026-09-12 09:44:35,2026-09-11,8478.KL,0.385,0.385,0.385,56.5625,69.4776,50.2099,50.0,75.3163,23.1791,2/5/8,bursa_all
2026-09-12 09:44:35,2026-09-11,8486.KL,0.28,0.29,0.27,39.982,31.9064,50.5398,37.5,39.982,33.0877,2/5/8,bursa_all
2026-09-12 09:44:35,2026-09-11,8494.KL,0.355,0.38,0.355,15.7025,2.4567,44.6508,0.0,45.0446,49.2112,2/5/8,bursa_all
2026-09-12 09:44:35,2026-09-11,8524.KL,0.25,0.2675,0.245,33.588,0.1013,50.6626,50.0,45.1139,45.1139,2/5/8,bursa_all
2026-09-12 09:44:35,2026-09-11,8532.KL,0.095,0.095,0.095,33.4427,52.199,48.129,0.0,33.4427,33.4427,2/5/8,bursa_all
2026-09-12 09:44:35,2026-09-11,8567.KL,0.21,0.215,0.205,32.1733,16.0625,42.9574,37.5,44.74,30.2315,2/5/8,bursa_all
2026-09-12 09:44:35,2026-09-11,8583.KL,1.05,1.13,1.04,16.588,13.1396,36.6245,0.0,24.8386,57.0615,2/5/8,bursa_all
2026-09-12 09:44:35,2026-09-11,8591.KL,0.44,0.445,0.425,79.4888,88.3296,62.6367,87.5,41.0202,25.2032,2/5/8,bursa_all
2026-09-12 09:44:35,2026-09-11,8605.KL,0.265,0.27,0.225,16.1358,3.1061,20.3014,25.0,17.913,15.7046,2/5/8,bursa_all
2026-09-12 09:44:35,2026-09-11,8613.KL,0.985,0.985,0.845,80.7409,98.2594,43.9634,100.0,18.3529,42.477,2/5/8,bursa_all
2026-09-12 09:44:35,2026-09-11,8621.KL,13.12,13.32,13.12,22.8138,1.4307,29.5107,37.5,16.2321,14.3387,2/5/8,bursa_all
2026-09-12 09:44:35,2026-09-11,8648.KL,0.215,0.22,0.215,32.9187,42.5778,43.6782,12.5,70.4891,21.7935,2/5/8,bursa_all
2026-09-12 09:44:35,2026-09-11,8664.KL,0.8,0.83,0.8,41.292,7.6375,53.7385,62.5,35.2929,46.1214,2/5/8,bursa_all
2026-09-12 09:44:35,2026-09-11,8672.KL,0.145,0.145,0.145,49.2183,46.2094,51.4454,50.0,68.2381,23.1661,2/5/8,bursa_all
2026-09-12 09:44:35,2026-09-11,8702.KL,1.0,1.03,0.995,23.8153,18.0044,40.9415,12.5,23.674,73.1034,2/5/8,bursa_all
2026-09-12 09:44:35,2026-09-11,8745.KL,0.06,0.065,0.06,21.408,16.3439,35.3803,12.5,22.7735,67.9486,2/5/8,bursa_all
2026-09-12 09:44:35,2026-09-11,8869.KL,7.76,8.0444,7.71,24.5718,19.5856,41.6296,12.5,64.586,70.8895,2/5/8,bursa_all
2026-09-12 09:44:35,2026-09-11,8877.KL,0.18,0.185,0.175,37.8816,9.6451,53.9998,50.0,37.8816,20.4984,2/5/8,bursa_all
2026-09-12 09:44:35,2026-09-11,8885.KL,0.04,0.04,0.035,54.0868,59.7028,52.5575,50.0,69.39,19.8353,2/5/8,bursa_all
2026-09-12 09:44:35,2026-09-11,8893.KL,0.14,0.15,0.14,34.01,34.1437,42.8864,25.0,73.9071,50.6988,2/5/8,bursa_all
2026-09-12 09:44:35,2026-09-11,8907.KL,1.71,1.83,1.69,27.0189,23.8364,44.7202,12.5,30.0032,81.3329,2/5/8,bursa_all
2026-09-12 09:44:35,2026-09-11,8923.KL,0.05,0.055,0.045,62.8704,55.9001,57.7112,75.0,17.277,22.6901,2/5/8,bursa_all
2026-09-12 09:44:35,2026-09-11,8966.KL,0.055,0.055,0.05,33.3536,10.9031,51.6578,37.5,16.9275,46.4173,2/5/8,bursa_all
2026-09-12 09:44:35,2026-09-11,8982.KL,0.805,0.82,0.79,66.8657,54.3181,58.7789,87.5,37.0563,19.4122,2/5/8,bursa_all
2026-09-12 09:44:35,2026-09-11,9008.KL,0.08,0.085,0.075,19.1722,23.5613,33.9552,0.0,28.4011,71.5934,2/5/8,bursa_all
2026-09-12 09:44:35,2026-09-11,9016.KL,0.45,0.45,0.44,31.2051,34.4938,46.6214,12.5,31.2051,31.2051,2/5/8,bursa_all
2026-09-12 09:44:35,2026-09-11,9059.KL,1.5,1.56,1.47,51.4334,99.0704,42.7298,12.5,83.7021,64.0863,2/5/8,bursa_all
2026-09-12 09:44:35,2026-09-11,9075.KL,0.67,0.74,0.62,65.7561,51.0565,58.7117,87.5,21.4416,32.7471,2/5/8,bursa_all
2026-09-12 09:44:35,2026-09-11,9083.KL,0.065,0.07,0.065,17.5267,4.8219,47.7581,0.0,43.8113,18.5803,2/5/8,bursa_all
2026-09-12 09:44:35,2026-09-11,9091.KL,0.125,0.14,0.125,23.1672,14.2172,42.7844,12.5,50.8686,66.347,2/5/8,bursa_all
2026-09-12 09:44:35,2026-09-11,9113.KL,0.075,0.08,0.07,81.9226,99.7294,71.0384,75.0,78.6315,52.3924,2/5/8,bursa_all
2026-09-12 09:44:35,2026-09-11,9121.KL,0.65,0.65,0.6,80.8323,86.1944,56.3025,100.0,35.196,24.5623,2/5/8,bursa_all
2026-09-12 09:44:35,2026-09-11,9148.KL,0.57,0.575,0.55,79.1331,72.3069,65.0924,100.0,26.3739,12.619,2/5/8,bursa_all
2026-09-12 09:44:35,2026-09-11,9172.KL,1.14,1.16,1.09,47.305,57.1148,47.3002,37.5,29.2055,46.0398,2/5/8,bursa_all
2026-09-12 09:44:35,2026-09-11,9199.KL,2.38,2.5,2.34,34.4242,36.6629,41.6098,25.0,54.5375,70.9267,2/5/8,bursa_all
2026-09-12 09:44:35,2026-09-11,9237.KL,0.12,0.125,0.115,63.3011,55.8862,59.0169,75.0,27.1741,25.5893,2/5/8,bursa_all
2026-09-12 09:44:35,2026-09-11,9261.KL,0.145,0.15,0.14,10.6868,3.2873,28.773,0.0,17.699,21.9518,2/5/8,bursa_all
2026-09-12 09:44:35,2026-09-11,9288.KL,0.845,0.855,0.845,45.5893,50.5548,48.713,37.5,68.6053,18.7418,2/5/8,bursa_all
2026-09-12 09:44:35,2026-09-11,9296.KL,0.98,1.01,0.97,9.5194,0.1773,28.3808,0.0,11.8111,14.8818,2/5/8,bursa_all
2026-09-12 09:44:35,2026-09-11,9318.KL,0.02,0.025,0.02,16.9526,12.0495,38.8084,0.0,51.2747,51.2747,2/5/8,bursa_all
2026-09-12 09:44:35,2026-09-11,9326.KL,0.485,0.485,0.465,83.6227,93.5109,57.3572,100.0,33.8001,26.8173,2/5/8,bursa_all
2026-09-12 09:44:35,2026-09-11,9334.KL,3.96,4.07,3.9,41.3102,18.3159,55.6149,50.0,17.2905,31.2598,2/5/8,bursa_all
2026-09-12 09:44:35,2026-09-11,9369.KL,0.835,0.85,0.835,68.8602,65.6023,65.9783,75.0,68.2757,19.1163,2/5/8,bursa_all
2026-09-12 09:44:35,2026-09-11,9377.KL,0.175,0.175,0.165,36.8493,19.5133,53.5345,37.5,36.8493,41.0159,2/5/8,bursa_all
2026-09-12 09:44:35,2026-09-11,9385.KL,0.245,0.255,0.245,40.7531,47.7501,49.5093,25.0,40.7531,38.2457,2/5/8,bursa_all
2026-09-12 09:44:35,2026-09-11,9393.KL,0.03,0.035,0.025,18.723,21.0775,35.0916,0.0,52.8847,79.5006,2/5/8,bursa_all
2026-09-12 09:44:35,2026-09-11,9407.KL,1.5,1.58,1.4,63.0456,41.2504,60.3864,87.5,18.7817,21.1759,2/5/8,bursa_all
2026-09-12 09:44:35,2026-09-11,9423.KL,0.14,0.16,0.135,27.5269,37.4453,45.1355,0.0,85.4328,37.3958,2/5/8,bursa_all
2026-09-12 09:44:35,2026-09-11,9431.KL,0.485,0.5,0.475,63.6752,44.9424,58.5832,87.5,25.6581,76.0837,2/5/8,bursa_all
2026-09-12 09:44:35,2026-09-11,9466.KL,1.05,1.06,1.04,31.4476,15.3808,41.4619,37.5,55.6871,74.8178,2/5/8,bursa_all
2026-09-12 09:44:35,2026-09-11,9539.KL,0.355,0.355,0.335,54.4671,44.3408,56.5603,62.5,24.8676,76.758,2/5/8,bursa_all
2026-09-12 09:44:35,2026-09-11,9571.KL,0.5,0.555,0.5,15.6951,2.1706,32.4148,12.5,13.6118,41.7365,2/5/8,bursa_all
2026-09-12 09:44:35,2026-09-11,9598.KL,1.24,1.24,1.21,35.7248,55.0822,39.5923,12.5,81.856,55.5148,2/5/8,bursa_all
2026-09-12 09:44:35,2026-09-11,9601.KL,0.085,0.09,0.085,43.3606,27.1824,52.8994,50.0,31.9493,48.8851,2/5/8,bursa_all
2026-09-12 09:44:35,2026-09-11,9628.KL,0.86,0.86,0.86,41.9542,63.6335,49.7292,12.5,41.9542,41.9542,2/5/8,bursa_all
2026-09-12 09:44:35,2026-09-11,9679.KL,0.38,0.39,0.375,24.231,4.4316,30.7613,37.5,27.4174,23.1395,2/5/8,bursa_all
2026-09-12 09:44:35,2026-09-11,9687.KL,1.1833,1.2,1.1833,60.7877,44.041,63.322,75.0,51.2669,20.4944,2/5/8,bursa_all
2026-09-12 09:44:35,2026-09-11,9695.KL,0.215,0.215,0.19,82.4401,87.0133,60.307,100.0,59.3202,31.3844,2/5/8,bursa_all
2026-09-12 09:44:35,2026-09-11,9717.KL,0.165,0.165,0.16,22.4089,0.0248,54.7018,12.5,22.4089,22.4089,2/5/8,bursa_all
2026-09-12 09:44:35,2026-09-11,9741.KL,0.17,0.175,0.16,44.9435,1.0676,58.763,75.0,21.8266,46.2114,2/5/8,bursa_all
2026-09-12 09:44:35,2026-09-11,9792.KL,0.64,0.64,0.625,79.026,84.515,65.0631,87.5,65.2437,27.596,2/5/8,bursa_all
2026-09-12 09:44:35,2026-09-11,9814.KL,0.12,0.145,0.115,69.7193,44.5981,64.56,100.0,6.201,10.2311,2/5/8,bursa_all
2026-09-12 09:44:35,2026-09-11,9822.KL,4.32,4.73,4.21,55.0077,46.15,56.373,62.5,44.1861,74.5536,2/5/8,bursa_all
2026-09-12 09:44:35,2026-09-11,9873.KL,0.295,0.295,0.285,42.3309,51.2595,50.7332,25.0,34.4098,87.0838,2/5/8,bursa_all
2026-09-12 09:44:35,2026-09-11,9881.KL,0.37,0.4,0.37,20.1895,6.6897,41.3787,12.5,48.6876,48.6876,2/5/8,bursa_all
2026-09-12 09:44:35,2026-09-11,9938.KL,0.17,0.17,0.16,51.3268,53.6962,50.2843,50.0,61.8435,27.8058,2/5/8,bursa_all
2026-09-12 09:44:35,2026-09-11,9946.KL,0.135,0.135,0.125,75.7607,83.2058,56.5763,87.5,43.1611,58.0882,2/5/8,bursa_all
2026-09-12 09:44:35,2026-09-11,9954.KL,0.315,0.385,0.3,28.9785,46.6101,40.3254,0.0,85.4343,62.5551,2/5/8,bursa_all
2026-09-12 09:44:35,2026-09-11,9962.KL,0.265,0.265,0.25,65.1693,60.1419,60.3659,75.0,27.9936,23.5133,2/5/8,bursa_all
2026-09-12 09:44:35,2026-09-11,9997.KL,0.41,0.41,0.38,60.2809,44.8908,60.9519,75.0,42.9008,12.338,2/5/8,bursa_all
2026-09-19 05:40:56,2026-09-18,0001.KL,0.48,0.49,0.465,29.7298,20.1661,44.0233,25.0,50.3889,21.381,2/5/8,bursa_all
2026-09-19 05:40:56,2026-09-18,0002.KL,3.8,3.86,3.8,27.2379,39.8035,41.9101,0.0,81.0073,54.49,2/5/8,bursa_all
2026-09-19 05:40:56,2026-09-18,0008.KL,0.28,0.285,0.28,24.7075,12.0225,37.0999,25.0,25.0594,63.5357,2/5/8,bursa_all
2026-09-19 05:40:56,2026-09-18,0012.KL,0.75,0.76,0.745,50.7903,51.9819,50.3889,50.0,48.6313,64.6176,2/5/8,bursa_all
2026-09-19 05:40:56,2026-09-18,0029.KL,0.035,0.04,0.035,22.8686,28.6533,39.9526,0.0,72.948,10.3392,2/5/8,bursa_all
2026-09-19 05:40:56,2026-09-18,0032.KL,0.39,0.405,0.38,47.8186,75.8679,42.5879,25.0,82.504,42.8302,2/5/8,bursa_all
2026-09-19 05:40:56,2026-09-18,0037.KL,0.21,0.21,0.205,79.6154,92.0254,59.3209,87.5,48.7164,48.7164,2/5/8,bursa_all
2026-09-19 05:40:56,2026-09-18,0039.KL,0.195,0.2,0.18,61.252,64.2528,57.0031,62.5,28.8139,33.0516,2/5/8,bursa_all
2026-09-19 05:40:56,2026-09-18,0040.KL,0.305,0.31,0.3,24.7747,21.084,40.74,12.5,47.1937,58.1399,2/5/8,bursa_all
2026-09-19 05:40:56,2026-09-18,0043.KL,0.005,0.005,0.005,36.17,32.6606,50.8495,25.0,36.17,40.3367,2/5/8,bursa_all
2026-09-19 05:40:56,2026-09-18,0049.KL,0.125,0.125,0.12,72.1038,79.5613,61.7501,75.0,32.1508,19.626,2/5/8,bursa_all
2026-09-19 05:40:56,2026-09-18,0051.KL,0.065,0.07,0.045,76.9073,66.8513,63.8706,100.0,61.0104,11.2222,2/5/8,bursa_all
2026-09-19 05:40:56,2026-09-18,0054.KL,0.15,0.16,0.14,18.3395,22.6775,32.3409,0.0,40.6715,56.2988,2/5/8,bursa_all
2026-09-19 05:40:56,2026-09-18,0056.KL,0.575,0.575,0.555,73.2585,74.5404,57.735,87.5,39.3162,77.5304,2/5/8,bursa_all
2026-09-19 05:40:56,2026-09-18,0058.KL,1.81,1.81,1.8,50.1593,77.531,47.9469,25.0,77.6594,32.6323,2/5/8,bursa_all
2026-09-19 05:40:56,2026-09-18,0059.KL,0.035,0.035,0.03,66.796,66.8004,58.5877,75.0,24.3466,51.4234,2/5/8,bursa_all
2026-09-19 05:40:56,2026-09-18,0064.KL,0.09,0.09,0.085,36.6219,22.4766,49.8889,37.5,40.7885,40.7885,2/5/8,bursa_all
2026-09-19 05:40:56,2026-09-18,0065.KL,0.22,0.23,0.185,75.7667,86.1233,66.1769,75.0,75.82,73.8512,2/5/8,bursa_all
2026-09-19 05:40:56,2026-09-18,0078.KL,0.13,0.135,0.13,42.2086,39.8225,49.3033,37.5,30.6995,81.6066,2/5/8,bursa_all
2026-09-19 05:40:56,2026-09-18,0082.KL,0.015,0.015,0.015,33.3102,9.8638,52.567,37.5,17.2168,40.5334,2/5/8,bursa_all
2026-09-19 05:40:56,2026-09-18,0083.KL,0.645,0.715,0.63,33.8403,52.8301,36.1909,12.5,49.1259,82.0368,2/5/8,bursa_all
2026-09-19 05:40:56,2026-09-18,0090.KL,0.26,0.26,0.24,41.5339,36.2683,50.8334,37.5,35.229,49.8408,2/5/8,bursa_all
2026-09-19 05:40:56,2026-09-18,0091.KL,0.06,0.07,0.055,22.2122,9.5605,44.5762,12.5,44.3328,33.5796,2/5/8,bursa_all
2026-09-19 05:40:56,2026-09-18,0097.KL,9.8,9.8,9.0,74.5792,94.7577,53.9799,75.0,41.6913,44.2454,2/5/8,bursa_all
2026-09-19 05:40:56,2026-09-18,0099.KL,2.26,2.34,2.18,26.0239,40.4098,37.6619,0.0,63.9897,49.9679,2/5/8,bursa_all
2026-09-19 05:40:56,2026-09-18,0101.KL,0.445,0.445,0.425,70.9964,61.9274,63.5617,87.5,18.2695,20.4718,2/5/8,bursa_all
2026-09-19 05:40:56,2026-09-18,0104.KL,0.305,0.315,0.3,25.362,7.3604,31.2255,37.5,23.7082,27.9546,2/5/8,bursa_all
2026-09-19 05:40:56,2026-09-18,0113.KL,0.285,0.29,0.285,41.0196,23.8215,49.2374,50.0,41.0196,30.6376,2/5/8,bursa_all
2026-09-19 05:40:56,2026-09-18,0118.KL,0.015,0.015,0.015,22.6568,3.0975,52.3729,12.5,26.8235,26.8235,2/5/8,bursa_all
2026-09-19 05:40:56,2026-09-18,0126.KL,0.05,0.05,0.045,80.5582,78.7911,62.8835,100.0,26.467,17.5599,2/5/8,bursa_all
2026-09-19 05:40:56,2026-09-18,0127.KL,0.525,0.55,0.505,29.9277,57.0976,32.6855,0.0,88.895,83.2396,2/5/8,bursa_all
2026-09-19 05:40:56,2026-09-18,0128.KL,5.02,5.02,4.78,67.2284,66.249,60.4363,75.0,22.4554,11.6442,2/5/8,bursa_all
2026-09-19 05:40:56,2026-09-18,0136.KL,0.17,0.17,0.15,87.3061,92.3987,69.5195,100.0,74.7427,69.4203,2/5/8,bursa_all
2026-09-19 05:40:56,2026-09-18,0138.KL,0.2,0.27,0.185,13.8462,0.8515,28.1872,12.5,32.2522,17.2135,2/5/8,bursa_all
2026-09-19 05:40:56,2026-09-18,0143.KL,0.06,0.065,0.055,42.7694,38.7714,52.0369,37.5,36.0541,65.5702,2/5/8,bursa_all
2026-09-19 05:40:56,2026-09-18,0146.KL,0.66,0.665,0.61,50.0538,52.6071,60.0542,37.5,58.0687,13.2219,2/5/8,bursa_all
2026-09-19 05:40:56,2026-09-18,0149.KL,0.425,0.465,0.425,25.8999,32.3799,45.3199,0.0,73.3525,24.0749,2/5/8,bursa_all
2026-09-19 05:40:56,2026-09-18,0151.KL,8.75,8.84,8.1,55.1617,59.8853,55.5997,50.0,29.5866,31.2753,2/5/8,bursa_all
2026-09-19 05:40:56,2026-09-18,0157.KL,0.505,0.525,0.505,22.3187,25.7201,41.236,0.0,62.9752,60.3915,2/5/8,bursa_all
2026-09-19 05:40:56,2026-09-18,0159.KL,0.015,0.015,0.015,23.1487,16.8419,52.6041,0.0,23.1487,23.1487,2/5/8,bursa_all
2026-09-19 05:40:56,2026-09-18,0161.KL,0.25,0.265,0.25,20.5172,19.947,41.6046,0.0,85.7444,35.298,2/5/8,bursa_all
2026-09-19 05:40:56,2026-09-18,0163.KL,0.08,0.095,0.075,37.532,46.584,41.0121,25.0,79.4586,25.6373,2/5/8,bursa_all
2026-09-19 05:40:56,2026-09-18,0166.KL,2.64,2.64,2.51,41.7434,74.2685,38.4617,12.5,75.0795,58.4369,2/5/8,bursa_all
2026-09-19 05:40:56,2026-09-18,0168.KL,1.56,1.61,1.5,19.2746,5.2274,40.0965,12.5,28.3506,46.1133,2/5/8,bursa_all
2026-09-19 05:40:56,2026-09-18,0172.KL,0.445,0.46,0.42,74.3084,92.5124,55.4127,75.0,68.619,33.7114,2/5/8,bursa_all
2026-09-19 05:40:56,2026-09-18,0180.KL,0.14,0.155,0.14,35.6368,41.5296,40.3808,25.0,72.9851,66.0858,2/5/8,bursa_all
2026-09-19 05:40:56,2026-09-18,0183.KL,0.115,0.145,0.11,29.255,35.4043,39.8608,12.5,33.0082,84.1931,2/5/8,bursa_all
2026-09-19 05:40:56,2026-09-18,0185.KL,0.475,0.505,0.47,21.1948,5.8486,32.736,25.0,29.3984,29.8946,2/5/8,bursa_all
2026-09-19 05:40:56,2026-09-18,0186.KL,0.195,0.205,0.19,61.6846,49.6525,60.4012,75.0,27.2633,35.5129,2/5/8,bursa_all
2026-09-19 05:40:56,2026-09-18,0192.KL,0.375,0.38,0.37,66.3461,52.5242,59.014,87.5,37.692,34.636,2/5/8,bursa_all
2026-09-19 05:40:56,2026-09-18,0193.KL,0.405,0.405,0.39,67.3465,58.7622,55.7772,87.5,27.3698,12.9557,2/5/8,bursa_all
2026-09-19 05:40:56,2026-09-18,0196.KL,0.545,0.555,0.52,17.3357,4.4537,22.5532,25.0,19.646,18.4193,2/5/8,bursa_all
2026-09-19 05:40:56,2026-09-18,0197.KL,0.095,0.095,0.095,43.3543,69.0424,48.5205,12.5,47.5209,47.5209,2/5/8,bursa_all
2026-09-19 05:40:56,2026-09-18,0198.KL,0.425,0.43,0.415,45.0164,0.7158,59.3334,75.0,17.4155,27.7698,2/5/8,bursa_all
2026-09-19 05:40:56,2026-09-18,0200.KL,0.075,0.08,0.075,24.9727,34.694,40.2242,0.0,64.1862,24.9722,2/5/8,bursa_all
2026-09-19 05:40:56,2026-09-18,0201.KL,0.35,0.35,0.35,42.023,55.6315,45.4376,25.0,52.5631,34.4682,2/5/8,bursa_all
2026-09-19 05:40:56,2026-09-18,0207.KL,0.085,0.095,0.07,18.2958,14.6298,40.2577,0.0,78.0267,33.7526,2/5/8,bursa_all
2026-09-19 05:40:56,2026-09-18,0208.KL,2.55,2.62,2.46,40.5198,33.8282,50.2311,37.5,46.5602,31.0587,2/5/8,bursa_all
2026-09-19 05:40:56,2026-09-18,0212.KL,0.425,0.445,0.41,37.9049,58.1077,43.1071,12.5,81.0012,71.6772,2/5/8,bursa_all
2026-09-19 05:40:56,2026-09-18,0215.KL,3.33,3.38,3.18,48.7623,81.2538,40.033,25.0,86.0024,67.0106,2/5/8,bursa_all
2026-09-19 05:40:56,2026-09-18,0219.KL,0.31,0.32,0.305,51.2154,99.2224,41.9237,12.5,67.9838,74.0388,2/5/8,bursa_all
2026-09-19 05:40:56,2026-09-18,0222.KL,0.515,0.52,0.51,13.3088,1.7038,38.2224,0.0,39.1573,39.1573,2/5/8,bursa_all
2026-09-19 05:40:56,2026-09-18,0223.KL,1.95,1.98,1.8005,77.3952,98.3005,58.885,75.0,62.3307,76.5865,2/5/8,bursa_all
2026-09-19 05:40:56,2026-09-18,0225.KL,2.55,2.6573,2.4682,32.8339,45.0806,40.9212,12.5,66.8666,53.9753,2/5/8,bursa_all
2026-09-19 05:40:56,2026-09-18,0229.KL,0.1,0.1,0.095,82.7,98.71,61.8898,87.5,52.3861,56.5528,2/5/8,bursa_all
2026-09-19 05:40:56,2026-09-18,0230.KL,0.6,0.63,0.58,19.2461,0.0246,45.2137,12.5,17.4608,45.2855,2/5/8,bursa_all
2026-09-19 05:40:56,2026-09-18,0239.KL,0.85,0.87,0.85,33.0987,7.3085,54.4877,37.5,16.7141,41.4245,2/5/8,bursa_all
2026-09-19 05:40:56,2026-09-18,0242.KL,0.89,0.905,0.885,17.8585,10.8635,42.7121,0.0,54.7941,74.994,2/5/8,bursa_all
2026-09-19 05:40:56,2026-09-18,0245.KL,3.8,3.87,3.52,57.9673,88.1454,60.7567,25.0,58.4593,66.9015,2/5/8,bursa_all
2026-09-19 05:40:56,2026-09-18,0246.KL,0.945,0.975,0.87,48.7436,79.8563,41.3746,25.0,68.9563,64.1921,2/5/8,bursa_all
2026-09-19 05:40:56,2026-09-18,0249.KL,0.5,0.51,0.48,71.3827,76.9888,62.1594,75.0,63.8088,25.5474,2/5/8,bursa_all
2026-09-19 05:40:56,2026-09-18,0250.KL,0.21,0.215,0.21,39.6937,31.2643,50.3168,37.5,24.5852,62.2288,2/5/8,bursa_all
2026-09-19 05:40:56,2026-09-18,0253.KL,0.29,0.305,0.285,53.3511,40.149,57.4044,62.5,68.2318,22.5263,2/5/8,bursa_all
2026-09-19 05:40:56,2026-09-18,0256.KL,0.3,0.31,0.285,23.4134,23.2295,47.0108,0.0,69.0847,57.319,2/5/8,bursa_all
2026-09-19 05:40:56,2026-09-18,0257.KL,0.41,0.415,0.405,24.7408,3.6951,33.0272,37.5,27.7581,23.2906,2/5/8,bursa_all
2026-09-19 05:40:56,2026-09-18,0258.KL,0.255,0.28,0.255,21.2784,2.1181,49.2172,12.5,38.1688,17.8089,2/5/8,bursa_all
2026-09-19 05:40:56,2026-09-18,0259.KL,0.515,0.52,0.495,54.5891,46.197,55.0704,62.5,33.8034,27.0359,2/5/8,bursa_all
2026-09-19 05:40:56,2026-09-18,0268.KL,0.195,0.195,0.175,64.1131,93.2139,49.1253,50.0,83.0508,45.0527,2/5/8,bursa_all
2026-09-19 05:40:56,2026-09-18,0269.KL,0.235,0.24,0.235,43.741,12.2957,56.4272,62.5,19.6478,24.9213,2/5/8,bursa_all
2026-09-19 05:40:56,2026-09-18,0270.KL,1.78,1.8,1.63,57.3937,69.446,52.7352,50.0,36.0991,40.0265,2/5/8,bursa_all
2026-09-19 05:40:56,2026-09-18,0276.KL,0.45,0.465,0.45,16.0982,0.644,22.6505,25.0,17.5517,10.7603,2/5/8,bursa_all
2026-09-19 05:40:56,2026-09-18,0277.KL,0.45,0.48,0.45,17.1046,8.166,43.1477,0.0,46.4923,52.5768,2/5/8,bursa_all
2026-09-19 05:40:56,2026-09-18,0291.KL,2.27,2.33,2.18,48.5704,77.6566,43.0546,25.0,81.7065,47.3479,2/5/8,bursa_all
2026-09-19 05:40:56,2026-09-18,0296.KL,1.01,1.02,0.92,63.8101,96.9366,56.9936,37.5,73.4252,50.6748,2/5/8,bursa_all
2026-09-19 05:40:56,2026-09-18,1015.KL,6.7,6.76,6.61,54.7451,33.6503,55.585,75.0,18.0128,55.9961,2/5/8,bursa_all
2026-09-19 05:40:56,2026-09-18,1023.KL,7.63,7.83,7.5394,48.2837,30.9655,51.3857,62.5,16.8364,67.4778,2/5/8,bursa_all
2026-09-19 05:40:56,2026-09-18,1058.KL,2.56,2.6,2.55,38.1617,64.0311,37.9541,12.5,56.7695,83.8262,2/5/8,bursa_all
2026-09-19 05:40:56,2026-09-18,1066.KL,7.86,7.86,7.72,58.0379,29.7649,56.8488,87.5,14.8373,19.043,2/5/8,bursa_all
2026-09-19 05:40:56,2026-09-18,1082.KL,18.46,18.84,18.46,20.3397,11.1802,37.3389,12.5,30.0535,58.7524,2/5/8,bursa_all
2026-09-19 05:40:56,2026-09-18,1147.KL,0.085,0.09,0.08,19.3589,5.186,40.3906,12.5,39.3462,39.3462,2/5/8,bursa_all
2026-09-19 05:40:56,2026-09-18,1155.KL,10.32,10.48,10.32,33.9416,5.8598,33.4651,62.5,24.0708,31.0693,2/5/8,bursa_all
2026-09-19 05:40:56,2026-09-18,1163.KL,21.1,21.16,20.82,29.1197,8.6606,28.6984,50.0,13.9671,23.7557,2/5/8,bursa_all
2026-09-19 05:40:56,2026-09-18,1171.KL,0.525,0.57,0.525,4.956,0.0875,14.7804,0.0,10.2499,7.4422,2/5/8,bursa_all
2026-09-19 05:40:56,2026-09-18,1198.KL,0.14,0.14,0.125,56.9257,57.8947,50.3823,62.5,61.5121,58.5389,2/5/8,bursa_all
2026-09-19 05:40:56,2026-09-18,1287.KL,0.505,0.51,0.5,50.2045,99.3389,38.7747,12.5,54.3712,54.3712,2/5/8,bursa_all
2026-09-19 05:40:56,2026-09-18,1295.KL,4.77,4.86,4.76,37.8254,8.9753,42.0009,62.5,28.3413,54.0742,2/5/8,bursa_all
2026-09-19 05:40:56,2026-09-18,1481.KL,0.065,0.07,0.06,24.2555,29.7565,43.01,0.0,66.9968,22.2174,2/5/8,bursa_all
2026-09-19 05:40:56,2026-09-18,1538.KL,0.175,0.175,0.165,51.4835,38.5292,53.4212,62.5,40.9536,69.7878,2/5/8,bursa_all
2026-09-19 05:40:56,2026-09-18,1562.KL,1.28,1.32,1.28,17.3875,7.1727,44.9897,0.0,41.2105,19.0307,2/5/8,bursa_all
2026-09-19 05:40:56,2026-09-18,1589.KL,0.215,0.22,0.21,38.4491,12.7375,52.6099,50.0,38.4491,27.4216,2/5/8,bursa_all
2026-09-19 05:40:56,2026-09-18,1619.KL,0.955,0.99,0.94,30.7833,34.9909,44.859,12.5,79.8013,53.2352,2/5/8,bursa_all
2026-09-19 05:40:56,2026-09-18,1643.KL,0.07,0.07,0.065,28.1755,20.0721,51.9545,12.5,32.3422,32.3422,2/5/8,bursa_all
2026-09-19 05:40:56,2026-09-18,1651.KL,0.29,0.305,0.285,12.3374,3.4113,21.101,12.5,23.7294,26.9784,2/5/8,bursa_all
2026-09-19 05:40:56,2026-09-18,1694.KL,0.68,0.685,0.635,81.576,88.2768,56.4511,100.0,36.2018,25.354,2/5/8,bursa_all
2026-09-19 05:40:56,2026-09-18,1724.KL,1.0,1.01,0.99,38.7019,56.8602,46.7455,12.5,58.422,30.4894,2/5/8,bursa_all
2026-09-19 05:40:56,2026-09-18,1818.KL,8.33,8.4,8.03,20.2793,13.1542,35.1837,12.5,19.6923,77.8442,2/5/8,bursa_all
2026-09-19 05:40:56,2026-09-18,1899.KL,20.5,20.5,20.16,68.9956,71.2224,60.7643,75.0,50.6821,31.3163,2/5/8,bursa_all
2026-09-19 05:40:56,2026-09-18,1929.KL,10.2,10.3,10.2,12.9475,1.2319,25.1106,12.5,19.5389,26.5633,2/5/8,bursa_all
2026-09-19 05:40:56,2026-09-18,1961.KL,4.85,5.0,4.73,83.7524,98.3569,65.4003,87.5,80.8765,64.0852,2/5/8,bursa_all
2026-09-19 05:40:56,2026-09-18,1996.KL,0.65,0.655,0.65,16.122,7.3368,41.0291,0.0,46.2522,46.2522,2/5/8,bursa_all
2026-09-19 05:40:56,2026-09-18,2038.KL,5.38,5.38,5.31,74.2156,63.6016,59.0453,100.0,17.9982,17.7228,2/5/8,bursa_all
2026-09-19 05:40:56,2026-09-18,2054.KL,0.225,0.23,0.22,41.9131,38.4843,49.7551,37.5,27.0701,68.4301,2/5/8,bursa_all
2026-09-19 05:40:56,2026-09-18,2062.KL,1.3,1.33,1.28,34.0683,49.1356,40.5692,12.5,82.4444,66.4782,2/5/8,bursa_all
2026-09-19 05:40:56,2026-09-18,2089.KL,33.6,33.8,32.82,81.3722,90.6973,65.9194,87.5,81.7475,44.1989,2/5/8,bursa_all
2026-09-19 05:40:56,2026-09-18,2097.KL,0.13,0.135,0.13,19.884,17.3912,42.2607,0.0,44.8825,74.1,2/5/8,bursa_all
2026-09-19 05:40:56,2026-09-18,2127.KL,0.16,0.17,0.155,35.8966,53.5272,41.6627,12.5,81.3058,42.0963,2/5/8,bursa_all
2026-09-19 05:40:56,2026-09-18,2135.KL,0.795,0.8,0.76,74.4456,65.2535,58.0834,100.0,17.799,49.2848,2/5/8,bursa_all
2026-09-19 05:40:56,2026-09-18,2143.KL,0.215,0.23,0.205,70.756,68.248,56.52,87.5,33.8262,19.269,2/5/8,bursa_all
2026-09-19 05:40:56,2026-09-18,2224.KL,0.475,0.485,0.455,78.6551,88.4637,60.0015,87.5,35.3269,25.3457,2/5/8,bursa_all
2026-09-19 05:40:56,2026-09-18,2259.KL,0.07,0.08,0.07,8.9706,1.3591,25.5528,0.0,11.5657,15.712,2/5/8,bursa_all
2026-09-19 05:40:56,2026-09-18,2283.KL,0.06,0.06,0.055,37.8247,22.2568,53.7172,37.5,22.7339,31.0176,2/5/8,bursa_all
2026-09-19 05:40:56,2026-09-18,2291.KL,6.02,6.13,5.9,53.9681,98.5575,38.3468,25.0,77.4045,88.0924,2/5/8,bursa_all
2026-09-19 05:40:56,2026-09-18,2305.KL,7.4,7.4,7.25,77.0463,86.8493,56.7896,87.5,41.3103,34.8208,2/5/8,bursa_all
2026-09-19 05:40:56,2026-09-18,2429.KL,0.165,0.19,0.165,29.722,10.9607,40.7052,37.5,35.1267,55.9894,2/5/8,bursa_all
2026-09-19 05:40:56,2026-09-18,2445.KL,22.7,22.9,22.2,69.5492,90.3304,68.3172,50.0,74.7291,69.5073,2/5/8,bursa_all
2026-09-19 05:40:56,2026-09-18,2453.KL,6.45,6.55,6.45,11.1315,5.0004,28.394,0.0,19.1453,33.9044,2/5/8,bursa_all
2026-09-19 05:40:56,2026-09-18,2488.KL,4.89,4.93,4.75,60.6295,52.0087,54.8797,75.0,24.46,82.9248,2/5/8,bursa_all
2026-09-19 05:40:56,2026-09-18,2542.KL,3.0,3.05,3.0,30.2981,33.4165,44.9777,12.5,55.1345,74.3938,2/5/8,bursa_all
2026-09-19 05:40:56,2026-09-18,2569.KL,6.04,6.12,6.03,16.3191,6.3815,42.5759,0.0,53.0532,20.287,2/5/8,bursa_all
2026-09-19 05:40:56,2026-09-18,2593.KL,5.99,6.08,5.99,71.278,97.5245,66.3094,50.0,77.3978,69.3696,2/5/8,bursa_all
2026-09-19 05:40:56,2026-09-18,2607.KL,0.48,0.485,0.46,49.463,40.9988,57.3904,50.0,19.566,44.0586,2/5/8,bursa_all
2026-09-19 05:40:56,2026-09-18,2658.KL,19.22,19.26,19.18,36.303,65.6647,43.2443,0.0,85.9383,72.614,2/5/8,bursa_all
2026-09-19 05:40:56,2026-09-18,2674.KL,0.575,0.6,0.575,22.7206,1.1979,41.9639,25.0,17.0538,40.7587,2/5/8,bursa_all
2026-09-19 05:40:56,2026-09-18,2682.KL,0.065,0.065,0.06,68.0427,69.8714,59.2567,75.0,28.4943,78.9012,2/5/8,bursa_all
2026-09-19 05:40:56,2026-09-18,2739.KL,0.025,0.05,0.025,22.648,27.719,40.2251,0.0,83.6396,37.8867,2/5/8,bursa_all
2026-09-19 05:40:56,2026-09-18,2755.KL,1.72,1.72,1.69,66.0052,64.0435,58.9722,75.0,23.4183,36.4133,2/5/8,bursa_all
2026-09-19 05:40:56,2026-09-18,2828.KL,2.42,2.46,2.35,59.6196,62.416,53.9427,62.5,35.42,35.5516,2/5/8,bursa_all
2026-09-19 05:40:56,2026-09-18,2836.KL,12.46,12.92,12.32,33.7242,1.3501,37.3224,62.5,27.202,16.7321,2/5/8,bursa_all
2026-09-19 05:40:56,2026-09-18,2852.KL,1.02,1.05,0.985,82.6978,84.3091,63.7843,100.0,73.255,22.4119,2/5/8,bursa_all
2026-09-19 05:40:56,2026-09-18,2984.KL,1.23,1.23,1.23,24.3931,2.5329,58.1465,12.5,28.5598,28.5598,2/5/8,bursa_all
2026-09-19 05:40:56,2026-09-18,3018.KL,0.06,0.06,0.055,35.7664,31.0922,51.2069,25.0,35.7664,23.8593,2/5/8,bursa_all
2026-09-19 05:40:56,2026-09-18,3026.KL,31.0,31.28,30.8,24.7742,9.9316,39.391,25.0,33.1507,63.374,2/5/8,bursa_all
2026-09-19 05:40:56,2026-09-18,3034.KL,2.65,2.74,2.65,16.5343,7.873,41.7298,0.0,57.2101,41.1475,2/5/8,bursa_all
2026-09-19 05:40:56,2026-09-18,3042.KL,3.46,3.57,3.43,43.2212,63.5041,41.1595,25.0,76.9336,40.8422,2/5/8,bursa_all
2026-09-19 05:40:56,2026-09-18,3069.KL,2.9,3.05,2.9,28.8084,38.8697,47.5554,0.0,77.4428,81.6149,2/5/8,bursa_all
2026-09-19 05:40:56,2026-09-18,3107.KL,1.56,1.57,1.55,67.679,63.2926,64.7445,75.0,72.0283,14.3986,2/5/8,bursa_all
2026-09-19 05:40:56,2026-09-18,3158.KL,0.315,0.335,0.31,30.4176,32.7867,45.9662,12.5,75.4895,42.2337,2/5/8,bursa_all
2026-09-19 05:40:56,2026-09-18,3174.KL,0.2,0.205,0.195,62.4885,90.0979,59.8677,37.5,70.9315,36.4292,2/5/8,bursa_all
2026-09-19 05:40:56,2026-09-18,3182.KL,1.93,1.98,1.87,38.0575,5.2561,33.9165,75.0,19.1144,37.4452,2/5/8,bursa_all
2026-09-19 05:40:56,2026-09-18,3204.KL,0.305,0.36,0.26,83.9343,89.4306,62.3723,100.0,68.2451,11.3426,2/5/8,bursa_all
2026-09-19 05:40:56,2026-09-18,3239.KL,0.29,0.29,0.285,40.3529,32.7598,50.7989,37.5,40.3529,29.0329,2/5/8,bursa_all
2026-09-19 05:40:56,2026-09-18,3247.KL,0.255,0.265,0.245,72.137,64.8684,64.0427,87.5,38.4342,15.3664,2/5/8,bursa_all
2026-09-19 05:40:56,2026-09-18,3255.KL,14.14,14.8,14.06,19.2901,0.1186,20.2517,37.5,20.5554,13.6266,2/5/8,bursa_all
2026-09-19 05:40:56,2026-09-18,3298.KL,1.08,1.1,1.07,35.0391,67.6432,37.4742,0.0,51.9213,81.8,2/5/8,bursa_all
2026-09-19 05:40:56,2026-09-18,3301.KL,17.0,17.2,16.7,65.0273,37.1834,57.8986,100.0,15.2076,32.7907,2/5/8,bursa_all
2026-09-19 05:40:56,2026-09-18,3336.KL,2.79,2.86,2.72,21.0734,28.5703,34.6499,0.0,32.5084,70.7127,2/5/8,bursa_all
2026-09-19 05:40:56,2026-09-18,3379.KL,0.89,0.9,0.885,38.4838,13.8047,51.6467,50.0,17.0724,30.8052,2/5/8,bursa_all
2026-09-19 05:40:56,2026-09-18,3395.KL,0.25,0.255,0.245,42.6986,66.5947,49.001,12.5,77.1465,9.1113,2/5/8,bursa_all
2026-09-19 05:40:56,2026-09-18,3417.KL,0.745,0.775,0.745,16.1616,7.9596,40.5251,0.0,40.4978,40.4978,2/5/8,bursa_all
2026-09-19 05:40:56,2026-09-18,3441.KL,0.03,0.035,0.02,72.2257,85.574,68.6031,62.5,67.8161,16.199,2/5/8,bursa_all
2026-09-19 05:40:56,2026-09-18,3476.KL,5.12,5.25,5.09,79.1874,88.7643,61.2979,87.5,67.3645,81.847,2/5/8,bursa_all
2026-09-19 05:40:56,2026-09-18,3514.KL,0.105,0.11,0.105,27.8595,20.0161,51.0623,12.5,17.0105,48.5816,2/5/8,bursa_all
2026-09-19 05:40:56,2026-09-18,3557.KL,0.345,0.345,0.325,74.9425,67.0656,57.7621,100.0,14.236,19.5598,2/5/8,bursa_all
2026-09-19 05:40:56,2026-09-18,3565.KL,0.705,0.72,0.695,43.8142,40.5545,40.8881,50.0,36.2743,74.6254,2/5/8,bursa_all
2026-09-19 05:40:56,2026-09-18,3573.KL,0.1,0.11,0.1,23.7423,19.8512,38.8757,12.5,26.3432,87.0941,2/5/8,bursa_all
2026-09-19 05:40:56,2026-09-18,3611.KL,0.74,0.78,0.74,63.6314,53.6627,62.2314,75.0,58.8568,23.9275,2/5/8,bursa_all
2026-09-19 05:40:56,2026-09-18,3662.KL,0.615,0.66,0.615,16.5189,11.9061,37.6506,0.0,23.0244,52.6896,2/5/8,bursa_all
2026-09-19 05:40:56,2026-09-18,3689.KL,22.66,24.0,22.5,20.7519,0.4181,36.8375,25.0,14.246,28.9373,2/5/8,bursa_all
2026-09-19 05:40:56,2026-09-18,3719.KL,5.34,5.89,5.32,18.8524,7.1104,49.4469,0.0,74.3658,71.4817,2/5/8,bursa_all
2026-09-19 05:40:56,2026-09-18,3743.KL,0.265,0.29,0.26,19.0558,13.7582,43.4092,0.0,62.3741,38.6262,2/5/8,bursa_all
2026-09-19 05:40:56,2026-09-18,3778.KL,0.125,0.13,0.115,29.3971,30.0453,45.6461,12.5,64.864,23.0582,2/5/8,bursa_all
2026-09-19 05:40:56,2026-09-18,3794.KL,5.36,5.69,5.31,18.1092,1.6634,27.6641,25.0,11.8375,15.5704,2/5/8,bursa_all
2026-09-19 05:40:56,2026-09-18,3816.KL,7.97,8.11,7.68,79.3133,78.9951,58.9449,100.0,36.4889,20.7059,2/5/8,bursa_all
2026-09-19 05:40:56,2026-09-18,3859.KL,1.19,1.21,1.18,17.4141,7.0648,32.6775,12.5,17.2653,36.0585,2/5/8,bursa_all
2026-09-19 05:40:56,2026-09-18,3867.KL,42.8,42.88,38.98,77.6774,73.2126,59.8197,100.0,61.0811,19.8752,2/5/8,bursa_all
2026-09-19 05:40:56,2026-09-18,3883.KL,0.8,0.8,0.76,68.1938,64.6851,64.8964,75.0,67.5409,17.2252,2/5/8,bursa_all
2026-09-19 05:40:56,2026-09-18,3891.KL,0.045,0.045,0.04,46.7952,65.6478,49.7378,25.0,76.3938,12.4387,2/5/8,bursa_all
2026-09-19 05:40:56,2026-09-18,3905.KL,2.81,2.81,2.75,50.2182,0.1123,63.0422,87.5,8.5467,14.4464,2/5/8,bursa_all
2026-09-19 05:40:56,2026-09-18,3913.KL,0.16,0.17,0.16,32.6,4.7859,55.514,37.5,36.7666,25.405,2/5/8,bursa_all
2026-09-19 05:40:56,2026-09-18,3948.KL,0.29,0.29,0.285,20.2836,8.4886,39.8621,12.5,26.2652,66.5142,2/5/8,bursa_all
2026-09-19 05:40:56,2026-09-18,4006.KL,7.07,7.15,6.95,82.676,96.093,51.935,100.0,44.3803,81.2271,2/5/8,bursa_all
2026-09-19 05:40:56,2026-09-18,4022.KL,0.255,0.255,0.255,48.1798,28.208,53.8312,62.5,30.3516,33.6907,2/5/8,bursa_all
2026-09-19 05:40:56,2026-09-18,4057.KL,0.12,0.125,0.115,24.4618,30.1902,43.1952,0.0,68.87,16.3844,2/5/8,bursa_all
2026-09-19 05:40:56,2026-09-18,4065.KL,9.36,9.73,9.36,18.8956,13.6561,30.5308,12.5,39.2589,36.6757,2/5/8,bursa_all
2026-09-19 05:40:56,2026-09-18,4081.KL,0.05,0.05,0.045,38.0126,24.4014,52.1365,37.5,42.1793,42.1793,2/5/8,bursa_all
2026-09-19 05:40:56,2026-09-18,4162.KL,4.33,4.4,4.3,29.3827,0.1492,25.4989,62.5,18.3553,11.6615,2/5/8,bursa_all
2026-09-19 05:40:56,2026-09-18,4197.KL,2.43,2.5,2.39,38.9718,61.4397,30.4756,25.0,48.4708,47.798,2/5/8,bursa_all
2026-09-19 05:40:56,2026-09-18,4235.KL,0.11,0.115,0.105,38.9416,42.2259,49.5991,25.0,58.5979,24.3716,2/5/8,bursa_all
2026-09-19 05:40:56,2026-09-18,4243.KL,1.05,1.14,1.02,19.3996,19.264,38.9347,0.0,53.3746,63.3869,2/5/8,bursa_all
2026-09-19 05:40:56,2026-09-18,4251.KL,0.21,0.215,0.21,20.0166,6.7783,28.2716,25.0,15.1068,30.285,2/5/8,bursa_all
2026-09-19 05:40:56,2026-09-18,4286.KL,0.62,0.635,0.6,33.1871,1.2929,23.2684,75.0,9.7712,16.4286,2/5/8,bursa_all
2026-09-19 05:40:56,2026-09-18,4316.KL,0.22,0.22,0.215,35.3383,15.8959,52.619,37.5,35.3383,19.483,2/5/8,bursa_all
2026-09-19 05:40:56,2026-09-18,4324.KL,3.34,3.56,3.27,65.8049,99.5047,60.4101,37.5,68.2409,83.0475,2/5/8,bursa_all
2026-09-19 05:40:56,2026-09-18,4359.KL,0.19,0.2,0.19,25.9293,14.6619,38.126,25.0,30.997,32.8391,2/5/8,bursa_all
2026-09-19 05:40:56,2026-09-18,4375.KL,0.21,0.215,0.185,40.94,58.1478,39.6722,25.0,70.7513,35.0836,2/5/8,bursa_all
2026-09-19 05:40:56,2026-09-18,4383.KL,0.975,1.05,0.96,19.0174,3.1219,28.9303,25.0,23.2617,18.189,2/5/8,bursa_all
2026-09-19 05:40:56,2026-09-18,4405.KL,0.455,0.485,0.45,22.0761,8.3809,32.8475,25.0,20.9315,29.8382,2/5/8,bursa_all
2026-09-19 05:40:56,2026-09-18,4456.KL,0.455,0.46,0.425,20.3726,8.5412,27.5767,25.0,28.3922,22.9626,2/5/8,bursa_all
2026-09-19 05:40:56,2026-09-18,4464.KL,0.005,0.005,0.005,20.8933,11.185,51.4949,0.0,20.8933,20.8933,2/5/8,bursa_all
2026-09-19 05:40:56,2026-09-18,4502.KL,0.27,0.285,0.27,11.0033,5.9367,27.073,0.0,24.0886,33.5767,2/5/8,bursa_all
2026-09-19 05:40:56,2026-09-18,4596.KL,0.19,0.2,0.19,27.1213,13.4301,42.9339,25.0,40.1044,37.4462,2/5/8,bursa_all
2026-09-19 05:40:56,2026-09-18,4634.KL,0.25,0.275,0.25,36.5165,39.3008,45.2486,25.0,71.0801,24.8783,2/5/8,bursa_all
2026-09-19 05:40:56,2026-09-18,4677.KL,2.24,2.34,2.21,18.7351,12.868,30.8374,12.5,19.1395,41.5347,2/5/8,bursa_all
2026-09-19 05:40:56,2026-09-18,4707.KL,89.58,92.94,89.5,26.8148,3.5272,26.9171,50.0,24.7751,15.1857,2/5/8,bursa_all
2026-09-19 05:40:56,2026-09-18,4715.KL,1.49,1.56,1.49,18.9013,1.5378,30.1661,25.0,12.473,20.0973,2/5/8,bursa_all
2026-09-19 05:40:56,2026-09-18,4723.KL,0.155,0.16,0.13,84.6176,91.1426,62.7102,100.0,67.3489,23.7748,2/5/8,bursa_all
2026-09-19 05:40:56,2026-09-18,4731.KL,3.79,3.89,3.73,43.4597,59.6075,45.7717,25.0,79.9,26.3556,2/5/8,bursa_all
2026-09-19 05:40:56,2026-09-18,4758.KL,0.865,0.865,0.85,28.0995,18.1021,41.1963,25.0,39.1395,28.6601,2/5/8,bursa_all
2026-09-19 05:40:56,2026-09-18,4847.KL,0.18,0.19,0.175,18.5362,5.8046,24.8038,25.0,13.3071,28.9089,2/5/8,bursa_all
2026-09-19 05:40:56,2026-09-18,4863.KL,7.8,8.0,7.71,28.0592,39.618,44.5595,0.0,75.4094,67.9842,2/5/8,bursa_all
2026-09-19 05:40:56,2026-09-18,4995.KL,0.81,0.84,0.75,12.9328,0.8601,25.4383,12.5,15.1609,22.6924,2/5/8,bursa_all
2026-09-19 05:40:56,2026-09-18,5000.KL,2.64,2.78,2.61,16.3913,1.7937,34.8801,12.5,14.8388,19.4056,2/5/8,bursa_all
2026-09-19 05:40:56,2026-09-18,5001.KL,0.64,0.64,0.64,27.7116,4.7594,53.3753,25.0,27.7116,27.7116,2/5/8,bursa_all
2026-09-19 05:40:56,2026-09-18,5005.KL,4.45,4.47,4.03,70.0035,74.7151,60.2954,75.0,55.4758,30.0032,2/5/8,bursa_all
2026-09-19 05:40:56,2026-09-18,5006.KL,0.82,0.82,0.8,71.9558,57.4457,58.4217,100.0,19.5051,60.8434,2/5/8,bursa_all
2026-09-19 05:40:56,2026-09-18,5007.KL,0.785,0.795,0.75,66.0911,68.8574,54.416,75.0,38.6919,68.4285,2/5/8,bursa_all
2026-09-19 05:40:56,2026-09-18,5008.KL,1.23,1.25,1.22,24.3782,29.1934,43.9412,0.0,79.8568,65.5888,2/5/8,bursa_all
2026-09-19 05:40:56,2026-09-18,5009.KL,0.47,0.505,0.47,16.8444,7.471,43.0623,0.0,51.0223,44.0853,2/5/8,bursa_all
2026-09-19 05:40:56,2026-09-18,5010.KL,2.45,2.45,2.42,73.2521,94.5873,62.669,62.5,79.3405,50.1148,2/5/8,bursa_all
2026-09-19 05:40:56,2026-09-18,5011.KL,1.18,1.18,1.18,30.4703,29.6582,49.2526,12.5,21.6519,48.1539,2/5/8,bursa_all
2026-09-19 05:40:56,2026-09-18,5012.KL,5.98,6.26,5.96,22.4022,30.6093,36.5974,0.0,73.3951,49.4276,2/5/8,bursa_all
2026-09-19 05:40:56,2026-09-18,5015.KL,2.64,2.78,2.64,16.6902,10.9952,39.0755,0.0,22.6255,42.592,2/5/8,bursa_all
2026-09-19 05:40:56,2026-09-18,5016.KL,0.62,0.635,0.62,19.0264,9.8933,34.686,12.5,20.0267,44.9937,2/5/8,bursa_all
2026-09-19 05:40:56,2026-09-18,5020.KL,0.31,0.315,0.305,43.9276,30.2978,51.4849,50.0,32.7691,73.0055,2/5/8,bursa_all
2026-09-19 05:40:56,2026-09-18,5021.KL,0.235,0.245,0.23,34.5601,55.266,35.9142,12.5,66.3457,68.8198,2/5/8,bursa_all
2026-09-19 05:40:56,2026-09-18,5022.KL,0.27,0.28,0.24,29.7179,36.8086,39.8452,12.5,54.9862,82.863,2/5/8,bursa_all
2026-09-19 05:40:56,2026-09-18,5024.KL,0.905,0.915,0.9,23.8493,0.2701,21.2779,50.0,25.3638,27.1361,2/5/8,bursa_all
2026-09-19 05:40:56,2026-09-18,5025.KL,0.135,0.14,0.125,28.0837,7.0167,52.2345,25.0,19.4204,29.9385,2/5/8,bursa_all
2026-09-19 05:40:56,2026-09-18,5026.KL,1.82,1.87,1.82,37.2889,46.7775,40.0891,25.0,38.3246,80.6154,2/5/8,bursa_all
2026-09-19 05:40:56,2026-09-18,5027.KL,2.77,2.81,2.77,25.031,28.6959,33.8972,12.5,39.8886,69.1338,2/5/8,bursa_all
2026-09-19 05:40:56,2026-09-18,5028.KL,0.98,1.0,0.95,31.3146,8.5193,47.9245,37.5,48.691,19.3245,2/5/8,bursa_all
2026-09-19 05:40:56,2026-09-18,5029.KL,4.1,4.15,4.1,86.1755,97.0526,73.9739,87.5,83.1663,64.5986,2/5/8,bursa_all
2026-09-19 05:40:56,2026-09-18,5031.KL,6.41,6.41,5.75,83.6756,92.5169,58.51,100.0,21.9864,16.5234,2/5/8,bursa_all
2026-09-19 05:40:56,2026-09-18,5032.KL,5.1,5.15,5.1,24.0054,4.8279,42.1882,25.0,34.2507,34.2507,2/5/8,bursa_all
2026-09-19 05:40:56,2026-09-18,5035.KL,0.38,0.395,0.355,20.4619,7.2337,41.6518,12.5,51.7603,51.7603,2/5/8,bursa_all
2026-09-19 05:40:56,2026-09-18,5036.KL,1.13,1.15,1.1,22.6353,11.0142,31.8915,25.0,37.1127,38.2541,2/5/8,bursa_all
2026-09-19 05:40:56,2026-09-18,5037.KL,0.015,0.015,0.015,32.1502,33.3333,50.6173,12.5,32.1502,21.0007,2/5/8,bursa_all
2026-09-19 05:40:56,2026-09-18,5038.KL,2.67,2.8,2.61,25.9033,6.6019,33.608,37.5,21.0009,28.0259,2/5/8,bursa_all
2026-09-19 05:40:56,2026-09-18,5040.KL,0.015,0.015,0.015,33.4262,11.67,51.1085,37.5,17.1996,47.272,2/5/8,bursa_all
2026-09-19 05:40:56,2026-09-18,5041.KL,2.16,2.2,2.14,40.3381,41.0373,42.4768,37.5,58.3147,27.4635,2/5/8,bursa_all
2026-09-19 05:40:56,2026-09-18,5042.KL,0.225,0.225,0.19,78.7816,75.4274,60.9173,100.0,18.0826,23.0966,2/5/8,bursa_all
2026-09-19 05:40:56,2026-09-18,5048.KL,0.06,0.06,0.055,71.1143,53.5757,59.7672,100.0,24.9944,30.3035,2/5/8,bursa_all
2026-09-19 05:40:56,2026-09-18,5049.KL,2.94,3.03,2.94,16.8459,8.5905,41.9471,0.0,27.9726,69.52,2/5/8,bursa_all
2026-09-19 05:40:56,2026-09-18,5053.KL,1.91,1.92,1.87,53.7232,43.9788,54.6909,62.5,24.6486,19.5906,2/5/8,bursa_all
2026-09-19 05:40:56,2026-09-18,5054.KL,0.31,0.32,0.3,49.1671,82.2766,40.2248,25.0,86.863,27.9341,2/5/8,bursa_all
2026-09-19 05:40:56,2026-09-18,5056.KL,0.42,0.435,0.42,28.925,16.2314,45.5436,25.0,42.4652,29.5195,2/5/8,bursa_all
2026-09-19 05:40:56,2026-09-18,5062.KL,0.19,0.19,0.175,74.3041,78.1756,57.2367,87.5,41.4996,76.7666,2/5/8,bursa_all
2026-09-19 05:40:56,2026-09-18,5065.KL,0.7,0.7,0.7,50.0703,75.5843,49.6266,25.0,74.1424,37.917,2/5/8,bursa_all
2026-09-19 05:40:56,2026-09-18,5066.KL,0.2,0.205,0.2,29.2825,20.9506,29.397,37.5,35.3772,30.0584,2/5/8,bursa_all
2026-09-19 05:40:56,2026-09-18,5068.KL,0.03,0.035,0.025,21.2573,33.3333,30.4386,0.0,96.3647,28.0191,2/5/8,bursa_all
2026-09-19 05:40:56,2026-09-18,5069.KL,15.0,15.0,14.76,71.3662,66.6396,59.9591,87.5,28.4147,77.8062,2/5/8,bursa_all
2026-09-19 05:40:56,2026-09-18,5070.KL,0.195,0.2,0.195,28.3722,26.7457,45.8709,12.5,70.2823,16.061,2/5/8,bursa_all
2026-09-19 05:40:56,2026-09-18,5071.KL,1.67,1.7,1.62,36.7342,61.8267,35.8759,12.5,49.3151,38.9179,2/5/8,bursa_all
2026-09-19 05:40:56,2026-09-18,5072.KL,0.255,0.26,0.25,72.5871,55.5232,62.238,100.0,11.8076,15.6111,2/5/8,bursa_all
2026-09-19 05:40:56,2026-09-18,5073.KL,0.845,0.935,0.81,80.0892,82.4717,57.7959,100.0,15.688,37.3762,2/5/8,bursa_all
2026-09-19 05:40:56,2026-09-18,5075.KL,1.57,1.63,1.57,24.4653,30.4203,42.9755,0.0,62.7207,33.9012,2/5/8,bursa_all
2026-09-19 05:40:56,2026-09-18,5077.KL,0.37,0.375,0.37,40.7828,50.0127,47.3356,25.0,38.2836,66.6713,2/5/8,bursa_all
2026-09-19 05:40:56,2026-09-18,5078.KL,0.3,0.31,0.3,37.9332,47.5873,41.2124,25.0,61.1085,56.8491,2/5/8,bursa_all
2026-09-19 05:40:56,2026-09-18,5079.KL,0.1,0.1,0.1,35.6882,0.0448,57.0197,50.0,19.3402,36.0723,2/5/8,bursa_all
2026-09-19 05:40:56,2026-09-18,5080.KL,1.08,1.09,1.07,33.9592,9.0795,55.298,37.5,14.2607,37.1025,2/5/8,bursa_all
2026-09-19 05:40:56,2026-09-18,5081.KL,0.195,0.195,0.195,44.2654,57.7182,50.078,25.0,36.7497,79.7971,2/5/8,bursa_all
2026-09-19 05:40:56,2026-09-18,5084.KL,1.01,1.05,1.01,27.1152,23.1525,45.693,12.5,67.0452,33.6032,2/5/8,bursa_all
2026-09-19 05:40:56,2026-09-18,5085.KL,0.3,0.335,0.295,19.2719,14.8563,42.9595,0.0,58.1871,42.3669,2/5/8,bursa_all
2026-09-19 05:40:56,2026-09-18,5087.KL,0.24,0.24,0.2,57.8256,91.2562,44.7206,37.5,73.3762,72.5927,2/5/8,bursa_all
2026-09-19 05:40:56,2026-09-18,5088.KL,0.645,0.645,0.645,69.8587,63.989,58.087,87.5,23.8104,69.9917,2/5/8,bursa_all
2026-09-19 05:40:56,2026-09-18,5090.KL,0.075,0.075,0.07,32.0801,5.1331,53.6072,37.5,19.5587,38.3585,2/5/8,bursa_all
2026-09-19 05:40:56,2026-09-18,5094.KL,1.24,1.26,1.22,32.0539,22.1038,49.058,25.0,32.0539,25.6732,2/5/8,bursa_all
2026-09-19 05:40:56,2026-09-18,5095.KL,0.115,0.12,0.11,35.9898,18.2675,52.2018,37.5,40.1565,32.7345,2/5/8,bursa_all
2026-09-19 05:40:56,2026-09-18,5098.KL,0.195,0.205,0.195,10.3603,3.026,28.0547,0.0,26.3957,30.6078,2/5/8,bursa_all
2026-09-19 05:40:56,2026-09-18,5099.KL,0.235,0.29,0.215,13.8002,3.2089,38.1916,0.0,26.6091,27.2294,2/5/8,bursa_all
2026-09-19 05:40:56,2026-09-18,5100.KL,0.825,0.83,0.765,83.2346,96.8951,52.8088,100.0,41.7883,40.5148,2/5/8,bursa_all
2026-09-19 05:40:56,2026-09-18,5101.KL,0.11,0.12,0.11,14.7073,1.2233,42.8986,0.0,31.9757,15.7999,2/5/8,bursa_all
2026-09-19 05:40:56,2026-09-18,5102.KL,1.43,1.47,1.39,64.1991,99.9959,55.1015,37.5,78.2928,46.3284,2/5/8,bursa_all
2026-09-19 05:40:56,2026-09-18,5104.KL,0.035,0.04,0.035,33.4812,10.0287,52.9149,37.5,16.6196,40.4609,2/5/8,bursa_all
2026-09-19 05:40:56,2026-09-18,5105.KL,1.7,1.7,1.65,54.396,76.2985,49.3896,37.5,35.5325,76.7064,2/5/8,bursa_all
2026-09-19 05:40:56,2026-09-18,5106.KL,1.73,1.83,1.73,19.1967,5.5493,27.0406,25.0,22.9018,22.6005,2/5/8,bursa_all
2026-09-19 05:40:56,2026-09-18,5107.KL,0.385,0.41,0.385,38.9712,15.3672,51.5463,50.0,27.8164,42.6811,2/5/8,bursa_all
2026-09-19 05:40:56,2026-09-18,5109.KL,0.995,1.01,0.99,30.0772,7.7115,45.0201,37.5,35.4655,24.9117,2/5/8,bursa_all
2026-09-19 05:40:56,2026-09-18,5110.KL,0.82,0.82,0.815,63.0229,56.5395,57.5291,75.0,15.2041,21.2129,2/5/8,bursa_all
2026-09-19 05:40:56,2026-09-18,5111.KL,0.31,0.31,0.3,66.0763,75.3236,60.4052,62.5,57.2123,24.8796,2/5/8,bursa_all
2026-09-19 05:40:56,2026-09-18,5112.KL,0.545,0.565,0.535,11.3764,0.1118,34.0174,0.0,26.1267,16.1289,2/5/8,bursa_all
2026-09-19 05:40:56,2026-09-18,5113.KL,0.165,0.17,0.165,15.1904,8.1077,37.4635,0.0,40.6372,40.6372,2/5/8,bursa_all
2026-09-19 05:40:56,2026-09-18,5115.KL,0.225,0.235,0.22,11.1936,0.4349,33.1459,0.0,13.4585,16.3108,2/5/8,bursa_all
2026-09-19 05:40:56,2026-09-18,5116.KL,1.14,1.17,1.13,38.7197,28.0339,38.1252,50.0,34.8165,70.1397,2/5/8,bursa_all
2026-09-19 05:40:56,2026-09-18,5120.KL,0.34,0.35,0.335,26.2167,27.9263,38.2239,12.5,58.8968,55.2074,2/5/8,bursa_all
2026-09-19 05:40:56,2026-09-18,5121.KL,0.51,0.515,0.5,56.4452,98.0349,58.8006,12.5,70.9851,51.2503,2/5/8,bursa_all
2026-09-19 05:40:56,2026-09-18,5123.KL,0.66,0.665,0.65,38.0606,29.2472,47.4345,37.5,62.6772,11.0793,2/5/8,bursa_all
2026-09-19 05:40:56,2026-09-18,5125.KL,0.67,0.68,0.655,68.2115,96.6426,70.4919,37.5,65.3458,61.1603,2/5/8,bursa_all
2026-09-19 05:40:56,2026-09-18,5126.KL,6.2,6.4,5.99,67.8035,92.9597,60.4509,50.0,69.4453,78.7587,2/5/8,bursa_all
2026-09-19 05:40:56,2026-09-18,5127.KL,0.36,0.37,0.36,35.5162,23.6053,45.4433,37.5,67.683,28.9187,2/5/8,bursa_all
2026-09-19 05:40:56,2026-09-18,5129.KL,0.5,0.5,0.5,39.7088,57.8673,48.7592,12.5,39.7088,68.8742,2/5/8,bursa_all
2026-09-19 05:40:56,2026-09-18,5130.KL,1.2,1.22,1.2,75.2295,80.9946,57.1938,87.5,33.983,38.1497,2/5/8,bursa_all
2026-09-19 05:40:56,2026-09-18,5131.KL,0.7,0.71,0.69,64.4282,41.5938,64.1908,87.5,32.5262,47.9052,2/5/8,bursa_all
2026-09-19 05:40:56,2026-09-18,5132.KL,1.02,1.09,1.0,20.7349,14.6643,47.5405,0.0,67.7787,27.2918,2/5/8,bursa_all
2026-09-19 05:40:56,2026-09-18,5133.KL,0.62,0.69,0.61,22.0317,12.1361,41.4591,12.5,35.5615,64.8885,2/5/8,bursa_all
2026-09-19 05:40:56,2026-09-18,5134.KL,3.05,3.14,3.05,21.8936,25.9472,39.7337,0.0,81.3967,69.3435,2/5/8,bursa_all
2026-09-19 05:40:56,2026-09-18,5135.KL,4.74,4.82,4.66,62.5399,98.7468,76.3729,12.5,61.0969,71.9322,2/5/8,bursa_all
2026-09-19 05:40:56,2026-09-18,5136.KL,1.15,1.15,1.1,57.9993,73.9164,50.0816,50.0,64.2482,51.424,2/5/8,bursa_all
2026-09-19 05:40:56,2026-09-18,5138.KL,2.52,2.64,2.47,32.3676,45.0966,39.5062,12.5,71.7989,60.4661,2/5/8,bursa_all
2026-09-19 05:40:56,2026-09-18,5139.KL,5.25,5.41,5.25,7.5636,0.8304,21.8604,0.0,9.2383,16.236,2/5/8,bursa_all
2026-09-19 05:40:56,2026-09-18,5140.KL,0.365,0.37,0.365,35.6847,24.3313,45.2228,37.5,51.1778,65.9645,2/5/8,bursa_all
2026-09-19 05:40:56,2026-09-18,5141.KL,1.48,1.5,1.42,73.026,72.7888,58.7891,87.5,50.1167,60.7653,2/5/8,bursa_all
2026-09-19 05:40:56,2026-09-18,5142.KL,0.79,0.85,0.78,27.3366,38.6526,43.357,0.0,76.2802,82.9553,2/5/8,bursa_all
2026-09-19 05:40:56,2026-09-18,5143.KL,0.43,0.45,0.425,30.502,26.7259,39.7801,25.0,38.687,28.0365,2/5/8,bursa_all
2026-09-19 05:40:56,2026-09-18,5145.KL,0.31,0.32,0.3,53.5366,59.5203,51.0894,50.0,47.04,85.7503,2/5/8,bursa_all
2026-09-19 05:40:56,2026-09-18,5147.KL,0.52,0.545,0.515,32.7475,43.6271,42.1153,12.5,65.0852,60.3036,2/5/8,bursa_all
2026-09-19 05:40:56,2026-09-18,5148.KL,0.535,0.57,0.53,19.89,3.1454,31.5245,25.0,32.0598,26.0988,2/5/8,bursa_all
2026-09-19 05:40:56,2026-09-18,5149.KL,0.44,0.44,0.425,41.5086,1.3481,60.6777,62.5,41.5086,41.5086,2/5/8,bursa_all
2026-09-19 05:40:56,2026-09-18,5151.KL,0.775,0.785,0.725,34.6879,22.8933,43.6705,37.5,41.3138,30.5521,2/5/8,bursa_all
2026-09-19 05:40:56,2026-09-18,5152.KL,0.345,0.37,0.345,18.1278,16.9057,37.4778,0.0,47.8155,83.445,2/5/8,bursa_all
2026-09-19 05:40:56,2026-09-18,5156.KL,0.01,0.01,0.01,76.6215,81.5954,60.7692,87.5,36.334,23.7355,2/5/8,bursa_all
2026-09-19 05:40:56,2026-09-18,5157.KL,0.075,0.08,0.07,51.1791,80.0244,48.5129,25.0,75.8745,31.9077,2/5/8,bursa_all
2026-09-19 05:40:56,2026-09-18,5159.KL,1.4,1.44,1.4,16.2459,6.8383,41.8994,0.0,22.1813,66.3869,2/5/8,bursa_all
2026-09-19 05:40:56,2026-09-18,5160.KL,0.39,0.41,0.385,65.2713,68.0213,65.2926,62.5,60.8673,32.5875,2/5/8,bursa_all
2026-09-19 05:40:56,2026-09-18,5161.KL,0.52,0.52,0.49,44.5864,45.5978,50.6615,37.5,29.7824,79.5839,2/5/8,bursa_all
2026-09-19 05:40:56,2026-09-18,5162.KL,1.6,1.65,1.56,37.5197,13.6122,48.9468,50.0,52.9136,24.961,2/5/8,bursa_all
2026-09-19 05:40:56,2026-09-18,5163.KL,0.59,0.59,0.59,85.0542,98.9912,68.6714,87.5,42.4544,46.6211,2/5/8,bursa_all
2026-09-19 05:40:56,2026-09-18,5165.KL,0.385,0.39,0.385,23.266,17.565,39.7329,12.5,34.0507,58.1911,2/5/8,bursa_all
2026-09-19 05:40:56,2026-09-18,5166.KL,1.49,1.51,1.47,37.5992,22.2923,53.0053,37.5,26.2263,74.919,2/5/8,bursa_all
2026-09-19 05:40:56,2026-09-18,5167.KL,0.37,0.37,0.37,19.1066,1.322,55.9978,0.0,19.1066,19.1066,2/5/8,bursa_all
2026-09-19 05:40:56,2026-09-18,5168.KL,1.17,1.25,1.11,71.1605,97.1321,53.8493,62.5,85.7427,29.7241,2/5/8,bursa_all
2026-09-19 05:40:56,2026-09-18,5169.KL,0.035,0.045,0.035,21.3541,20.8806,43.1816,0.0,70.6689,44.1283,2/5/8,bursa_all
2026-09-19 05:40:56,2026-09-18,5171.KL,0.905,0.925,0.895,39.0867,18.9393,48.3207,50.0,62.3826,19.1867,2/5/8,bursa_all
2026-09-19 05:40:56,2026-09-18,5172.KL,0.11,0.11,0.095,49.3319,60.5178,49.9778,37.5,42.3193,84.7961,2/5/8,bursa_all
2026-09-19 05:40:56,2026-09-18,5173.KL,0.74,0.76,0.73,67.3687,53.2154,61.3907,87.5,19.6588,54.1761,2/5/8,bursa_all
2026-09-19 05:40:56,2026-09-18,5176.KL,2.07,2.08,2.01,70.8473,56.2687,56.2731,100.0,21.009,65.4406,2/5/8,bursa_all
2026-09-19 05:40:56,2026-09-18,5178.KL,0.03,0.035,0.03,34.4671,16.1861,49.7153,37.5,18.6298,71.5051,2/5/8,bursa_all
2026-09-19 05:40:56,2026-09-18,5180.KL,0.6,0.685,0.575,84.7509,90.1984,64.0542,100.0,70.9728,21.7945,2/5/8,bursa_all
2026-09-19 05:40:56,2026-09-18,5182.KL,0.165,0.17,0.165,25.544,22.1505,41.9814,12.5,68.2702,29.1652,2/5/8,bursa_all
2026-09-19 05:40:56,2026-09-18,5183.KL,4.71,5.33,4.66,32.0061,51.4369,44.5813,0.0,86.132,59.4967,2/5/8,bursa_all
2026-09-19 05:40:56,2026-09-18,5184.KL,0.665,0.675,0.635,43.4963,35.0709,45.4181,50.0,48.9354,24.3823,2/5/8,bursa_all
2026-09-19 05:40:56,2026-09-18,5185.KL,2.01,2.03,2.0,24.5408,1.842,46.7804,25.0,40.2658,29.6554,2/5/8,bursa_all
2026-09-19 05:40:56,2026-09-18,5186.KL,0.375,0.39,0.37,42.5684,39.1981,38.507,50.0,40.939,72.5624,2/5/8,bursa_all
2026-09-19 05:40:56,2026-09-18,5187.KL,0.03,0.035,0.03,16.358,9.6546,39.4194,0.0,36.5355,27.8454,2/5/8,bursa_all
2026-09-19 05:40:56,2026-09-18,5188.KL,0.055,0.055,0.05,71.1216,94.8392,56.0255,62.5,48.9947,48.9947,2/5/8,bursa_all
2026-09-19 05:40:56,2026-09-18,5190.KL,0.065,0.07,0.065,7.9772,0.1934,23.7383,0.0,28.0126,28.0126,2/5/8,bursa_all
2026-09-19 05:40:56,2026-09-18,5191.KL,0.715,0.72,0.695,39.914,38.2576,43.9843,37.5,63.9199,23.5016,2/5/8,bursa_all
2026-09-19 05:40:56,2026-09-18,5192.KL,0.81,0.825,0.81,21.9225,16.7638,36.5036,12.5,33.9245,74.1655,2/5/8,bursa_all
2026-09-19 05:40:56,2026-09-18,5195.KL,0.205,0.205,0.2001,39.5959,52.1632,41.6246,25.0,73.1777,24.7186,2/5/8,bursa_all
2026-09-19 05:40:56,2026-09-18,5196.KL,0.16,0.17,0.16,25.4208,30.9709,45.2915,0.0,75.8932,26.2104,2/5/8,bursa_all
2026-09-19 05:40:56,2026-09-18,5197.KL,0.22,0.22,0.21,67.9378,73.2996,55.5136,75.0,39.239,80.5463,2/5/8,bursa_all
2026-09-19 05:40:56,2026-09-18,5198.KL,0.225,0.225,0.225,52.262,96.454,47.832,12.5,56.4287,56.4287,2/5/8,bursa_all
2026-09-19 05:40:56,2026-09-18,5199.KL,2.3,2.42,2.27,71.8196,90.3633,62.5954,62.5,60.2105,78.6839,2/5/8,bursa_all
2026-09-19 05:40:56,2026-09-18,5200.KL,1.55,1.58,1.55,19.8193,1.9822,32.4758,25.0,13.6605,35.0213,2/5/8,bursa_all
2026-09-19 05:40:56,2026-09-18,5202.KL,0.635,0.68,0.62,30.0979,21.6655,43.6281,25.0,55.8304,33.1646,2/5/8,bursa_all
2026-09-19 05:40:56,2026-09-18,5204.KL,0.26,0.27,0.255,22.48,12.4834,42.4566,12.5,27.2641,52.0042,2/5/8,bursa_all
2026-09-19 05:40:56,2026-09-18,5205.KL,0.23,0.235,0.22,67.5951,39.0893,63.6961,100.0,18.8163,20.769,2/5/8,bursa_all
2026-09-19 05:40:56,2026-09-18,5207.KL,0.235,0.25,0.235,23.1725,15.1383,41.8791,12.5,48.7829,52.9496,2/5/8,bursa_all
2026-09-19 05:40:56,2026-09-18,5208.KL,0.65,0.685,0.65,33.9271,48.2713,41.0099,12.5,65.0232,26.4977,2/5/8,bursa_all
2026-09-19 05:40:56,2026-09-18,5209.KL,4.97,5.08,4.85,61.8487,52.4342,58.112,75.0,22.5837,36.0202,2/5/8,bursa_all
2026-09-19 05:40:56,2026-09-18,5210.KL,0.355,0.365,0.345,45.7721,57.1621,42.6542,37.5,70.0508,67.8859,2/5/8,bursa_all
2026-09-19 05:40:56,2026-09-18,5211.KL,4.41,4.66,4.39,17.1609,1.6696,37.3131,12.5,15.3124,20.174,2/5/8,bursa_all
2026-09-19 05:40:56,2026-09-18,5212.KL,1.55,1.6,1.52,54.9434,29.5093,60.3208,75.0,12.8865,21.0141,2/5/8,bursa_all
2026-09-19 05:40:56,2026-09-18,5216.KL,0.275,0.305,0.275,45.974,55.4132,45.0089,37.5,73.6474,23.2382,2/5/8,bursa_all
2026-09-19 05:40:56,2026-09-18,5218.KL,0.34,0.36,0.33,30.5479,48.5009,43.1429,0.0,86.1674,75.107,2/5/8,bursa_all
2026-09-19 05:40:56,2026-09-18,5219.KL,0.055,0.055,0.045,30.8595,1.5703,53.5081,37.5,13.003,39.3368,2/5/8,bursa_all
2026-09-19 05:40:56,2026-09-18,5220.KL,0.89,0.945,0.89,16.0913,2.1569,46.1169,0.0,41.5546,22.1989,2/5/8,bursa_all
2026-09-19 05:40:56,2026-09-18,5223.KL,0.555,0.585,0.545,26.8245,3.1584,39.8149,37.5,16.4932,53.7594,2/5/8,bursa_all
2026-09-19 05:40:56,2026-09-18,5225.KL,7.64,7.84,7.56,36.2414,2.3227,31.4016,75.0,12.8372,15.8218,2/5/8,bursa_all
2026-09-19 05:40:56,2026-09-18,5226.KL,0.155,0.16,0.15,10.5491,1.5367,30.1105,0.0,14.1381,33.7699,2/5/8,bursa_all
2026-09-19 05:40:56,2026-09-18,5227.KL,2.75,2.81,2.73,29.2589,34.5686,40.708,12.5,50.2439,35.8116,2/5/8,bursa_all
2026-09-19 05:40:56,2026-09-18,5228.KL,0.99,0.99,0.985,28.6665,2.012,46.4875,37.5,36.8202,26.2948,2/5/8,bursa_all
2026-09-19 05:40:56,2026-09-18,5230.KL,0.235,0.255,0.23,14.2078,0.1689,42.4546,0.0,30.7403,14.0975,2/5/8,bursa_all
2026-09-19 05:40:56,2026-09-18,5231.KL,0.105,0.12,0.1,13.6221,8.7137,32.1527,0.0,33.5855,50.3994,2/5/8,bursa_all
2026-09-19 05:40:56,2026-09-18,5232.KL,0.36,0.38,0.36,39.1181,35.6588,44.1955,37.5,62.0697,62.0697,2/5/8,bursa_all
2026-09-19 05:40:56,2026-09-18,5236.KL,1.13,1.18,1.13,30.4555,12.0008,41.8657,37.5,27.4165,48.8546,2/5/8,bursa_all
2026-09-19 05:40:56,2026-09-18,5238.KL,0.53,0.675,0.47,2.8706,0.0156,8.5963,0.0,20.1827,8.4354,2/5/8,bursa_all
2026-09-19 05:40:56,2026-09-18,5239.KL,0.21,0.21,0.205,27.7247,5.5649,52.6092,25.0,14.2309,36.5362,2/5/8,bursa_all
2026-09-19 05:40:56,2026-09-18,5242.KL,0.115,0.115,0.11,33.586,10.9091,52.3488,37.5,17.4739,44.7201,2/5/8,bursa_all
2026-09-19 05:40:56,2026-09-18,5243.KL,0.25,0.255,0.235,54.3521,61.3383,51.718,50.0,65.2557,48.2566,2/5/8,bursa_all
2026-09-19 05:40:56,2026-09-18,5246.KL,6.72,6.97,6.68,27.5903,11.3838,46.387,25.0,48.4956,27.5655,2/5/8,bursa_all
2026-09-19 05:40:56,2026-09-18,5247.KL,0.47,0.47,0.445,66.1264,63.2474,60.1317,75.0,40.5586,32.4299,2/5/8,bursa_all
2026-09-19 05:40:56,2026-09-18,5248.KL,0.915,0.975,0.915,25.1478,29.7537,45.6896,0.0,81.0504,58.1681,2/5/8,bursa_all
2026-09-19 05:40:56,2026-09-18,5249.KL,3.53,3.8,3.51,21.5657,5.7541,33.9431,25.0,25.2297,21.6449,2/5/8,bursa_all
2026-09-19 05:40:56,2026-09-18,5250.KL,2.0,2.0,1.97,49.8983,72.6591,52.0359,25.0,49.8983,49.8983,2/5/8,bursa_all
2026-09-19 05:40:56,2026-09-18,5252.KL,0.145,0.145,0.145,26.9005,3.079,52.6227,25.0,31.0672,31.0672,2/5/8,bursa_all
2026-09-19 05:40:56,2026-09-18,5253.KL,0.12,0.12,0.11,31.8281,19.4323,51.0521,25.0,20.4875,63.4909,2/5/8,bursa_all
2026-09-19 05:40:56,2026-09-18,5255.KL,1.6,1.62,1.54,61.3841,86.1356,48.0168,50.0,77.5389,79.7034,2/5/8,bursa_all
2026-09-19 05:40:56,2026-09-18,5257.KL,0.395,0.415,0.39,26.1286,29.5047,48.8811,0.0,72.2492,26.7906,2/5/8,bursa_all
2026-09-19 05:40:56,2026-09-18,5258.KL,2.04,2.12,2.04,15.8654,4.1588,43.4373,0.0,22.231,66.6943,2/5/8,bursa_all
2026-09-19 05:40:56,2026-09-18,5259.KL,0.295,0.3,0.29,35.2431,28.7253,52.004,25.0,35.2431,35.2431,2/5/8,bursa_all
2026-09-19 05:40:56,2026-09-18,5260.KL,0.18,0.18,0.17,37.8077,11.8638,51.5594,50.0,37.8077,20.5896,2/5/8,bursa_all
2026-09-19 05:40:56,2026-09-18,5263.KL,7.88,7.88,6.93,71.5771,61.2117,53.5196,100.0,15.9167,33.8031,2/5/8,bursa_all
2026-09-19 05:40:56,2026-09-18,5264.KL,0.825,0.825,0.765,78.5926,80.267,55.5109,100.0,29.5126,50.7494,2/5/8,bursa_all
2026-09-19 05:40:56,2026-09-18,5265.KL,0.09,0.1,0.085,35.8022,3.1173,54.2892,50.0,19.9664,41.1094,2/5/8,bursa_all
2026-09-19 05:40:56,2026-09-18,5267.KL,0.145,0.16,0.14,15.3953,6.7446,39.4414,0.0,49.4536,49.4536,2/5/8,bursa_all
2026-09-19 05:40:56,2026-09-18,5269.KL,0.59,0.6,0.59,35.3377,32.7795,35.7336,37.5,25.3026,70.336,2/5/8,bursa_all
2026-09-19 05:40:56,2026-09-18,5271.KL,1.36,1.39,1.35,77.0326,93.2699,75.3278,62.5,81.9549,75.0109,2/5/8,bursa_all
2026-09-19 05:40:56,2026-09-18,5272.KL,2.91,2.93,2.76,65.0825,95.0395,62.7079,37.5,75.3356,69.3952,2/5/8,bursa_all
2026-09-19 05:40:56,2026-09-18,5273.KL,2.09,2.09,2.06,76.1932,68.539,60.0407,100.0,12.5555,17.7736,2/5/8,bursa_all
2026-09-19 05:40:56,2026-09-18,5274.KL,3.26,3.26,3.22,69.5739,84.0954,62.1264,62.5,63.8027,48.1382,2/5/8,bursa_all
2026-09-19 05:40:56,2026-09-18,5275.KL,0.425,0.425,0.42,30.481,11.8529,54.59,25.0,30.481,30.481,2/5/8,bursa_all
2026-09-19 05:40:56,2026-09-18,5276.KL,0.345,0.35,0.33,50.129,76.9441,48.443,25.0,73.3529,25.287,2/5/8,bursa_all
2026-09-19 05:40:56,2026-09-18,5277.KL,0.39,0.395,0.375,38.6127,18.7393,47.0988,50.0,48.4423,14.4529,2/5/8,bursa_all
2026-09-19 05:40:56,2026-09-18,5278.KL,0.675,0.68,0.67,72.5182,57.2455,60.3091,100.0,16.3343,50.3852,2/5/8,bursa_all
2026-09-19 05:40:56,2026-09-18,5280.KL,0.855,0.86,0.85,49.7758,77.0126,47.3148,25.0,49.7758,64.4075,2/5/8,bursa_all
2026-09-19 05:40:56,2026-09-18,5281.KL,0.18,0.18,0.175,51.3941,92.5307,49.1517,12.5,51.3941,55.5608,2/5/8,bursa_all
2026-09-19 05:40:56,2026-09-18,5283.KL,0.18,0.185,0.18,30.0627,29.6225,48.0657,12.5,67.4278,20.8367,2/5/8,bursa_all
2026-09-19 05:40:56,2026-09-18,5284.KL,0.33,0.375,0.33,31.5312,38.4824,43.6112,12.5,75.1245,48.1314,2/5/8,bursa_all
2026-09-19 05:40:56,2026-09-18,5285.KL,6.3,6.36,6.15,62.7487,54.6969,58.5492,75.0,45.4019,24.2207,2/5/8,bursa_all
2026-09-19 05:40:56,2026-09-18,5286.KL,5.65,5.8,5.44,27.4573,25.3357,44.5361,12.5,53.7559,21.5568,2/5/8,bursa_all
2026-09-19 05:40:56,2026-09-18,5288.KL,1.28,1.32,1.26,37.2491,8.4904,53.257,50.0,19.4911,28.7662,2/5/8,bursa_all
2026-09-19 05:40:56,2026-09-18,5289.KL,0.285,0.3,0.285,25.3784,36.3348,39.8005,0.0,83.0603,48.3839,2/5/8,bursa_all
2026-09-19 05:40:56,2026-09-18,5291.KL,0.19,0.195,0.19,42.3845,39.5357,50.1179,37.5,35.2321,46.8925,2/5/8,bursa_all
2026-09-19 05:40:56,2026-09-18,5292.KL,6.45,6.58,5.99,28.9745,36.9316,37.4918,12.5,62.367,17.6502,2/5/8,bursa_all
2026-09-19 05:40:56,2026-09-18,5293.KL,1.3,1.34,1.29,19.3581,3.8611,29.2133,25.0,23.1324,36.1731,2/5/8,bursa_all
2026-09-19 05:40:56,2026-09-18,5295.KL,0.135,0.14,0.135,21.0406,1.3393,49.2824,12.5,40.9991,16.2638,2/5/8,bursa_all
2026-09-19 05:40:56,2026-09-18,5296.KL,1.28,1.3,1.27,34.7083,0.0937,29.0313,75.0,15.6938,30.2681,2/5/8,bursa_all
2026-09-19 05:40:56,2026-09-18,5297.KL,0.185,0.19,0.185,24.4176,2.0868,46.1659,25.0,37.1515,21.6837,2/5/8,bursa_all
2026-09-19 05:40:56,2026-09-18,5298.KL,0.63,0.635,0.59,25.8368,16.3061,36.2044,25.0,30.0881,49.5265,2/5/8,bursa_all
2026-09-19 05:40:56,2026-09-18,5299.KL,0.61,0.63,0.61,24.5243,33.4678,40.1051,0.0,81.437,38.4509,2/5/8,bursa_all
2026-09-19 05:40:56,2026-09-18,5300.KL,0.8,0.81,0.7754,75.9655,72.3097,55.5867,100.0,19.5587,51.2688,2/5/8,bursa_all
2026-09-19 05:40:56,2026-09-18,5301.KL,0.62,0.67,0.615,18.1927,12.4818,42.0964,0.0,67.2691,30.1746,2/5/8,bursa_all
2026-09-19 05:40:56,2026-09-18,5302.KL,0.76,0.8043,0.74,36.4058,38.6334,45.584,25.0,70.1581,25.549,2/5/8,bursa_all
2026-09-19 05:40:56,2026-09-18,5303.KL,0.38,0.39,0.375,42.576,27.9935,49.7346,50.0,36.244,58.0085,2/5/8,bursa_all
2026-09-19 05:40:56,2026-09-18,5305.KL,0.105,0.115,0.1,21.1393,3.8083,47.1097,12.5,38.1957,24.0535,2/5/8,bursa_all
2026-09-19 05:40:56,2026-09-18,5306.KL,2.0,2.0,1.95,67.457,50.541,64.3301,87.5,53.9689,21.1288,2/5/8,bursa_all
2026-09-19 05:40:56,2026-09-18,5307.KL,1.5,1.54,1.49,23.3007,15.7449,41.6571,12.5,41.8339,46.0006,2/5/8,bursa_all
2026-09-19 05:40:56,2026-09-18,5308.KL,0.705,0.71,0.7,61.2995,74.4654,59.433,50.0,73.9141,18.2322,2/5/8,bursa_all
2026-09-19 05:40:56,2026-09-18,5309.KL,4.38,4.63,4.32,29.6625,41.7945,47.1929,0.0,79.8865,19.6744,2/5/8,bursa_all
2026-09-19 05:40:56,2026-09-18,5310.KL,0.65,0.65,0.63,51.3603,79.2575,49.8233,25.0,79.6201,21.5408,2/5/8,bursa_all
2026-09-19 05:40:56,2026-09-18,5311.KL,0.275,0.275,0.245,78.984,79.123,57.829,100.0,25.1988,40.0633,2/5/8,bursa_all
2026-09-19 05:40:56,2026-09-18,5313.KL,0.55,0.56,0.55,26.1413,34.3127,31.6112,12.5,41.4302,81.9517,2/5/8,bursa_all
2026-09-19 05:40:56,2026-09-18,5315.KL,0.39,0.41,0.385,25.7898,30.8216,46.5479,0.0,79.7721,18.8728,2/5/8,bursa_all
2026-09-19 05:40:56,2026-09-18,5316.KL,0.125,0.13,0.125,25.109,27.6834,47.6435,0.0,73.2241,16.0363,2/5/8,bursa_all
2026-09-19 05:40:56,2026-09-18,5317.KL,1.22,1.29,1.17,35.5615,51.4156,42.7688,12.5,69.9022,30.7583,2/5/8,bursa_all
2026-09-19 05:40:56,2026-09-18,5318.KL,0.465,0.475,0.46,53.2128,87.4223,47.2162,25.0,77.4875,36.7386,2/5/8,bursa_all
2026-09-19 05:40:56,2026-09-18,5319.KL,0.66,0.67,0.64,24.6506,37.2582,36.6936,0.0,68.1223,51.6413,2/5/8,bursa_all
2026-09-19 05:40:56,2026-09-18,5321.KL,1.38,1.38,1.24,72.0245,60.9265,55.1471,100.0,26.0859,70.6838,2/5/8,bursa_all
2026-09-19 05:40:56,2026-09-18,5322.KL,0.23,0.24,0.225,37.5401,52.786,47.3344,12.5,57.9446,28.2917,2/5/8,bursa_all
2026-09-19 05:40:56,2026-09-18,5323.KL,1.9,1.98,1.88,26.0427,21.572,44.0561,12.5,56.6319,47.8897,2/5/8,bursa_all
2026-09-19 05:40:56,2026-09-18,5325.KL,1.15,1.23,1.15,27.0647,39.6639,41.5302,0.0,73.388,30.7568,2/5/8,bursa_all
2026-09-19 05:40:56,2026-09-18,5326.KL,3.19,3.37,3.11,14.9804,3.6344,41.3067,0.0,25.2385,59.1607,2/5/8,bursa_all
2026-09-19 05:40:56,2026-09-18,5327.KL,2.61,2.61,2.37,87.6063,99.8913,75.4277,87.5,69.3351,67.581,2/5/8,bursa_all
2026-09-19 05:40:56,2026-09-18,5328.KL,1.72,1.73,1.61,59.5172,74.1727,54.3787,50.0,38.0932,80.9815,2/5/8,bursa_all
2026-09-19 05:40:56,2026-09-18,5329.KL,0.97,0.98,0.96,11.3582,4.2276,29.8469,0.0,16.3925,23.5859,2/5/8,bursa_all
2026-09-19 05:40:56,2026-09-18,5330.KL,3.14,3.15,2.94,78.0518,93.3833,53.272,87.5,57.8316,34.1823,2/5/8,bursa_all
2026-09-19 05:40:56,2026-09-18,5331.KL,0.51,0.515,0.49,65.8616,85.1363,62.4484,50.0,69.2172,26.2045,2/5/8,bursa_all
2026-09-19 05:40:56,2026-09-18,5332.KL,0.355,0.37,0.35,13.957,4.7779,37.0931,0.0,22.1692,45.039,2/5/8,bursa_all
2026-09-19 05:40:56,2026-09-18,5335.KL,1.89,1.89,1.72,82.2346,84.7943,61.9095,100.0,40.5823,44.6247,2/5/8,bursa_all
2026-09-19 05:40:56,2026-09-18,5336.KL,0.37,0.41,0.37,13.5862,6.4903,34.2683,0.0,24.4616,44.7092,2/5/8,bursa_all
2026-09-19 05:40:56,2026-09-18,5337.KL,1.48,1.48,1.42,67.9617,60.9128,55.4724,87.5,24.7042,75.3237,2/5/8,bursa_all
2026-09-19 05:40:56,2026-09-18,5338.KL,0.825,0.84,0.82,28.1064,7.9282,38.8911,37.5,22.9925,54.9782,2/5/8,bursa_all
2026-09-19 05:40:56,2026-09-18,5340.KL,8.35,8.45,7.99,52.8074,63.2562,57.6659,37.5,61.2287,28.7344,2/5/8,bursa_all
2026-09-19 05:40:56,2026-09-18,5341.KL,0.72,0.77,0.72,27.7617,18.3072,39.9778,25.0,43.3736,66.5962,2/5/8,bursa_all
2026-09-19 05:40:56,2026-09-18,5343.KL,0.36,0.3693,0.345,54.3258,29.2626,58.7148,75.0,41.5363,66.3937,2/5/8,bursa_all
2026-09-19 05:40:56,2026-09-18,5345.KL,0.265,0.275,0.265,27.4327,20.2924,37.0058,25.0,34.7355,62.7888,2/5/8,bursa_all
2026-09-19 05:40:56,2026-09-18,5346.KL,0.28,0.295,0.275,20.1852,4.3044,31.2514,25.0,23.2987,32.673,2/5/8,bursa_all
2026-09-19 05:40:56,2026-09-18,5347.KL,13.04,13.76,12.8,8.4602,0.6247,24.7557,0.0,27.159,12.0602,2/5/8,bursa_all
2026-09-19 05:40:56,2026-09-18,5348.KL,0.795,0.8,0.78,49.7117,28.5804,58.0548,62.5,28.4596,52.3947,2/5/8,bursa_all
2026-09-19 05:40:56,2026-09-18,5351.KL,0.88,0.905,0.865,36.1257,4.679,53.6983,50.0,20.8542,18.8731,2/5/8,bursa_all
2026-09-19 05:40:56,2026-09-18,5352.KL,1.19,1.22,1.09,55.6493,51.1446,53.3033,62.5,16.6959,40.2281,2/5/8,bursa_all
2026-09-19 05:40:56,2026-09-18,5371.KL,0.905,0.905,0.85,76.7641,80.6635,62.1288,87.5,46.7335,28.3097,2/5/8,bursa_all
2026-09-19 05:40:56,2026-09-18,5398.KL,4.78,4.91,4.68,42.8325,77.4036,38.5939,12.5,85.3962,78.7691,2/5/8,bursa_all
2026-09-19 05:40:56,2026-09-18,5401.KL,1.2,1.2,1.15,53.5037,58.6377,51.8734,50.0,72.7961,15.9254,2/5/8,bursa_all
2026-09-19 05:40:56,2026-09-18,5436.KL,0.805,0.85,0.75,50.4228,25.5933,50.675,75.0,12.6112,20.9947,2/5/8,bursa_all
2026-09-19 05:40:56,2026-09-18,5517.KL,1.59,1.6,1.57,41.1054,38.0816,47.7346,37.5,70.0083,12.4198,2/5/8,bursa_all
2026-09-19 05:40:56,2026-09-18,5533.KL,0.75,0.75,0.75,34.2059,0.4032,52.2146,50.0,34.2059,15.0811,2/5/8,bursa_all
2026-09-19 05:40:56,2026-09-18,5555.KL,2.26,2.26,2.11,80.386,93.5328,60.1251,87.5,68.4505,33.986,2/5/8,bursa_all
2026-09-19 05:40:56,2026-09-18,5568.KL,0.16,0.165,0.15,43.7483,55.7374,50.5076,25.0,36.4405,81.7464,2/5/8,bursa_all
2026-09-19 05:40:56,2026-09-18,5576.KL,0.265,0.265,0.26,79.4574,91.3451,59.5273,87.5,39.0921,39.0921,2/5/8,bursa_all
2026-09-19 05:40:56,2026-09-18,5592.KL,0.315,0.315,0.315,42.4433,9.0117,55.8181,62.5,46.6099,31.5986,2/5/8,bursa_all
2026-09-19 05:40:56,2026-09-18,5606.KL,2.3,2.35,2.28,27.4239,8.7505,36.0212,37.5,21.8427,50.5921,2/5/8,bursa_all
2026-09-19 05:40:56,2026-09-18,5614.KL,1.15,1.18,1.13,58.2736,89.6892,47.6315,37.5,45.6672,92.346,2/5/8,bursa_all
2026-09-19 05:40:56,2026-09-18,5649.KL,0.185,0.25,0.185,31.7276,35.3307,47.3521,12.5,67.9059,25.3675,2/5/8,bursa_all
2026-09-19 05:40:56,2026-09-18,5657.KL,0.175,0.19,0.17,21.0465,15.0298,35.6096,12.5,38.1871,46.322,2/5/8,bursa_all
2026-09-19 05:40:56,2026-09-18,5665.KL,0.58,0.6,0.55,83.7465,99.7005,76.5388,75.0,78.0728,88.9491,2/5/8,bursa_all
2026-09-19 05:40:56,2026-09-18,5673.KL,0.215,0.215,0.205,71.8575,53.3256,62.2468,100.0,22.0216,24.502,2/5/8,bursa_all
2026-09-19 05:40:56,2026-09-18,5681.KL,20.08,21.08,20.08,28.8193,44.0458,42.4121,0.0,81.5539,46.3589,2/5/8,bursa_all
2026-09-19 05:40:56,2026-09-18,5703.KL,0.445,0.45,0.44,21.1781,2.2965,23.7377,37.5,14.7156,17.6667,2/5/8,bursa_all
2026-09-19 05:40:56,2026-09-18,5738.KL,0.155,0.155,0.135,49.6409,59.7202,51.7025,37.5,53.8075,57.9742,2/5/8,bursa_all
2026-09-19 05:40:56,2026-09-18,5789.KL,0.385,0.39,0.38,41.4167,3.0885,58.6616,62.5,9.291,13.0325,2/5/8,bursa_all
2026-09-19 05:40:56,2026-09-18,5797.KL,0.505,0.505,0.5,74.1304,63.9203,58.4709,100.0,21.1331,21.7945,2/5/8,bursa_all
2026-09-19 05:40:56,2026-09-18,5819.KL,22.54,23.52,22.54,19.3832,15.5923,30.0574,12.5,22.5151,70.4081,2/5/8,bursa_all
2026-09-19 05:40:56,2026-09-18,5827.KL,1.3,1.3,1.22,74.8333,78.8955,58.1044,87.5,45.3039,26.409,2/5/8,bursa_all
2026-09-19 05:40:56,2026-09-18,5843.KL,0.545,0.545,0.54,47.255,49.9761,54.289,37.5,62.3031,17.397,2/5/8,bursa_all
2026-09-19 05:40:56,2026-09-18,5878.KL,2.55,2.6287,2.5192,52.3919,10.7212,58.9545,87.5,17.0134,32.2888,2/5/8,bursa_all
2026-09-19 05:40:56,2026-09-18,5908.KL,5.98,6.03,5.96,32.0769,35.3127,48.4179,12.5,73.4805,33.0971,2/5/8,bursa_all
2026-09-19 05:40:56,2026-09-18,5916.KL,1.79,1.86,1.74,52.3208,57.7909,49.1714,50.0,74.6469,20.0469,2/5/8,bursa_all
2026-09-19 05:40:56,2026-09-18,5932.KL,0.235,0.235,0.235,31.9046,2.9295,55.2843,37.5,31.9046,36.0713,2/5/8,bursa_all
2026-09-19 05:40:56,2026-09-18,5983.KL,4.95,4.99,4.78,65.5378,64.4672,57.146,75.0,23.5739,61.7507,2/5/8,bursa_all
2026-09-19 05:40:56,2026-09-18,6009.KL,0.51,0.525,0.51,11.3092,3.4052,30.5225,0.0,20.9631,28.238,2/5/8,bursa_all
2026-09-19 05:40:56,2026-09-18,6012.KL,3.58,3.62,3.51,57.3305,50.804,58.6874,62.5,37.3956,18.6113,2/5/8,bursa_all
2026-09-19 05:40:56,2026-09-18,6017.KL,2.38,2.38,2.29,80.9814,85.8814,57.0628,100.0,29.6336,33.8885,2/5/8,bursa_all
2026-09-19 05:40:56,2026-09-18,6033.KL,17.5,17.54,17.02,69.2498,76.3633,56.3862,75.0,64.6995,24.2385,2/5/8,bursa_all
2026-09-19 05:40:56,2026-09-18,6041.KL,0.155,0.155,0.14,84.7399,98.7447,67.975,87.5,35.1522,35.1522,2/5/8,bursa_all
2026-09-19 05:40:56,2026-09-18,6068.KL,0.285,0.295,0.285,51.9555,61.8655,44.0009,50.0,85.4125,72.3679,2/5/8,bursa_all
2026-09-19 05:40:56,2026-09-18,6076.KL,0.195,0.2,0.145,85.7593,94.4101,62.8677,100.0,75.5846,26.6978,2/5/8,bursa_all
2026-09-19 05:40:56,2026-09-18,6084.KL,0.3,0.315,0.285,87.4301,93.5082,68.7822,100.0,64.6379,64.1827,2/5/8,bursa_all
2026-09-19 05:40:56,2026-09-18,6114.KL,1.99,2.0,1.99,49.9669,76.0266,48.8742,25.0,49.9669,54.1336,2/5/8,bursa_all
2026-09-19 05:40:56,2026-09-18,6139.KL,3.02,3.11,3.02,18.9665,3.7622,28.1373,25.0,25.7331,20.1469,2/5/8,bursa_all
2026-09-19 05:40:56,2026-09-18,6149.KL,1.05,1.05,1.05,78.7784,77.3135,59.0218,100.0,44.2062,33.7506,2/5/8,bursa_all
2026-09-19 05:40:56,2026-09-18,6173.KL,0.185,0.19,0.18,29.1771,24.0165,51.0149,12.5,33.3438,33.3438,2/5/8,bursa_all
2026-09-19 05:40:56,2026-09-18,6181.KL,0.23,0.24,0.215,48.6788,58.7449,49.7915,37.5,48.6788,71.8351,2/5/8,bursa_all
2026-09-19 05:40:56,2026-09-18,6203.KL,0.085,0.095,0.08,25.343,2.2325,48.7965,25.0,36.879,16.6277,2/5/8,bursa_all
2026-09-19 05:40:56,2026-09-18,6211.KL,0.31,0.315,0.305,42.9106,39.8446,38.8873,50.0,30.8532,83.5694,2/5/8,bursa_all
2026-09-19 05:40:56,2026-09-18,6254.KL,0.03,0.03,0.03,47.1165,93.462,47.8875,0.0,47.1165,47.1165,2/5/8,bursa_all
2026-09-19 05:40:56,2026-09-18,6262.KL,2.02,2.13,2.01,19.2551,12.8054,44.9597,0.0,69.7729,35.4342,2/5/8,bursa_all
2026-09-19 05:40:56,2026-09-18,6297.KL,0.21,0.235,0.21,29.2285,35.4356,39.7498,12.5,82.7945,69.2886,2/5/8,bursa_all
2026-09-19 05:40:56,2026-09-18,6351.KL,4.32,4.41,4.28,25.289,0.7695,37.5973,37.5,14.8799,35.2239,2/5/8,bursa_all
2026-09-19 05:40:56,2026-09-18,6378.KL,0.53,0.55,0.52,68.4499,73.6444,56.7053,75.0,39.0799,24.1303,2/5/8,bursa_all
2026-09-19 05:40:56,2026-09-18,6399.KL,0.055,0.06,0.055,36.2995,6.4384,52.46,50.0,16.0632,40.4093,2/5/8,bursa_all
2026-09-19 05:40:56,2026-09-18,6432.KL,5.7,5.78,5.65,46.8041,0.7176,64.6947,75.0,7.4252,18.7036,2/5/8,bursa_all
2026-09-19 05:40:56,2026-09-18,6459.KL,2.8,2.88,2.77,26.2515,12.4916,28.763,37.5,25.2989,22.894,2/5/8,bursa_all
2026-09-19 05:40:56,2026-09-18,6483.KL,0.595,0.61,0.59,18.9116,0.0539,19.1807,37.5,11.93,9.3464,2/5/8,bursa_all
2026-09-19 05:40:56,2026-09-18,6491.KL,2.5,2.61,2.49,15.6079,7.2316,27.0922,12.5,26.6734,25.6003,2/5/8,bursa_all
2026-09-19 05:40:56,2026-09-18,6521.KL,1.16,1.2,1.14,13.1641,0.056,26.9361,12.5,10.9516,13.3581,2/5/8,bursa_all
2026-09-19 05:40:56,2026-09-18,6556.KL,0.53,0.56,0.53,44.3923,47.2541,48.4226,37.5,31.1947,45.0477,2/5/8,bursa_all
2026-09-19 05:40:56,2026-09-18,6599.KL,0.97,1.0,0.955,25.5421,4.2669,34.8593,37.5,33.1039,21.4767,2/5/8,bursa_all
2026-09-19 05:40:56,2026-09-18,6602.KL,0.255,0.255,0.24,73.6337,77.8398,55.5612,87.5,29.6548,80.397,2/5/8,bursa_all
2026-09-19 05:40:56,2026-09-18,6633.KL,0.71,0.79,0.71,17.9861,12.1673,41.7911,0.0,71.5606,14.6204,2/5/8,bursa_all
2026-09-19 05:40:56,2026-09-18,6637.KL,0.04,0.04,0.04,32.0005,5.2165,53.2849,37.5,15.0693,39.877,2/5/8,bursa_all
2026-09-19 05:40:56,2026-09-18,6718.KL,1.26,1.3,1.25,80.609,84.9627,69.3641,87.5,75.8486,13.3286,2/5/8,bursa_all
2026-09-19 05:40:56,2026-09-18,6742.KL,5.58,5.81,5.49,27.1603,37.652,31.3288,12.5,42.165,75.7048,2/5/8,bursa_all
2026-09-19 05:40:56,2026-09-18,6769.KL,0.11,0.11,0.105,38.595,42.2314,48.5536,25.0,42.7616,42.7616,2/5/8,bursa_all
2026-09-19 05:40:56,2026-09-18,6807.KL,0.165,0.165,0.165,24.4269,30.0868,43.1937,0.0,73.7911,32.229,2/5/8,bursa_all
2026-09-19 05:40:56,2026-09-18,6815.KL,0.705,0.71,0.68,48.5432,64.221,43.9086,37.5,70.6019,36.5361,2/5/8,bursa_all
2026-09-19 05:40:56,2026-09-18,6874.KL,0.88,0.93,0.875,22.126,9.911,43.9672,12.5,53.7118,11.3626,2/5/8,bursa_all
2026-09-19 05:40:56,2026-09-18,6888.KL,1.74,1.76,1.68,69.4847,47.6187,60.8355,100.0,17.9965,30.6037,2/5/8,bursa_all
2026-09-19 05:40:56,2026-09-18,6904.KL,0.7,0.7,0.7,49.8151,49.4297,50.0157,50.0,64.5952,31.0419,2/5/8,bursa_all
2026-09-19 05:40:56,2026-09-18,6912.KL,0.28,0.295,0.28,17.6626,7.1313,33.3565,12.5,26.5738,55.4539,2/5/8,bursa_all
2026-09-19 05:40:56,2026-09-18,6939.KL,1.04,1.04,1.03,37.2935,9.0406,52.8399,50.0,21.2701,38.1031,2/5/8,bursa_all
2026-09-19 05:40:56,2026-09-18,6947.KL,2.6,2.72,2.59,21.0676,16.2296,46.9734,0.0,58.5434,17.1741,2/5/8,bursa_all
2026-09-19 05:40:56,2026-09-18,6963.KL,0.23,0.24,0.22,51.6288,66.9806,50.4059,37.5,62.8265,39.9198,2/5/8,bursa_all
2026-09-19 05:40:56,2026-09-18,6971.KL,2.26,2.29,2.09,64.2718,51.7434,53.5721,87.5,27.4593,30.5794,2/5/8,bursa_all
2026-09-19 05:40:56,2026-09-18,6998.KL,0.07,0.07,0.065,32.4388,34.4983,50.318,12.5,36.6054,36.6054,2/5/8,bursa_all
2026-09-19 05:40:56,2026-09-18,7003.KL,0.305,0.305,0.305,46.6922,78.9609,48.6156,12.5,46.6922,76.4097,2/5/8,bursa_all
2026-09-19 05:40:56,2026-09-18,7004.KL,1.53,1.54,1.51,31.5591,25.0771,32.1001,37.5,23.2886,48.0263,2/5/8,bursa_all
2026-09-19 05:40:56,2026-09-18,7005.KL,0.555,0.58,0.545,23.7999,2.3477,31.552,37.5,34.8788,28.5991,2/5/8,bursa_all
2026-09-19 05:40:56,2026-09-18,7006.KL,1.0,1.05,1.0,13.1473,2.4953,36.9466,0.0,49.9758,54.1425,2/5/8,bursa_all
2026-09-19 05:40:56,2026-09-18,7007.KL,0.235,0.235,0.235,49.1848,75.3103,47.2441,25.0,73.3054,36.8926,2/5/8,bursa_all
2026-09-19 05:40:56,2026-09-18,7010.KL,1.45,1.49,1.39,83.0604,87.4988,61.6825,100.0,58.9921,35.5361,2/5/8,bursa_all
2026-09-19 05:40:56,2026-09-18,7013.KL,0.035,0.035,0.03,67.9761,70.6575,58.2708,75.0,28.5988,79.721,2/5/8,bursa_all
2026-09-19 05:40:56,2026-09-18,7014.KL,0.33,0.33,0.28,88.7736,98.8718,67.4491,100.0,81.5029,72.2221,2/5/8,bursa_all
2026-09-19 05:40:56,2026-09-18,7016.KL,0.29,0.29,0.27,69.9518,98.7822,61.0732,50.0,84.475,53.4568,2/5/8,bursa_all
2026-09-19 05:40:56,2026-09-18,7017.KL,0.06,0.065,0.06,19.5284,6.1784,39.9067,12.5,33.086,33.086,2/5/8,bursa_all
2026-09-19 05:40:56,2026-09-18,7018.KL,0.01,0.01,0.005,74.0901,87.0886,60.1818,75.0,39.8529,39.8529,2/5/8,bursa_all
2026-09-19 05:40:56,2026-09-18,7020.KL,0.08,0.09,0.08,18.2246,23.8461,30.8276,0.0,28.4344,77.3762,2/5/8,bursa_all
2026-09-19 05:40:56,2026-09-18,7022.KL,0.225,0.24,0.22,27.3343,23.5865,45.9164,12.5,59.2307,22.5764,2/5/8,bursa_all
2026-09-19 05:40:56,2026-09-18,7025.KL,0.6,0.6,0.6,45.1976,70.5495,52.5434,12.5,49.3643,49.3643,2/5/8,bursa_all
2026-09-19 05:40:56,2026-09-18,7028.KL,0.465,0.48,0.465,24.7436,23.4348,38.296,12.5,37.9624,73.6067,2/5/8,bursa_all
2026-09-19 05:40:56,2026-09-18,7029.KL,1.5,1.55,1.5,19.5747,2.6809,43.5433,12.5,37.5362,30.8558,2/5/8,bursa_all
2026-09-19 05:40:56,2026-09-18,7031.KL,0.34,0.34,0.32,65.0884,52.1194,55.6457,87.5,23.3845,80.0267,2/5/8,bursa_all
2026-09-19 05:40:56,2026-09-18,7033.KL,0.66,0.66,0.66,63.5302,88.7184,51.8724,50.0,82.6028,34.0557,2/5/8,bursa_all
2026-09-19 05:40:56,2026-09-18,7034.KL,1.64,1.68,1.62,39.9523,67.0663,40.2907,12.5,75.9085,26.7342,2/5/8,bursa_all
2026-09-19 05:40:56,2026-09-18,7035.KL,0.9,0.94,0.9,31.5226,16.0647,53.5031,25.0,67.4167,33.2517,2/5/8,bursa_all
2026-09-19 05:40:56,2026-09-18,7036.KL,0.005,0.005,0.005,27.9951,33.3282,50.6571,0.0,27.9951,27.9951,2/5/8,bursa_all
2026-09-19 05:40:56,2026-09-18,7043.KL,0.19,0.2,0.19,56.1441,95.1524,48.28,25.0,81.5367,44.8542,2/5/8,bursa_all
2026-09-19 05:40:56,2026-09-18,7047.KL,0.1,0.1,0.095,36.3469,2.7435,56.2972,50.0,40.5136,40.5136,2/5/8,bursa_all
2026-09-19 05:40:56,2026-09-18,7048.KL,2.59,2.6,2.55,47.3542,69.3615,47.701,25.0,51.5209,60.4532,2/5/8,bursa_all
2026-09-19 05:40:56,2026-09-18,7050.KL,0.165,0.17,0.165,32.8552,19.0586,42.007,37.5,29.4706,64.2918,2/5/8,bursa_all
2026-09-19 05:40:56,2026-09-18,7052.KL,1.07,1.08,1.0,64.6216,23.3185,70.5463,100.0,30.5783,10.8192,2/5/8,bursa_all
2026-09-19 05:40:56,2026-09-18,7053.KL,0.68,0.685,0.615,25.9595,28.3924,36.986,12.5,49.482,66.228,2/5/8,bursa_all
2026-09-19 05:40:56,2026-09-18,7054.KL,0.1,0.1,0.1,48.6041,88.0097,45.3026,12.5,72.9401,41.6751,2/5/8,bursa_all
2026-09-19 05:40:56,2026-09-18,7055.KL,0.86,0.86,0.86,48.09,97.4537,46.8162,0.0,48.09,52.2566,2/5/8,bursa_all
2026-09-19 05:40:56,2026-09-18,7060.KL,1.32,1.35,1.32,38.4649,43.8425,46.5524,25.0,76.9118,23.4793,2/5/8,bursa_all
2026-09-19 05:40:56,2026-09-18,7062.KL,1.32,1.35,1.32,25.8848,5.6067,34.5477,37.5,25.1423,34.2044,2/5/8,bursa_all
2026-09-19 05:40:56,2026-09-18,7066.KL,0.105,0.12,0.1,22.6786,25.3447,42.6912,0.0,79.288,23.108,2/5/8,bursa_all
2026-09-19 05:40:56,2026-09-18,7070.KL,0.095,0.095,0.09,64.8666,62.4206,57.1793,75.0,36.4017,65.9531,2/5/8,bursa_all
2026-09-19 05:40:56,2026-09-18,7071.KL,0.05,0.05,0.045,43.3387,69.8206,47.6954,12.5,43.3387,47.5053,2/5/8,bursa_all
2026-09-19 05:40:56,2026-09-18,7073.KL,0.06,0.06,0.06,27.2706,29.0755,52.7363,0.0,27.2706,27.2706,2/5/8,bursa_all
2026-09-19 05:40:56,2026-09-18,7076.KL,1.14,1.2,1.14,23.2875,24.3954,32.967,12.5,33.4289,55.8331,2/5/8,bursa_all
2026-09-19 05:40:56,2026-09-18,7077.KL,0.28,0.28,0.275,24.5959,21.4246,39.8631,12.5,52.8765,57.0432,2/5/8,bursa_all
2026-09-19 05:40:56,2026-09-18,7078.KL,0.095,0.095,0.095,12.0621,2.5502,21.136,12.5,14.4071,13.3508,2/5/8,bursa_all
2026-09-19 05:40:56,2026-09-18,7079.KL,0.025,0.03,0.02,38.6863,66.6667,49.3923,0.0,38.6863,38.6863,2/5/8,bursa_all
2026-09-19 05:40:56,2026-09-18,7080.KL,0.005,0.01,0.005,21.8522,0.5914,52.4651,12.5,26.0188,10.901,2/5/8,bursa_all
2026-09-19 05:40:56,2026-09-18,7081.KL,1.12,1.18,1.1,26.5442,33.2195,46.413,0.0,76.1055,14.279,2/5/8,bursa_all
2026-09-19 05:40:56,2026-09-18,7082.KL,0.2,0.2,0.19,57.6933,84.5838,50.9961,37.5,81.8844,39.7384,2/5/8,bursa_all
2026-09-19 05:40:56,2026-09-18,7083.KL,1.74,1.74,1.74,39.8209,18.8193,50.6434,50.0,20.5473,75.375,2/5/8,bursa_all
2026-09-19 05:40:56,2026-09-18,7084.KL,4.19,4.19,3.82,84.6019,91.5547,62.251,100.0,68.792,24.6676,2/5/8,bursa_all
2026-09-19 05:40:56,2026-09-18,7085.KL,1.16,1.1698,1.0912,48.7172,59.4181,49.2336,37.5,71.7207,19.8244,2/5/8,bursa_all
2026-09-19 05:40:56,2026-09-18,7086.KL,0.1,0.1,0.1,35.1301,34.6109,45.7793,25.0,24.4279,66.2004,2/5/8,bursa_all
2026-09-19 05:40:56,2026-09-18,7087.KL,1.59,1.6317,1.5825,29.3826,7.3313,43.3165,37.5,28.0601,52.9182,2/5/8,bursa_all
2026-09-19 05:40:56,2026-09-18,7088.KL,0.63,0.635,0.62,56.9817,36.2904,59.6548,75.0,26.8157,16.9396,2/5/8,bursa_all
2026-09-19 05:40:56,2026-09-18,7089.KL,0.25,0.26,0.245,26.2263,8.5505,45.1284,25.0,32.4592,53.5885,2/5/8,bursa_all
2026-09-19 05:40:56,2026-09-18,7091.KL,1.33,1.38,1.29,65.2155,51.8281,56.3184,87.5,17.9473,51.3918,2/5/8,bursa_all
2026-09-19 05:40:56,2026-09-18,7094.KL,3.24,3.25,3.0,87.1064,94.1214,67.1978,100.0,80.6482,45.3886,2/5/8,bursa_all
2026-09-19 05:40:56,2026-09-18,7095.KL,1.67,1.76,1.6,32.9227,40.7204,45.5477,12.5,61.7577,55.2104,2/5/8,bursa_all
2026-09-19 05:40:56,2026-09-18,7096.KL,0.055,0.065,0.055,27.9952,30.4043,41.0814,12.5,72.2213,19.813,2/5/8,bursa_all
2026-09-19 05:40:56,2026-09-18,7097.KL,0.01,0.01,0.005,32.1056,32.6739,51.1429,12.5,32.1056,32.1056,2/5/8,bursa_all
2026-09-19 05:40:56,2026-09-18,7099.KL,0.125,0.13,0.12,30.9252,25.9806,41.795,25.0,45.5258,38.2161,2/5/8,bursa_all
2026-09-19 05:40:56,2026-09-18,7100.KL,2.54,2.63,2.54,17.7513,6.226,34.5278,12.5,27.6193,38.1201,2/5/8,bursa_all
2026-09-19 05:40:56,2026-09-18,7103.KL,3.68,3.84,3.61,25.7018,44.4597,32.6456,0.0,52.6194,86.2855,2/5/8,bursa_all
2026-09-19 05:40:56,2026-09-18,7105.KL,2.12,2.17,2.12,16.8769,13.6482,36.9824,0.0,37.9725,77.766,2/5/8,bursa_all
2026-09-19 05:40:56,2026-09-18,7106.KL,0.39,0.455,0.375,34.2124,59.1534,43.4837,0.0,80.6942,83.0762,2/5/8,bursa_all
2026-09-19 05:40:56,2026-09-18,7107.KL,1.02,1.03,0.99,48.3873,97.8056,47.3564,0.0,48.3873,52.554,2/5/8,bursa_all
2026-09-19 05:40:56,2026-09-18,7108.KL,0.14,0.15,0.135,45.2015,16.2117,56.8928,62.5,45.2015,45.2015,2/5/8,bursa_all
2026-09-19 05:40:56,2026-09-18,7113.KL,0.775,0.845,0.76,48.5517,72.0996,48.5554,25.0,83.7102,25.1682,2/5/8,bursa_all
2026-09-19 05:40:56,2026-09-18,7114.KL,0.035,0.035,0.03,42.6745,41.5629,48.9604,37.5,46.8411,40.2398,2/5/8,bursa_all
2026-09-19 05:40:56,2026-09-18,7115.KL,0.92,0.93,0.91,39.3913,13.4946,54.6792,50.0,25.9892,24.8953,2/5/8,bursa_all
2026-09-19 05:40:56,2026-09-18,7117.KL,0.165,0.17,0.165,42.0112,51.1714,49.8623,25.0,42.0112,42.0112,2/5/8,bursa_all
2026-09-19 05:40:56,2026-09-18,7120.KL,0.11,0.115,0.105,26.1638,27.3627,51.1288,0.0,70.0172,10.4644,2/5/8,bursa_all
2026-09-19 05:40:56,2026-09-18,7121.KL,0.805,0.82,0.79,47.2455,38.6493,53.0873,50.0,23.1717,37.6469,2/5/8,bursa_all
2026-09-19 05:40:56,2026-09-18,7123.KL,0.035,0.04,0.03,23.4203,33.4965,36.7644,0.0,84.2225,41.9658,2/5/8,bursa_all
2026-09-19 05:40:56,2026-09-18,7128.KL,0.265,0.285,0.265,20.0694,20.8221,39.3861,0.0,51.8576,75.8038,2/5/8,bursa_all
2026-09-19 05:40:56,2026-09-18,7129.KL,1.33,1.34,1.29,91.0665,98.7663,74.4332,100.0,79.6155,74.586,2/5/8,bursa_all
2026-09-19 05:40:56,2026-09-18,7131.KL,0.115,0.115,0.11,39.9955,17.712,52.2746,50.0,17.5804,34.6684,2/5/8,bursa_all
2026-09-19 05:40:56,2026-09-18,7132.KL,0.53,0.55,0.53,34.762,28.4728,38.3132,37.5,35.2186,81.5391,2/5/8,bursa_all
2026-09-19 05:40:56,2026-09-18,7133.KL,1.36,1.37,1.34,61.5062,50.1468,59.3717,75.0,30.6387,31.0379,2/5/8,bursa_all
2026-09-19 05:40:56,2026-09-18,7134.KL,0.74,0.745,0.715,32.5313,27.1831,45.4108,25.0,66.9613,41.9281,2/5/8,bursa_all
2026-09-19 05:40:56,2026-09-18,7137.KL,1.8,1.8,1.76,52.5961,86.8259,45.9624,25.0,75.6066,71.6791,2/5/8,bursa_all
2026-09-19 05:40:56,2026-09-18,7139.KL,0.085,0.085,0.08,40.0619,30.7092,51.9765,37.5,40.0619,24.3645,2/5/8,bursa_all
2026-09-19 05:40:56,2026-09-18,7140.KL,0.515,0.55,0.515,37.2193,27.5181,46.6397,37.5,20.0947,37.8199,2/5/8,bursa_all
2026-09-19 05:40:56,2026-09-18,7145.KL,0.2,0.21,0.195,54.8204,98.2915,41.1697,25.0,91.5947,84.3056,2/5/8,bursa_all
2026-09-19 05:40:56,2026-09-18,7146.KL,0.045,0.045,0.04,36.7553,7.4536,52.8122,50.0,16.2485,41.7247,2/5/8,bursa_all
2026-09-19 05:40:56,2026-09-18,7148.KL,1.17,1.21,1.15,13.8465,7.7851,33.7546,0.0,24.6653,41.2621,2/5/8,bursa_all
2026-09-19 05:40:56,2026-09-18,7149.KL,0.17,0.17,0.17,34.1011,12.6373,52.1659,37.5,38.2677,22.796,2/5/8,bursa_all
2026-09-19 05:40:56,2026-09-18,7152.KL,0.22,0.23,0.215,38.9426,41.4725,50.3554,25.0,77.3759,23.4093,2/5/8,bursa_all
2026-09-19 05:40:56,2026-09-18,7153.KL,1.23,1.25,1.18,69.2015,85.1212,59.9833,62.5,79.2296,19.6132,2/5/8,bursa_all
2026-09-19 05:40:56,2026-09-18,7154.KL,0.02,0.03,0.02,14.7065,5.439,38.6806,0.0,36.3615,36.3615,2/5/8,bursa_all
2026-09-19 05:40:56,2026-09-18,7155.KL,0.35,0.365,0.32,87.5789,93.6271,69.1097,100.0,78.1466,68.1028,2/5/8,bursa_all
2026-09-19 05:40:56,2026-09-18,7157.KL,0.28,0.34,0.28,34.6956,21.6342,44.9526,37.5,44.8446,25.624,2/5/8,bursa_all
2026-09-19 05:40:56,2026-09-18,7160.KL,5.54,5.57,5.07,76.7512,84.554,58.1996,87.5,68.0241,12.618,2/5/8,bursa_all
2026-09-19 05:40:56,2026-09-18,7161.KL,3.45,3.55,3.38,37.8361,76.7584,36.7498,0.0,85.2864,78.7513,2/5/8,bursa_all
2026-09-19 05:40:56,2026-09-18,7162.KL,0.485,0.5,0.48,20.5642,18.6854,43.0071,0.0,75.771,69.5514,2/5/8,bursa_all
2026-09-19 05:40:56,2026-09-18,7163.KL,4.0,4.13,3.91,66.7251,99.0614,63.6138,37.5,81.4754,65.2568,2/5/8,bursa_all
2026-09-19 05:40:56,2026-09-18,7165.KL,0.07,0.07,0.07,46.9464,80.3522,47.9869,12.5,46.9464,46.9464,2/5/8,bursa_all
2026-09-19 05:40:56,2026-09-18,7167.KL,1.61,1.65,1.6,28.1176,41.8756,42.4771,0.0,72.1662,81.7986,2/5/8,bursa_all
2026-09-19 05:40:56,2026-09-18,7168.KL,0.095,0.095,0.06,78.025,70.368,63.7071,100.0,25.2044,10.5727,2/5/8,bursa_all
2026-09-19 05:40:56,2026-09-18,7169.KL,0.745,0.745,0.705,56.8775,89.5394,43.5931,37.5,78.9306,71.3596,2/5/8,bursa_all
2026-09-19 05:40:56,2026-09-18,7170.KL,0.13,0.135,0.13,23.1357,18.3198,38.5872,12.5,38.5904,59.9644,2/5/8,bursa_all
2026-09-19 05:40:56,2026-09-18,7172.KL,1.72,1.76,1.68,24.7488,16.7103,45.0361,12.5,62.6791,56.5815,2/5/8,bursa_all
2026-09-19 05:40:56,2026-09-18,7173.KL,0.195,0.2,0.19,36.9528,5.404,55.4543,50.0,23.6033,18.1595,2/5/8,bursa_all
2026-09-19 05:40:56,2026-09-18,7174.KL,0.53,0.55,0.525,32.1038,42.2622,41.5491,12.5,84.8571,56.7427,2/5/8,bursa_all
2026-09-19 05:40:56,2026-09-18,7176.KL,0.27,0.28,0.27,59.4473,76.0001,52.3418,50.0,72.51,76.0468,2/5/8,bursa_all
2026-09-19 05:40:56,2026-09-18,7178.KL,1.98,2.0,1.95,13.6164,3.5721,24.7771,12.5,16.1289,19.55,2/5/8,bursa_all
2026-09-19 05:40:56,2026-09-18,7179.KL,1.63,1.63,1.57,66.457,99.7899,49.581,50.0,51.3847,80.7458,2/5/8,bursa_all
2026-09-19 05:40:56,2026-09-18,7180.KL,0.79,0.845,0.785,33.7709,38.4217,50.3909,12.5,78.9207,21.3696,2/5/8,bursa_all
2026-09-19 05:40:56,2026-09-18,7181.KL,0.025,0.025,0.02,29.7502,12.8437,51.4071,25.0,29.7502,16.8135,2/5/8,bursa_all
2026-09-19 05:40:56,2026-09-18,7184.KL,0.01,0.015,0.01,20.2858,20.887,39.9703,0.0,54.8781,71.0144,2/5/8,bursa_all
2026-09-19 05:40:56,2026-09-18,7186.KL,0.11,0.125,0.105,30.7403,38.0891,41.6319,12.5,80.9689,30.8862,2/5/8,bursa_all
2026-09-19 05:40:56,2026-09-18,7187.KL,0.995,1.0,0.975,26.6736,0.1133,42.4074,37.5,31.0853,35.252,2/5/8,bursa_all
2026-09-19 05:40:56,2026-09-18,7188.KL,0.025,0.03,0.025,26.515,1.5442,53.0007,25.0,15.6987,37.1016,2/5/8,bursa_all
2026-09-19 05:40:56,2026-09-18,7191.KL,0.13,0.155,0.13,24.9611,33.4559,41.4273,0.0,84.5696,37.6754,2/5/8,bursa_all
2026-09-19 05:40:56,2026-09-18,7192.KL,0.57,0.585,0.545,72.7957,95.2656,73.1215,50.0,70.2663,76.0191,2/5/8,bursa_all
2026-09-19 05:40:56,2026-09-18,7195.KL,2.5,2.52,2.44,69.5926,99.7943,83.9834,25.0,81.0221,83.9559,2/5/8,bursa_all
2026-09-19 05:40:56,2026-09-18,7197.KL,1.16,1.3,1.12,17.6782,3.7174,49.3171,0.0,66.036,18.8379,2/5/8,bursa_all
2026-09-19 05:40:56,2026-09-18,7198.KL,0.52,0.52,0.51,35.847,15.9181,54.1229,37.5,40.0137,30.4982,2/5/8,bursa_all
2026-09-19 05:40:56,2026-09-18,7199.KL,1.01,1.02,0.975,35.579,30.4079,38.8291,37.5,37.0723,74.9976,2/5/8,bursa_all
2026-09-19 05:40:56,2026-09-18,7200.KL,0.24,0.25,0.24,37.3902,52.2873,47.3833,12.5,37.3902,29.933,2/5/8,bursa_all
2026-09-19 05:40:56,2026-09-18,7201.KL,0.055,0.06,0.055,13.8251,1.4747,40.0008,0.0,30.9361,30.9361,2/5/8,bursa_all
2026-09-19 05:40:56,2026-09-18,7202.KL,0.425,0.43,0.42,74.8798,90.2985,59.3409,75.0,51.678,51.678,2/5/8,bursa_all
2026-09-19 05:40:56,2026-09-18,7203.KL,0.395,0.395,0.38,59.8885,78.7162,50.9494,50.0,75.4246,29.1188,2/5/8,bursa_all
2026-09-19 05:40:56,2026-09-18,7204.KL,0.46,0.52,0.44,47.993,77.8176,41.1613,25.0,87.7589,67.2675,2/5/8,bursa_all
2026-09-19 05:40:56,2026-09-18,7207.KL,0.61,0.635,0.6,25.9026,29.1449,36.0629,12.5,44.9728,79.8885,2/5/8,bursa_all
2026-09-19 05:40:56,2026-09-18,7208.KL,0.06,0.065,0.06,24.2192,32.0927,40.5649,0.0,71.6924,32.5837,2/5/8,bursa_all
2026-09-19 05:40:56,2026-09-18,7209.KL,0.105,0.115,0.1,23.1506,12.3188,44.6331,12.5,44.8965,21.9663,2/5/8,bursa_all
2026-09-19 05:40:56,2026-09-18,7210.KL,0.58,0.59,0.58,52.6192,55.8294,52.0284,50.0,43.2429,40.8946,2/5/8,bursa_all
2026-09-19 05:40:56,2026-09-18,7211.KL,0.645,0.695,0.635,16.3464,18.6558,30.3833,0.0,40.3266,34.2413,2/5/8,bursa_all
2026-09-19 05:40:56,2026-09-18,7212.KL,0.235,0.245,0.225,19.0749,3.7414,28.4832,25.0,22.5985,26.2145,2/5/8,bursa_all
2026-09-19 05:40:56,2026-09-18,7214.KL,0.39,0.39,0.365,83.3194,93.997,68.4612,87.5,75.1537,35.5076,2/5/8,bursa_all
2026-09-19 05:40:56,2026-09-18,7215.KL,0.39,0.395,0.28,74.297,98.3402,49.5509,75.0,42.3171,92.1694,2/5/8,bursa_all
2026-09-19 05:40:56,2026-09-18,7216.KL,0.705,0.72,0.705,39.2478,1.5588,53.6846,62.5,46.0248,19.8424,2/5/8,bursa_all
2026-09-19 05:40:56,2026-09-18,7217.KL,0.44,0.445,0.44,30.6046,41.1382,38.1757,12.5,67.6068,50.6871,2/5/8,bursa_all
2026-09-19 05:40:56,2026-09-18,7218.KL,0.43,0.435,0.43,48.7723,51.7382,44.5788,50.0,72.8826,68.7411,2/5/8,bursa_all
2026-09-19 05:40:56,2026-09-18,7219.KL,0.035,0.04,0.035,27.8983,20.0309,51.1638,12.5,17.8871,52.9024,2/5/8,bursa_all
2026-09-19 05:40:56,2026-09-18,7221.KL,0.02,0.02,0.02,47.0024,66.6708,49.3364,25.0,47.0024,51.1691,2/5/8,bursa_all
2026-09-19 05:40:56,2026-09-18,7222.KL,0.735,0.74,0.71,58.4844,57.7344,55.2188,62.5,30.9113,74.7926,2/5/8,bursa_all
2026-09-19 05:40:56,2026-09-18,7223.KL,0.035,0.035,0.025,71.7855,68.6619,59.1945,87.5,23.677,80.6321,2/5/8,bursa_all
2026-09-19 05:40:56,2026-09-18,7225.KL,0.2,0.21,0.195,22.1641,16.7953,37.1969,12.5,24.9812,67.6147,2/5/8,bursa_all
2026-09-19 05:40:56,2026-09-18,7226.KL,0.43,0.43,0.37,77.7817,77.5899,55.7553,100.0,27.211,68.4379,2/5/8,bursa_all
2026-09-19 05:40:56,2026-09-18,7227.KL,0.9,0.9,0.9,43.7258,81.4967,49.6807,0.0,43.7258,43.7258,2/5/8,bursa_all
2026-09-19 05:40:56,2026-09-18,7228.KL,0.255,0.275,0.255,21.3814,2.7992,48.8449,12.5,11.6834,47.4068,2/5/8,bursa_all
2026-09-19 05:40:56,2026-09-18,7229.KL,1.58,1.59,1.55,50.0988,53.6247,46.6718,50.0,74.4285,11.6062,2/5/8,bursa_all
2026-09-19 05:40:56,2026-09-18,7230.KL,1.78,1.79,1.73,25.7237,23.2588,41.4123,12.5,51.2538,17.1683,2/5/8,bursa_all
2026-09-19 05:40:56,2026-09-18,7231.KL,1.11,1.13,1.1,36.4523,42.7331,41.6238,25.0,74.9805,63.4185,2/5/8,bursa_all
2026-09-19 05:40:56,2026-09-18,7232.KL,0.43,0.45,0.425,24.9771,29.3145,45.6168,0.0,67.4999,32.0078,2/5/8,bursa_all
2026-09-19 05:40:56,2026-09-18,7233.KL,2.84,2.85,2.53,70.1791,82.3946,53.1427,75.0,34.5598,58.7182,2/5/8,bursa_all
2026-09-19 05:40:56,2026-09-18,7234.KL,0.285,0.285,0.285,53.7112,59.4323,51.7012,50.0,53.7112,72.521,2/5/8,bursa_all
2026-09-19 05:40:56,2026-09-18,7235.KL,0.83,0.85,0.8,27.8472,39.2188,31.823,12.5,29.1289,72.436,2/5/8,bursa_all
2026-09-19 05:40:56,2026-09-18,7237.KL,1.11,1.15,1.11,20.2856,13.9916,46.8652,0.0,47.279,29.225,2/5/8,bursa_all
2026-09-19 05:40:56,2026-09-18,7239.KL,0.43,0.455,0.425,23.9747,33.8189,38.1052,0.0,68.6937,79.3655,2/5/8,bursa_all
2026-09-19 05:40:56,2026-09-18,7240.KL,0.145,0.15,0.13,19.3199,18.4197,39.5399,0.0,52.964,57.1307,2/5/8,bursa_all
2026-09-19 05:40:56,2026-09-18,7241.KL,0.72,0.72,0.69,83.0581,84.427,64.7472,100.0,44.0358,57.3788,2/5/8,bursa_all
2026-09-19 05:40:56,2026-09-18,7243.KL,0.29,0.295,0.29,49.1499,99.2996,48.15,0.0,49.1499,79.232,2/5/8,bursa_all
2026-09-19 05:40:56,2026-09-18,7245.KL,1.05,1.22,1.03,40.1457,72.5632,35.3738,12.5,72.3051,79.4798,2/5/8,bursa_all
2026-09-19 05:40:56,2026-09-18,7246.KL,1.33,1.33,1.33,39.1081,15.2762,52.0481,50.0,23.6888,44.6078,2/5/8,bursa_all
2026-09-19 05:40:56,2026-09-18,7247.KL,0.315,0.315,0.31,53.838,45.1579,53.856,62.5,44.8129,42.9179,2/5/8,bursa_all
2026-09-19 05:40:56,2026-09-18,7248.KL,0.9,0.955,0.8076,81.2238,99.5284,56.6431,87.5,56.018,60.1847,2/5/8,bursa_all
2026-09-19 05:40:56,2026-09-18,7249.KL,0.915,0.96,0.91,55.2815,87.4635,40.8811,37.5,71.5343,86.5009,2/5/8,bursa_all
2026-09-19 05:40:56,2026-09-18,7250.KL,0.365,0.395,0.365,17.4181,9.2344,43.0198,0.0,78.2774,36.0612,2/5/8,bursa_all
2026-09-19 05:40:56,2026-09-18,7252.KL,0.805,0.82,0.805,36.1044,20.2234,50.5899,37.5,56.1714,22.11,2/5/8,bursa_all
2026-09-19 05:40:56,2026-09-18,7253.KL,0.01,0.01,0.01,18.4752,1.1123,54.3134,0.0,18.4752,18.4752,2/5/8,bursa_all
2026-09-19 05:40:56,2026-09-18,7277.KL,2.09,2.09,1.95,81.1061,85.4802,57.8382,100.0,32.0487,64.115,2/5/8,bursa_all
2026-09-19 05:40:56,2026-09-18,7285.KL,0.12,0.13,0.105,14.2483,2.2907,40.4543,0.0,17.5197,44.3741,2/5/8,bursa_all
2026-09-19 05:40:56,2026-09-18,7293.KL,2.04,2.17,1.95,63.5566,59.1403,56.5296,75.0,21.1315,35.6924,2/5/8,bursa_all
2026-09-19 05:40:56,2026-09-18,7315.KL,0.06,0.07,0.05,67.4353,94.8656,69.9403,37.5,76.6772,64.0265,2/5/8,bursa_all
2026-09-19 05:40:56,2026-09-18,7323.KL,0.455,0.455,0.455,31.9257,21.3422,49.4349,25.0,24.6331,49.0812,2/5/8,bursa_all
2026-09-19 05:40:56,2026-09-18,7374.KL,0.72,0.72,0.71,76.8615,70.2317,60.3528,100.0,42.3917,31.6782,2/5/8,bursa_all
2026-09-19 05:40:56,2026-09-18,7382.KL,0.24,0.28,0.24,13.9366,1.5562,40.2537,0.0,36.361,40.5277,2/5/8,bursa_all
2026-09-19 05:40:56,2026-09-18,7412.KL,1.18,1.18,1.18,56.6264,68.7103,51.1689,50.0,56.6264,71.2327,2/5/8,bursa_all
2026-09-19 05:40:56,2026-09-18,7439.KL,1.92,1.92,1.9,72.7814,95.0928,73.2515,50.0,74.9591,75.9287,2/5/8,bursa_all
2026-09-19 05:40:56,2026-09-18,7471.KL,0.155,0.16,0.155,27.8351,18.3613,40.1439,25.0,41.5206,69.4174,2/5/8,bursa_all
2026-09-19 05:40:56,2026-09-18,7498.KL,0.98,0.985,0.9,48.0666,60.1575,46.5423,37.5,78.7157,14.8668,2/5/8,bursa_all
2026-09-19 05:40:56,2026-09-18,7501.KL,0.46,0.48,0.455,23.1765,0.2758,19.2538,50.0,12.012,26.2121,2/5/8,bursa_all
2026-09-19 05:40:56,2026-09-18,7528.KL,1.45,1.46,1.41,75.1074,64.5174,60.8049,100.0,36.4667,56.063,2/5/8,bursa_all
2026-09-19 05:40:56,2026-09-18,7544.KL,0.885,0.935,0.885,21.1427,0.3208,38.1074,25.0,19.4774,35.4204,2/5/8,bursa_all
2026-09-19 05:40:56,2026-09-18,7579.KL,0.57,0.59,0.555,77.5959,96.9647,60.8231,75.0,84.0799,49.4564,2/5/8,bursa_all
2026-09-19 05:40:56,2026-09-18,7595.KL,0.38,0.415,0.38,10.9666,2.8006,30.0994,0.0,26.7882,33.8674,2/5/8,bursa_all
2026-09-19 05:40:56,2026-09-18,7609.KL,0.99,0.99,0.97,67.9361,73.0173,55.7911,75.0,43.4612,59.1812,2/5/8,bursa_all
2026-09-19 05:40:56,2026-09-18,7617.KL,0.86,0.86,0.86,49.1453,77.348,45.0878,25.0,71.9735,27.1412,2/5/8,bursa_all
2026-09-19 05:40:56,2026-09-18,7668.KL,0.54,0.58,0.525,41.6816,43.6487,43.8961,37.5,65.7329,63.6871,2/5/8,bursa_all
2026-09-19 05:40:56,2026-09-18,7676.KL,0.115,0.135,0.11,15.0112,1.5139,43.5196,0.0,36.3136,40.4803,2/5/8,bursa_all
2026-09-19 05:40:56,2026-09-18,7692.KL,0.265,0.265,0.25,75.873,81.9168,58.2022,87.5,44.8294,34.284,2/5/8,bursa_all
2026-09-19 05:40:56,2026-09-18,7722.KL,0.4,0.4,0.4,38.4948,24.5969,53.3876,37.5,38.4948,22.7751,2/5/8,bursa_all
2026-09-19 05:40:56,2026-09-18,7757.KL,0.66,0.67,0.66,50.6511,67.1487,47.3045,37.5,50.6511,69.1483,2/5/8,bursa_all
2026-09-19 05:40:56,2026-09-18,7765.KL,0.75,0.78,0.7,44.611,36.5965,47.2366,50.0,64.718,26.885,2/5/8,bursa_all
2026-09-19 05:40:56,2026-09-18,7773.KL,0.46,0.495,0.455,22.3429,27.9262,39.1025,0.0,52.172,86.3418,2/5/8,bursa_all
2026-09-19 05:40:56,2026-09-18,7803.KL,0.06,0.07,0.06,24.7058,32.9988,41.1184,0.0,82.4467,34.0567,2/5/8,bursa_all
2026-09-19 05:40:56,2026-09-18,7811.KL,0.85,0.85,0.8,85.116,95.502,59.8459,100.0,47.5803,29.8946,2/5/8,bursa_all
2026-09-19 05:40:56,2026-09-18,7854.KL,2.13,2.17,2.1,43.7621,82.5559,36.2305,12.5,67.4205,86.3505,2/5/8,bursa_all
2026-09-19 05:40:56,2026-09-18,7889.KL,0.06,0.06,0.055,37.485,7.1385,55.3163,50.0,41.6516,17.1021,2/5/8,bursa_all
2026-09-19 05:40:56,2026-09-18,7935.KL,0.68,0.68,0.68,54.9617,64.602,50.2831,50.0,59.1284,69.5557,2/5/8,bursa_all
2026-09-19 05:40:56,2026-09-18,7943.KL,0.19,0.19,0.19,22.048,0.8745,52.7694,12.5,22.048,22.048,2/5/8,bursa_all
2026-09-19 05:40:56,2026-09-18,7986.KL,0.07,0.075,0.07,26.3828,50.0,29.1484,0.0,98.6781,19.3134,2/5/8,bursa_all
2026-09-19 05:40:56,2026-09-18,8044.KL,0.07,0.07,0.07,32.5264,21.9501,50.6291,25.0,32.5264,20.4626,2/5/8,bursa_all
2026-09-19 05:40:56,2026-09-18,8052.KL,0.865,0.87,0.85,30.8822,1.1957,53.951,37.5,14.2406,32.9835,2/5/8,bursa_all
2026-09-19 05:40:56,2026-09-18,8079.KL,0.27,0.27,0.27,21.1321,22.8755,40.5209,0.0,33.6745,77.7184,2/5/8,bursa_all
2026-09-19 05:40:56,2026-09-18,8117.KL,1.8,1.81,1.77,55.3462,69.1895,59.3491,37.5,66.0577,22.7827,2/5/8,bursa_all
2026-09-19 05:40:56,2026-09-18,8141.KL,0.18,0.19,0.16,17.1637,13.4188,38.0721,0.0,52.0475,81.655,2/5/8,bursa_all
2026-09-19 05:40:56,2026-09-18,8176.KL,0.135,0.15,0.135,34.3755,21.8916,43.7349,37.5,42.4281,53.0887,2/5/8,bursa_all
2026-09-19 05:40:56,2026-09-18,8192.KL,0.625,0.625,0.625,44.829,36.2213,48.2657,50.0,26.0201,87.578,2/5/8,bursa_all
2026-09-19 05:40:56,2026-09-18,8206.KL,1.96,1.97,1.88,70.9845,52.8558,60.0976,100.0,12.863,25.6894,2/5/8,bursa_all
2026-09-19 05:40:56,2026-09-18,8273.KL,0.695,0.715,0.695,40.4714,37.6052,46.3091,37.5,54.04,35.9521,2/5/8,bursa_all
2026-09-19 05:40:56,2026-09-18,8303.KL,0.09,0.09,0.085,28.5388,34.2749,38.8417,12.5,82.3742,45.859,2/5/8,bursa_all
2026-09-19 05:40:56,2026-09-18,8311.KL,0.475,0.485,0.445,19.419,28.5974,29.6596,0.0,46.3301,34.699,2/5/8,bursa_all
2026-09-19 05:40:56,2026-09-18,8338.KL,0.075,0.08,0.07,39.8449,38.1949,43.8397,37.5,56.3832,67.2635,2/5/8,bursa_all
2026-09-19 05:40:56,2026-09-18,8346.KL,0.785,0.8,0.75,58.9019,88.4212,38.2846,50.0,54.0336,85.1641,2/5/8,bursa_all
2026-09-19 05:40:56,2026-09-18,8362.KL,0.3,0.33,0.265,78.7482,96.2622,64.9825,75.0,79.0366,52.6498,2/5/8,bursa_all
2026-09-19 05:40:56,2026-09-18,8397.KL,0.785,0.795,0.78,35.3027,36.4388,44.4694,25.0,69.9805,24.5736,2/5/8,bursa_all
2026-09-19 05:40:56,2026-09-18,8419.KL,0.465,0.465,0.43,70.9836,60.4997,52.4511,100.0,20.4532,71.7115,2/5/8,bursa_all
2026-09-19 05:40:56,2026-09-18,8435.KL,3.98,4.0,3.88,52.1571,74.6051,44.3661,37.5,68.9898,53.4703,2/5/8,bursa_all
2026-09-19 05:40:56,2026-09-18,8443.KL,0.7,0.7,0.65,77.3334,76.4096,55.5905,100.0,26.3518,76.5116,2/5/8,bursa_all
2026-09-19 05:40:56,2026-09-18,8478.KL,0.39,0.39,0.355,65.3433,77.2592,56.2706,62.5,56.5625,75.3163,2/5/8,bursa_all
2026-09-19 05:40:56,2026-09-18,8486.KL,0.28,0.29,0.27,35.8154,31.9064,50.5398,25.0,39.982,39.982,2/5/8,bursa_all
2026-09-19 05:40:56,2026-09-18,8494.KL,0.34,0.415,0.34,21.0306,1.1663,36.9256,25.0,15.7025,45.0446,2/5/8,bursa_all
2026-09-19 05:40:56,2026-09-18,8524.KL,0.235,0.25,0.23,22.5239,0.0343,42.5374,25.0,33.588,45.1139,2/5/8,bursa_all
2026-09-19 05:40:56,2026-09-18,8532.KL,0.095,0.095,0.095,33.4427,52.199,48.129,0.0,33.4427,33.4427,2/5/8,bursa_all
2026-09-19 05:40:56,2026-09-18,8567.KL,0.215,0.22,0.21,67.7579,59.9984,55.7752,87.5,32.1733,44.74,2/5/8,bursa_all
2026-09-19 05:40:56,2026-09-18,8583.KL,1.02,1.06,1.0,25.8635,8.7148,31.3756,37.5,16.588,24.8386,2/5/8,bursa_all
2026-09-19 05:40:56,2026-09-18,8591.KL,0.43,0.44,0.43,25.1879,32.5621,43.0015,0.0,79.4888,41.0202,2/5/8,bursa_all
2026-09-19 05:40:56,2026-09-18,8605.KL,0.3,0.3,0.265,76.9465,77.5862,65.7534,87.5,16.1358,17.913,2/5/8,bursa_all
2026-09-19 05:40:56,2026-09-18,8613.KL,0.98,0.98,0.98,45.7658,91.8646,32.9328,12.5,80.7409,18.3529,2/5/8,bursa_all
2026-09-19 05:40:56,2026-09-18,8621.KL,13.06,13.2,13.0,25.4158,1.0821,25.1653,50.0,22.8138,16.2321,2/5/8,bursa_all
2026-09-19 05:40:56,2026-09-18,8648.KL,0.22,0.22,0.205,61.8812,66.8571,56.2866,62.5,32.9187,70.4891,2/5/8,bursa_all
2026-09-19 05:40:56,2026-09-18,8664.KL,0.775,0.82,0.775,29.128,2.4436,47.4403,37.5,41.292,35.2929,2/5/8,bursa_all
2026-09-19 05:40:56,2026-09-18,8672.KL,0.14,0.145,0.14,35.7225,24.9645,44.7029,37.5,49.2183,68.2381,2/5/8,bursa_all
2026-09-19 05:40:56,2026-09-18,8702.KL,0.94,1.01,0.94,18.4634,6.5068,36.3835,12.5,23.8153,23.674,2/5/8,bursa_all
2026-09-19 05:40:56,2026-09-18,8745.KL,0.06,0.06,0.06,39.1582,16.3439,51.1308,50.0,21.408,22.7735,2/5/8,bursa_all
2026-09-19 05:40:56,2026-09-18,8869.KL,7.8,7.83,7.46,50.5316,36.4985,52.5963,62.5,24.5718,64.586,2/5/8,bursa_all
2026-09-19 05:40:56,2026-09-18,8877.KL,0.175,0.18,0.175,28.6333,2.9727,45.4273,37.5,37.8816,37.8816,2/5/8,bursa_all
2026-09-19 05:40:56,2026-09-18,8885.KL,0.035,0.04,0.03,21.7813,20.5158,44.8282,0.0,54.0868,69.39,2/5/8,bursa_all
2026-09-19 05:40:56,2026-09-18,8893.KL,0.145,0.15,0.14,66.9899,68.5078,57.4617,75.0,34.01,73.9071,2/5/8,bursa_all
2026-09-19 05:40:56,2026-09-18,8907.KL,1.71,1.74,1.66,51.5669,23.8364,55.8644,75.0,27.0189,30.0032,2/5/8,bursa_all
2026-09-19 05:40:56,2026-09-18,8923.KL,0.05,0.055,0.05,48.1665,55.9001,51.0993,37.5,62.8704,17.277,2/5/8,bursa_all
2026-09-19 05:40:56,2026-09-18,8966.KL,0.055,0.06,0.055,29.187,10.9031,51.6578,25.0,33.3536,16.9275,2/5/8,bursa_all
2026-09-19 05:40:56,2026-09-18,8982.KL,0.805,0.81,0.8,51.5757,54.3181,50.4091,50.0,66.8657,37.0563,2/5/8,bursa_all
2026-09-19 05:40:56,2026-09-18,9008.KL,0.075,0.08,0.07,13.4187,12.1413,28.1147,0.0,19.1722,28.4011,2/5/8,bursa_all
2026-09-19 05:40:56,2026-09-18,9016.KL,0.45,0.45,0.395,31.2051,34.4938,46.6214,12.5,31.2051,31.2051,2/5/8,bursa_all
2026-09-19 05:40:56,2026-09-18,9059.KL,1.44,1.5,1.42,31.8896,45.7124,37.4564,12.5,51.4334,83.7021,2/5/8,bursa_all
2026-09-19 05:40:56,2026-09-18,9075.KL,0.62,0.67,0.615,27.9242,23.9022,47.3705,12.5,65.7561,21.4416,2/5/8,bursa_all
2026-09-19 05:40:56,2026-09-18,9083.KL,0.07,0.07,0.06,73.0889,59.2133,60.0533,100.0,17.5267,43.8113,2/5/8,bursa_all
2026-09-19 05:40:56,2026-09-18,9091.KL,0.125,0.125,0.125,34.6385,14.2172,52.1984,37.5,23.1672,50.8686,2/5/8,bursa_all
2026-09-19 05:40:56,2026-09-18,9113.KL,0.08,0.08,0.075,80.0754,99.8784,77.8478,62.5,81.9226,78.6315,2/5/8,bursa_all
2026-09-19 05:40:56,2026-09-18,9121.KL,0.65,0.65,0.65,57.357,86.1944,48.3766,37.5,80.8323,35.196,2/5/8,bursa_all
2026-09-19 05:40:56,2026-09-18,9148.KL,0.575,0.575,0.555,81.5682,83.9182,73.2863,87.5,79.1331,26.3739,2/5/8,bursa_all
2026-09-19 05:40:56,2026-09-18,9172.KL,1.07,1.13,1.07,23.2872,18.5119,38.8497,12.5,47.305,29.2055,2/5/8,bursa_all
2026-09-19 05:40:56,2026-09-18,9199.KL,2.37,2.38,2.25,34.8289,29.8199,37.1668,37.5,34.4242,54.5375,2/5/8,bursa_all
2026-09-19 05:40:56,2026-09-18,9237.KL,0.115,0.12,0.115,29.1343,29.8601,45.0429,12.5,63.3011,27.1741,2/5/8,bursa_all
2026-09-19 05:40:56,2026-09-18,9261.KL,0.155,0.17,0.145,77.1768,68.0788,63.4516,100.0,10.6868,17.699,2/5/8,bursa_all
2026-09-19 05:40:56,2026-09-18,9288.KL,0.8,0.835,0.795,29.9361,22.3797,42.4286,25.0,45.5893,68.6053,2/5/8,bursa_all
2026-09-19 05:40:56,2026-09-18,9296.KL,0.945,0.99,0.945,7.6769,0.0743,22.9563,0.0,9.5194,11.8111,2/5/8,bursa_all
2026-09-19 05:40:56,2026-09-18,9318.KL,0.02,0.025,0.02,29.4866,12.0495,51.4103,25.0,16.9526,51.2747,2/5/8,bursa_all
2026-09-19 05:40:56,2026-09-18,9326.KL,0.48,0.49,0.47,43.591,64.2363,41.5367,25.0,83.6227,33.8001,2/5/8,bursa_all
2026-09-19 05:40:56,2026-09-18,9334.KL,3.94,4.03,3.9,32.6749,15.0469,45.4778,37.5,41.3102,17.2905,2/5/8,bursa_all
2026-09-19 05:40:56,2026-09-18,9369.KL,0.84,0.84,0.835,69.671,75.8817,70.6312,62.5,68.8602,68.2757,2/5/8,bursa_all
2026-09-19 05:40:56,2026-09-18,9377.KL,0.065,0.175,0.055,12.3875,0.0355,37.1269,0.0,36.8493,36.8493,2/5/8,bursa_all
2026-09-19 05:40:56,2026-09-18,9385.KL,0.245,0.25,0.245,40.7531,47.7501,49.5093,25.0,40.7531,40.7531,2/5/8,bursa_all
2026-09-19 05:40:56,2026-09-18,9393.KL,0.035,0.035,0.03,68.1823,69.3523,60.1946,75.0,18.723,52.8847,2/5/8,bursa_all
2026-09-19 05:40:56,2026-09-18,9407.KL,1.4,1.53,1.4,24.552,13.6259,47.5301,12.5,63.0456,18.7817,2/5/8,bursa_all
2026-09-19 05:40:56,2026-09-18,9423.KL,0.135,0.14,0.135,30.6867,28.8454,38.2146,25.0,27.5269,85.4328,2/5/8,bursa_all
2026-09-19 05:40:56,2026-09-18,9431.KL,0.495,0.495,0.475,73.8828,70.7897,63.3586,87.5,63.6752,25.6581,2/5/8,bursa_all
2026-09-19 05:40:56,2026-09-18,9466.KL,1.13,1.13,1.07,77.8843,79.4937,54.1592,100.0,31.4476,55.6871,2/5/8,bursa_all
2026-09-19 05:40:56,2026-09-18,9539.KL,0.35,0.35,0.33,37.8382,31.3722,44.6425,37.5,54.4671,24.8676,2/5/8,bursa_all
2026-09-19 05:40:56,2026-09-18,9571.KL,0.495,0.51,0.495,26.6696,1.9299,28.0788,50.0,15.6951,13.6118,2/5/8,bursa_all
2026-09-19 05:40:56,2026-09-18,9598.KL,1.22,1.26,1.21,17.5539,19.9689,32.6927,0.0,35.7248,81.856,2/5/8,bursa_all
2026-09-19 05:40:56,2026-09-18,9601.KL,0.09,0.095,0.085,74.9849,76.5459,60.9087,87.5,43.3606,31.9493,2/5/8,bursa_all
2026-09-19 05:40:56,2026-09-18,9628.KL,0.86,0.86,0.86,41.9542,63.6335,49.7292,12.5,41.9542,41.9542,2/5/8,bursa_all
2026-09-19 05:40:56,2026-09-18,9679.KL,0.375,0.385,0.365,17.6315,2.343,25.5514,25.0,24.231,27.4174,2/5/8,bursa_all
2026-09-19 05:40:56,2026-09-18,9687.KL,1.14,1.1833,1.14,25.9356,12.8417,39.9652,25.0,60.7877,51.2669,2/5/8,bursa_all
2026-09-19 05:40:56,2026-09-18,9695.KL,0.19,0.215,0.19,25.8399,34.7348,42.7848,0.0,82.4401,59.3202,2/5/8,bursa_all
2026-09-19 05:40:56,2026-09-18,9717.KL,0.165,0.165,0.16,22.4089,0.0248,54.7018,12.5,22.4089,22.4089,2/5/8,bursa_all
2026-09-19 05:40:56,2026-09-18,9741.KL,0.165,0.17,0.155,16.7188,0.2762,49.8802,0.0,44.9435,21.8266,2/5/8,bursa_all
2026-09-19 05:40:56,2026-09-18,9792.KL,0.635,0.64,0.625,35.5814,53.0981,41.1461,12.5,79.026,65.2437,2/5/8,bursa_all
2026-09-19 05:40:56,2026-09-18,9814.KL,0.13,0.13,0.12,83.7804,80.0,71.3413,100.0,69.7193,6.201,2/5/8,bursa_all
2026-09-19 05:40:56,2026-09-18,9822.KL,4.13,4.29,3.95,34.8468,21.7875,45.2529,37.5,55.0077,44.1861,2/5/8,bursa_all
2026-09-19 05:40:56,2026-09-18,9873.KL,0.29,0.3,0.285,19.5529,17.4992,41.1596,0.0,42.3309,34.4098,2/5/8,bursa_all
2026-09-19 05:40:56,2026-09-18,9881.KL,0.38,0.4,0.38,58.3304,40.5317,59.4595,75.0,20.1895,48.6876,2/5/8,bursa_all
2026-09-19 05:40:56,2026-09-18,9938.KL,0.165,0.17,0.16,30.0992,21.3452,43.9525,25.0,51.3268,61.8435,2/5/8,bursa_all
2026-09-19 05:40:56,2026-09-18,9946.KL,0.125,0.14,0.125,33.8313,34.4201,42.0739,25.0,75.7607,43.1611,2/5/8,bursa_all
2026-09-19 05:40:56,2026-09-18,9954.KL,0.35,0.35,0.315,68.2552,65.0716,52.194,87.5,28.9785,85.4343,2/5/8,bursa_all
2026-09-19 05:40:56,2026-09-18,9962.KL,0.28,0.28,0.255,74.8626,84.5209,65.0668,75.0,65.1693,27.9936,2/5/8,bursa_all
2026-09-19 05:40:56,2026-09-18,9997.KL,0.41,0.41,0.41,49.4735,44.8908,53.5297,50.0,60.2809,42.9008,2/5/8,bursa_all
2026-09-26 06:01:40,2026-09-25,0001.KL,0.495,0.515,0.47,60.5218,64.2321,54.8332,62.5,29.7298,50.3889,2/5/8,bursa_all
2026-09-26 06:01:40,2026-09-25,0002.KL,3.85,3.85,3.8,68.2493,72.3055,57.4425,75.0,27.2379,81.0073,2/5/8,bursa_all
2026-09-26 06:01:40,2026-09-25,0008.KL,0.29,0.29,0.28,74.6317,66.0996,57.7954,100.0,24.7075,25.0594,2/5/8,bursa_all
2026-09-26 06:01:40,2026-09-25,0012.KL,0.765,0.77,0.745,72.1389,84.7698,56.6468,75.0,50.7903,48.6313,2/5/8,bursa_all
2026-09-26 06:01:40,2026-09-25,0029.KL,0.04,0.04,0.035,71.1779,66.6689,59.3648,87.5,22.8686,72.948,2/5/8,bursa_all
2026-09-26 06:01:40,2026-09-25,0032.KL,0.365,0.3895,0.35,49.9101,61.8688,37.8614,50.0,47.8186,82.504,2/5/8,bursa_all
2026-09-26 06:01:40,2026-09-25,0037.KL,0.205,0.21,0.205,33.8283,35.1042,41.3806,25.0,79.6154,48.7164,2/5/8,bursa_all
2026-09-26 06:01:40,2026-09-25,0039.KL,0.195,0.2,0.19,55.1075,64.2528,51.0697,50.0,61.252,28.8139,2/5/8,bursa_all
2026-09-26 06:01:40,2026-09-25,0040.KL,0.305,0.305,0.3,36.2182,21.084,50.0708,37.5,24.7747,47.1937,2/5/8,bursa_all
2026-09-26 06:01:40,2026-09-25,0043.KL,0.01,0.01,0.005,81.7396,93.91,63.809,87.5,36.17,36.17,2/5/8,bursa_all
2026-09-26 06:01:40,2026-09-25,0049.KL,0.12,0.12,0.115,23.9547,31.079,40.785,0.0,72.1038,32.1508,2/5/8,bursa_all
2026-09-26 06:01:40,2026-09-25,0051.KL,0.055,0.07,0.055,35.9749,38.1267,44.7979,25.0,76.9073,61.0104,2/5/8,bursa_all
2026-09-26 06:01:40,2026-09-25,0054.KL,0.145,0.155,0.145,21.8109,14.1301,26.3025,25.0,18.3395,40.6715,2/5/8,bursa_all
2026-09-26 06:01:40,2026-09-25,0056.KL,0.56,0.575,0.555,31.5026,36.4676,45.5401,12.5,73.2585,39.3162,2/5/8,bursa_all
2026-09-26 06:01:40,2026-09-25,0058.KL,1.8,1.82,1.8,38.1838,48.5389,41.0124,25.0,50.1593,77.6594,2/5/8,bursa_all
2026-09-26 06:01:40,2026-09-25,0059.KL,0.03,0.035,0.03,28.5731,30.8016,42.4176,12.5,66.796,24.3466,2/5/8,bursa_all
2026-09-26 06:01:40,2026-09-25,0064.KL,0.09,0.1,0.08,32.4552,22.4766,49.8889,25.0,36.6219,40.7885,2/5/8,bursa_all
2026-09-26 06:01:40,2026-09-25,0065.KL,0.23,0.235,0.2,69.9411,89.2017,70.6216,50.0,75.7667,75.82,2/5/8,bursa_all
2026-09-26 06:01:40,2026-09-25,0078.KL,0.13,0.135,0.125,38.0419,39.8225,49.3033,25.0,42.2086,30.6995,2/5/8,bursa_all
2026-09-26 06:01:40,2026-09-25,0082.KL,0.015,0.015,0.015,33.3102,9.8638,52.567,37.5,33.3102,17.2168,2/5/8,bursa_all
2026-09-26 06:01:40,2026-09-25,0083.KL,0.66,0.685,0.61,56.4046,65.2109,54.0028,50.0,33.8403,49.1259,2/5/8,bursa_all
2026-09-26 06:01:40,2026-09-25,0090.KL,0.26,0.27,0.25,41.5339,36.2683,50.8334,37.5,41.5339,35.229,2/5/8,bursa_all
2026-09-26 06:01:40,2026-09-25,0091.KL,0.065,0.065,0.055,69.5312,62.0884,59.0052,87.5,22.2122,44.3328,2/5/8,bursa_all
2026-09-26 06:01:40,2026-09-25,0097.KL,9.91,10.08,9.54,68.2522,95.9734,58.7832,50.0,74.5792,41.6913,2/5/8,bursa_all
2026-09-26 06:01:40,2026-09-25,0099.KL,2.32,2.36,2.26,61.7858,72.1848,50.6726,62.5,26.0239,63.9897,2/5/8,bursa_all
2026-09-26 06:01:40,2026-09-25,0101.KL,0.43,0.445,0.415,24.8261,22.0392,52.4392,0.0,70.9964,18.2695,2/5/8,bursa_all
2026-09-26 06:01:40,2026-09-25,0104.KL,0.32,0.33,0.3,69.3211,59.8087,60.6548,87.5,25.362,23.7082,2/5/8,bursa_all
2026-09-26 06:01:40,2026-09-25,0113.KL,0.28,0.29,0.28,26.0882,11.1364,42.1283,25.0,41.0196,41.0196,2/5/8,bursa_all
2026-09-26 06:01:40,2026-09-25,0118.KL,0.015,0.015,0.015,22.6568,3.0975,52.3729,12.5,22.6568,26.8235,2/5/8,bursa_all
2026-09-26 06:01:40,2026-09-25,0126.KL,0.045,0.05,0.045,23.6943,30.7005,40.3825,0.0,80.5582,26.467,2/5/8,bursa_all
2026-09-26 06:01:40,2026-09-25,0127.KL,0.53,0.555,0.51,44.2461,63.3751,44.3633,25.0,29.9277,88.895,2/5/8,bursa_all
2026-09-26 06:01:40,2026-09-25,0128.KL,5.05,5.11,4.92,67.1999,74.4775,64.6222,62.5,67.2284,22.4554,2/5/8,bursa_all
2026-09-26 06:01:40,2026-09-25,0136.KL,0.15,0.16,0.15,24.7199,31.2721,42.8875,0.0,87.3061,74.7427,2/5/8,bursa_all
2026-09-26 06:01:40,2026-09-25,0138.KL,0.19,0.21,0.17,29.0849,0.7218,24.0329,62.5,13.8462,32.2522,2/5/8,bursa_all
2026-09-26 06:01:40,2026-09-25,0143.KL,0.065,0.07,0.055,65.7046,75.5426,59.0712,62.5,42.7694,36.0541,2/5/8,bursa_all
2026-09-26 06:01:40,2026-09-25,0146.KL,0.685,0.71,0.67,73.7373,81.5944,64.6175,75.0,50.0538,58.0687,2/5/8,bursa_all
2026-09-26 06:01:40,2026-09-25,0149.KL,0.435,0.465,0.425,55.3638,47.4727,56.1188,62.5,25.8999,73.3525,2/5/8,bursa_all
2026-09-26 06:01:40,2026-09-25,0151.KL,8.99,9.0,8.5,62.5025,77.2767,60.2307,50.0,55.1617,29.5866,2/5/8,bursa_all
2026-09-26 06:01:40,2026-09-25,0157.KL,0.505,0.51,0.5,37.1143,25.7201,48.1229,37.5,22.3189,62.9752,2/5/8,bursa_all
2026-09-26 06:01:40,2026-09-25,0159.KL,0.015,0.015,0.015,23.1487,16.8419,52.6041,0.0,23.1487,23.1487,2/5/8,bursa_all
2026-09-26 06:01:40,2026-09-25,0161.KL,0.25,0.255,0.245,36.3446,19.947,51.5867,37.5,20.5172,85.7444,2/5/8,bursa_all
2026-09-26 06:01:40,2026-09-25,0163.KL,0.08,0.095,0.075,40.4923,46.584,49.893,25.0,37.532,79.4586,2/5/8,bursa_all
2026-09-26 06:01:40,2026-09-25,0166.KL,2.66,2.72,2.6,51.9124,80.9335,49.8036,25.0,41.7434,75.0795,2/5/8,bursa_all
2026-09-26 06:01:40,2026-09-25,0168.KL,1.67,1.76,1.52,72.9488,70.8709,60.4757,87.5,19.2746,28.3506,2/5/8,bursa_all
2026-09-26 06:01:40,2026-09-25,0172.KL,0.49,0.515,0.445,86.2792,97.99,60.8477,100.0,74.3084,68.619,2/5/8,bursa_all
2026-09-26 06:01:40,2026-09-25,0180.KL,0.14,0.15,0.135,42.5763,41.5296,48.6993,37.5,35.6368,72.9851,2/5/8,bursa_all
2026-09-26 06:01:40,2026-09-25,0183.KL,0.115,0.13,0.11,46.3151,35.4043,53.541,50.0,29.255,33.0082,2/5/8,bursa_all
2026-09-26 06:01:40,2026-09-25,0185.KL,0.47,0.485,0.46,27.4417,4.2871,28.0381,50.0,21.1948,29.3984,2/5/8,bursa_all
2026-09-26 06:01:40,2026-09-25,0186.KL,0.19,0.21,0.185,33.9723,27.5651,49.3519,25.0,61.6846,27.2633,2/5/8,bursa_all
2026-09-26 06:01:40,2026-09-25,0192.KL,0.42,0.43,0.38,85.9067,94.1083,63.6117,100.0,66.346,37.6917,2/5/8,bursa_all
2026-09-26 06:01:40,2026-09-25,0193.KL,0.42,0.425,0.4,84.2611,90.3962,62.3869,100.0,67.3465,27.3698,2/5/8,bursa_all
2026-09-26 06:01:40,2026-09-25,0196.KL,0.595,0.61,0.53,81.0964,82.3996,60.8896,100.0,17.3357,19.646,2/5/8,bursa_all
2026-09-26 06:01:40,2026-09-25,0197.KL,0.1,0.1,0.095,77.5491,97.0608,60.5866,75.0,43.3543,47.5209,2/5/8,bursa_all
2026-09-26 06:01:40,2026-09-25,0198.KL,0.43,0.44,0.42,72.6786,53.7231,64.3127,100.0,45.0164,17.4155,2/5/8,bursa_all
2026-09-26 06:01:40,2026-09-25,0200.KL,0.075,0.08,0.075,36.4463,34.694,49.6449,25.0,24.9727,64.1862,2/5/8,bursa_all
2026-09-26 06:01:40,2026-09-25,0201.KL,0.365,0.385,0.35,72.7821,90.4249,52.9215,75.0,42.023,52.5631,2/5/8,bursa_all
2026-09-26 06:01:40,2026-09-25,0207.KL,0.085,0.095,0.08,29.8849,14.6298,50.0249,25.0,18.2958,78.0267,2/5/8,bursa_all
2026-09-26 06:01:40,2026-09-25,0208.KL,2.62,2.64,2.55,72.0013,85.2112,55.7928,75.0,40.5198,46.5602,2/5/8,bursa_all
2026-09-26 06:01:40,2026-09-25,0212.KL,0.39,0.43,0.39,18.0621,15.9878,38.1986,0.0,37.9049,81.0012,2/5/8,bursa_all
2026-09-26 06:01:40,2026-09-25,0215.KL,4.06,4.22,3.43,83.2235,98.2936,51.3769,100.0,48.7623,86.0024,2/5/8,bursa_all
2026-09-26 06:01:40,2026-09-25,0219.KL,0.31,0.32,0.305,51.2154,99.2224,41.9237,12.5,51.2154,67.9838,2/5/8,bursa_all
2026-09-26 06:01:40,2026-09-25,0222.KL,0.51,0.515,0.505,9.9737,0.5907,29.3304,0.0,13.3088,39.1573,2/5/8,bursa_all
2026-09-26 06:01:40,2026-09-25,0223.KL,2.86,2.98,2.07,87.9376,99.8698,63.9431,100.0,77.3952,62.3307,2/5/8,bursa_all
2026-09-26 06:01:40,2026-09-25,0225.KL,2.88,2.91,2.55,81.9886,93.7317,52.2342,100.0,32.8339,66.8666,2/5/8,bursa_all
2026-09-26 06:01:40,2026-09-25,0229.KL,0.1,0.105,0.095,52.8994,98.71,47.488,12.5,82.7,52.3861,2/5/8,bursa_all
2026-09-26 06:01:40,2026-09-25,0230.KL,0.59,0.595,0.58,21.2208,0.0197,38.6426,25.0,19.2461,17.4608,2/5/8,bursa_all
2026-09-26 06:01:40,2026-09-25,0239.KL,0.865,0.885,0.855,80.7537,91.031,63.7301,87.5,33.0987,16.7141,2/5/8,bursa_all
2026-09-26 06:01:40,2026-09-25,0242.KL,0.905,1.1,0.89,78.3881,75.004,60.1602,100.0,17.8585,54.7941,2/5/8,bursa_all
2026-09-26 06:01:40,2026-09-25,0245.KL,4.0,4.03,3.74,78.8833,95.8885,65.7613,75.0,57.9673,58.4593,2/5/8,bursa_all
2026-09-26 06:01:40,2026-09-25,0246.KL,0.94,0.98,0.905,43.8168,69.505,36.9454,25.0,48.7436,68.9563,2/5/8,bursa_all
2026-09-26 06:01:40,2026-09-25,0249.KL,0.5,0.525,0.495,53.9145,76.9888,47.2546,37.5,71.3827,63.8088,2/5/8,bursa_all
2026-09-26 06:01:40,2026-09-25,0250.KL,0.22,0.22,0.21,81.5135,87.0014,57.5391,100.0,39.6937,24.5852,2/5/8,bursa_all
2026-09-26 06:01:40,2026-09-25,0253.KL,0.275,0.29,0.275,23.2957,6.9578,50.4293,12.5,53.3511,68.2318,2/5/8,bursa_all
2026-09-26 06:01:40,2026-09-25,0256.KL,0.29,0.3,0.29,16.9105,9.4885,41.2431,0.0,23.4134,69.0847,2/5/8,bursa_all
2026-09-26 06:01:40,2026-09-25,0257.KL,0.405,0.415,0.4,18.2313,1.9228,27.7711,25.0,24.7408,27.7581,2/5/8,bursa_all
2026-09-26 06:01:40,2026-09-25,0258.KL,0.26,0.27,0.25,52.6489,21.4466,61.5002,75.0,21.2784,38.1688,2/5/8,bursa_all
2026-09-26 06:01:40,2026-09-25,0259.KL,0.525,0.535,0.505,71.2571,78.4015,60.3699,75.0,54.5891,33.8034,2/5/8,bursa_all
2026-09-26 06:01:40,2026-09-25,0268.KL,0.205,0.22,0.195,67.2704,95.9637,55.8474,50.0,64.1131,83.0508,2/5/8,bursa_all
2026-09-26 06:01:40,2026-09-25,0269.KL,0.24,0.24,0.235,72.7942,69.0719,61.8108,87.5,43.741,19.6478,2/5/8,bursa_all
2026-09-26 06:01:40,2026-09-25,0270.KL,1.87,1.91,1.75,63.5835,83.1694,57.5811,50.0,57.3937,36.0991,2/5/8,bursa_all
2026-09-26 06:01:40,2026-09-25,0276.KL,0.45,0.46,0.445,46.4503,0.644,63.7068,75.0,16.0982,17.5517,2/5/8,bursa_all
2026-09-26 06:01:40,2026-09-25,0277.KL,0.485,0.485,0.45,75.0311,69.1294,55.9638,100.0,17.1046,46.4923,2/5/8,bursa_all
2026-09-26 06:01:40,2026-09-25,0291.KL,2.4,2.46,2.18,69.0374,90.3599,54.2522,62.5,48.5704,81.7065,2/5/8,bursa_all
2026-09-26 06:01:40,2026-09-25,0296.KL,1.12,1.13,1.02,78.6964,98.8914,62.1979,75.0,63.8101,73.4252,2/5/8,bursa_all
2026-09-26 06:01:40,2026-09-25,1015.KL,6.57,6.71,6.51,33.2084,18.3124,43.8129,37.5,54.7451,18.0128,2/5/8,bursa_all
2026-09-26 06:01:40,2026-09-25,1023.KL,7.9,7.98,7.6,80.696,85.054,57.0339,100.0,48.2837,16.8364,2/5/8,bursa_all
2026-09-26 06:01:40,2026-09-25,1058.KL,2.48,2.56,2.43,19.4456,25.3876,32.9492,0.0,38.1617,56.7695,2/5/8,bursa_all
2026-09-26 06:01:40,2026-09-25,1066.KL,7.79,7.93,7.78,35.2496,22.3409,45.9079,37.5,58.0379,14.8373,2/5/8,bursa_all
2026-09-26 06:01:40,2026-09-25,1082.KL,18.72,18.96,18.4,67.3874,56.337,58.3252,87.5,20.3397,30.0535,2/5/8,bursa_all
2026-09-26 06:01:40,2026-09-25,1147.KL,0.085,0.085,0.08,32.0758,5.186,53.5414,37.5,19.3589,39.3462,2/5/8,bursa_all
2026-09-26 06:01:40,2026-09-25,1155.KL,10.22,10.3,10.0136,76.8713,69.9647,60.6493,100.0,33.9416,24.0708,2/5/8,bursa_all
2026-09-26 06:01:40,2026-09-25,1163.KL,21.08,21.3,20.68,27.5724,7.9004,24.8167,50.0,29.1197,13.9671,2/5/8,bursa_all
2026-09-26 06:01:40,2026-09-25,1171.KL,0.555,0.56,0.52,74.5773,54.489,69.2428,100.0,4.956,10.2499,2/5/8,bursa_all
2026-09-26 06:01:40,2026-09-25,1198.KL,0.14,0.14,0.14,52.759,57.8947,50.3823,50.0,56.9257,61.5121,2/5/8,bursa_all
2026-09-26 06:01:40,2026-09-25,1287.KL,0.5,0.51,0.49,25.1857,42.8208,32.7364,0.0,50.2045,54.3712,2/5/8,bursa_all
2026-09-26 06:01:40,2026-09-25,1295.KL,4.8,4.85,4.76,63.238,43.4244,58.7896,87.5,37.8254,28.3413,2/5/8,bursa_all
2026-09-26 06:01:40,2026-09-25,1481.KL,0.065,0.07,0.06,39.5714,29.7565,51.4576,37.5,24.2555,66.9968,2/5/8,bursa_all
2026-09-26 06:01:40,2026-09-25,1538.KL,0.175,0.175,0.165,51.4835,38.5292,53.4212,62.5,51.4835,40.9536,2/5/8,bursa_all
2026-09-26 06:01:40,2026-09-25,1562.KL,1.26,1.29,1.25,60.4605,34.7461,59.1353,87.5,17.3875,41.2105,2/5/8,bursa_all
2026-09-26 06:01:40,2026-09-25,1589.KL,0.21,0.215,0.205,24.6926,3.6348,45.443,25.0,38.4491,38.4491,2/5/8,bursa_all
2026-09-26 06:01:40,2026-09-25,1619.KL,0.955,0.965,0.935,41.3777,34.9909,51.6422,37.5,30.7833,79.8013,2/5/8,bursa_all
2026-09-26 06:01:40,2026-09-25,1643.KL,0.065,0.07,0.06,17.5863,2.7451,37.5139,12.5,28.1755,32.3422,2/5/8,bursa_all
2026-09-26 06:01:40,2026-09-25,1651.KL,0.29,0.295,0.28,47.4675,3.4113,63.9913,75.0,12.3374,23.7294,2/5/8,bursa_all
2026-09-26 06:01:40,2026-09-25,1694.KL,0.645,0.68,0.635,27.2103,39.7784,41.8527,0.0,81.576,36.2018,2/5/8,bursa_all
2026-09-26 06:01:40,2026-09-25,1724.KL,0.99,1.01,0.99,17.0943,12.4842,38.7988,0.0,38.7019,58.422,2/5/8,bursa_all
2026-09-26 06:01:40,2026-09-25,1818.KL,8.14,8.32,8.06,16.1952,5.1501,30.9355,12.5,20.2793,19.6923,2/5/8,bursa_all
2026-09-26 06:01:40,2026-09-25,1899.KL,20.5,20.54,20.0,52.2911,71.2224,48.1508,37.5,68.9956,50.6821,2/5/8,bursa_all
2026-09-26 06:01:40,2026-09-25,1929.KL,10.5,10.5,10.2,77.5517,68.3333,64.3218,100.0,12.9475,19.5389,2/5/8,bursa_all
2026-09-26 06:01:40,2026-09-25,1961.KL,4.76,4.85,4.73,29.4796,49.9984,38.4405,0.0,83.7524,80.8765,2/5/8,bursa_all
2026-09-26 06:01:40,2026-09-25,1996.KL,0.655,0.66,0.635,60.9788,50.1886,57.7477,75.0,16.122,46.2522,2/5/8,bursa_all
2026-09-26 06:01:40,2026-09-25,2038.KL,5.43,5.43,5.3,76.7335,78.424,64.2766,87.5,74.2156,17.9982,2/5/8,bursa_all
2026-09-26 06:01:40,2026-09-25,2054.KL,0.215,0.22,0.21,18.7215,13.0273,43.1373,0.0,41.9131,27.0701,2/5/8,bursa_all
2026-09-26 06:01:40,2026-09-25,2062.KL,1.31,1.34,1.3,56.0248,64.3643,53.7101,50.0,34.0683,82.4444,2/5/8,bursa_all
2026-09-26 06:01:40,2026-09-25,2089.KL,32.58,33.74,32.48,24.9883,32.9767,41.988,0.0,81.3722,81.7475,2/5/8,bursa_all
2026-09-26 06:01:40,2026-09-25,2097.KL,0.13,0.135,0.125,36.1604,17.3912,53.5899,37.5,19.884,44.8825,2/5/8,bursa_all
2026-09-26 06:01:40,2026-09-25,2127.KL,0.16,0.17,0.155,46.9644,53.5272,49.8658,37.5,35.8966,81.3058,2/5/8,bursa_all
2026-09-26 06:01:40,2026-09-25,2135.KL,0.76,0.795,0.76,37.8213,41.7771,46.6867,25.0,74.4456,17.799,2/5/8,bursa_all
2026-09-26 06:01:40,2026-09-25,2143.KL,0.215,0.23,0.21,47.0514,68.248,47.9061,25.0,70.756,33.8262,2/5/8,bursa_all
2026-09-26 06:01:40,2026-09-25,2224.KL,0.46,0.475,0.445,27.5209,38.5333,44.0293,0.0,78.6551,35.3269,2/5/8,bursa_all
2026-09-26 06:01:40,2026-09-25,2259.KL,0.08,0.08,0.07,77.1324,69.3118,62.0856,100.0,8.9706,11.5657,2/5/8,bursa_all
2026-09-26 06:01:40,2026-09-25,2283.KL,0.055,0.06,0.04,21.8828,8.0219,45.1264,12.5,37.8247,22.7339,2/5/8,bursa_all
2026-09-26 06:01:40,2026-09-25,2291.KL,5.99,6.1,5.91,37.5509,65.7694,34.3834,12.5,53.9681,77.4045,2/5/8,bursa_all
2026-09-26 06:01:40,2026-09-25,2305.KL,7.48,7.48,7.15,72.8208,93.0148,62.9475,62.5,77.0463,41.3103,2/5/8,bursa_all
2026-09-26 06:01:40,2026-09-25,2429.KL,0.165,0.175,0.16,42.4239,10.9607,53.8109,62.5,29.722,35.1267,2/5/8,bursa_all
2026-09-26 06:01:40,2026-09-25,2445.KL,22.52,22.76,22.28,34.0488,51.9868,37.6594,12.5,69.5492,74.7291,2/5/8,bursa_all
2026-09-26 06:01:40,2026-09-25,2453.KL,6.53,6.53,6.42,61.9697,51.7023,59.2069,75.0,11.1315,19.1453,2/5/8,bursa_all
2026-09-26 06:01:40,2026-09-25,2488.KL,4.79,4.89,4.78,27.8166,27.9244,43.0253,12.5,60.6295,24.46,2/5/8,bursa_all
2026-09-26 06:01:40,2026-09-25,2542.KL,2.9,2.95,2.9,22.6252,17.0709,38.3048,12.5,30.2981,55.1345,2/5/8,bursa_all
2026-09-26 06:01:40,2026-09-25,2569.KL,6.08,6.1,6.03,62.9214,46.6849,54.5792,87.5,16.3191,53.0532,2/5/8,bursa_all
2026-09-26 06:01:40,2026-09-25,2593.KL,5.95,6.0,5.91,22.6728,29.3724,38.6459,0.0,71.278,77.3978,2/5/8,bursa_all
2026-09-26 06:01:40,2026-09-25,2607.KL,0.47,0.485,0.465,36.4149,25.008,46.7368,37.5,49.463,19.566,2/5/8,bursa_all
2026-09-26 06:01:40,2026-09-25,2658.KL,19.6,19.64,19.2,76.9172,88.4708,54.7809,87.5,36.303,85.9383,2/5/8,bursa_all
2026-09-26 06:01:40,2026-09-25,2674.KL,0.6,0.635,0.575,71.4234,52.7873,61.4829,100.0,22.7206,17.0538,2/5/8,bursa_all
2026-09-26 06:01:40,2026-09-25,2682.KL,0.065,0.065,0.055,48.0505,69.8714,49.28,25.0,68.0427,28.4943,2/5/8,bursa_all
2026-09-26 06:01:40,2026-09-25,2739.KL,0.025,0.03,0.025,34.2152,27.719,49.9267,25.0,22.648,83.6396,2/5/8,bursa_all
2026-09-26 06:01:40,2026-09-25,2755.KL,1.75,1.75,1.71,74.354,82.7018,65.3601,75.0,66.0052,23.4183,2/5/8,bursa_all
2026-09-26 06:01:40,2026-09-25,2828.KL,2.22,2.33,2.2,22.6152,24.2225,43.6232,0.0,59.6196,35.42,2/5/8,bursa_all
2026-09-26 06:01:40,2026-09-25,2836.KL,12.46,12.68,12.2,49.9254,1.3501,60.9262,87.5,33.7242,27.202,2/5/8,bursa_all
2026-09-26 06:01:40,2026-09-25,2852.KL,0.98,1.02,0.975,28.2546,29.0248,43.239,12.5,82.6978,73.255,2/5/8,bursa_all
2026-09-26 06:01:40,2026-09-25,2984.KL,1.23,1.23,1.23,20.2265,2.5329,58.1465,0.0,24.3931,28.5598,2/5/8,bursa_all
2026-09-26 06:01:40,2026-09-25,3018.KL,0.06,0.06,0.055,35.7664,31.0922,51.2069,25.0,35.7664,35.7664,2/5/8,bursa_all
2026-09-26 06:01:40,2026-09-25,3026.KL,30.0,31.0,29.94,12.2118,2.2914,34.3439,0.0,24.7742,33.1507,2/5/8,bursa_all
2026-09-26 06:01:40,2026-09-25,3034.KL,2.68,2.7,2.66,62.405,44.5531,55.1618,87.5,16.5343,57.2101,2/5/8,bursa_all
2026-09-26 06:01:40,2026-09-25,3042.KL,3.7,4.14,3.45,82.415,93.9064,53.3385,100.0,43.2212,76.9336,2/5/8,bursa_all
2026-09-26 06:01:40,2026-09-25,3069.KL,3.08,3.08,2.89,79.2528,79.947,57.8113,100.0,28.8084,77.4428,2/5/8,bursa_all
2026-09-26 06:01:40,2026-09-25,3107.KL,1.51,1.53,1.47,27.3921,22.6889,46.9873,12.5,67.679,72.0283,2/5/8,bursa_all
2026-09-26 06:01:40,2026-09-25,3158.KL,0.315,0.32,0.31,49.5222,32.7867,53.28,62.5,30.4176,75.4895,2/5/8,bursa_all
2026-09-26 06:01:40,2026-09-25,3174.KL,0.22,0.23,0.2,87.6841,97.5664,65.486,100.0,62.4885,70.9315,2/5/8,bursa_all
2026-09-26 06:01:40,2026-09-25,3182.KL,1.88,1.93,1.87,23.0508,2.4021,29.2502,37.5,38.0575,19.1144,2/5/8,bursa_all
2026-09-26 06:01:40,2026-09-25,3204.KL,0.28,0.31,0.28,30.4562,47.3363,44.0323,0.0,83.9343,68.2451,2/5/8,bursa_all
2026-09-26 06:01:40,2026-09-25,3239.KL,0.29,0.29,0.285,36.1862,32.7598,50.7989,25.0,40.3529,40.3529,2/5/8,bursa_all
2026-09-26 06:01:40,2026-09-25,3247.KL,0.26,0.265,0.25,76.3573,84.3091,69.7629,75.0,72.137,38.4342,2/5/8,bursa_all
2026-09-26 06:01:40,2026-09-25,3255.KL,13.82,13.9949,13.3,57.0201,14.8086,68.7517,87.5,19.2901,20.5554,2/5/8,bursa_all
2026-09-26 06:01:40,2026-09-25,3298.KL,1.1,1.12,1.06,63.0776,85.8769,53.3558,50.0,35.0391,51.9213,2/5/8,bursa_all
2026-09-26 06:01:40,2026-09-25,3301.KL,16.96,17.06,16.66,43.5648,33.8649,46.8295,50.0,65.0273,15.2076,2/5/8,bursa_all
2026-09-26 06:01:40,2026-09-25,3336.KL,3.03,3.07,2.78,76.8379,87.8434,55.1704,87.5,21.0734,32.5084,2/5/8,bursa_all
2026-09-26 06:01:40,2026-09-25,3379.KL,0.885,0.89,0.88,25.9037,7.4918,45.2191,25.0,38.4838,17.0724,2/5/8,bursa_all
2026-09-26 06:01:40,2026-09-25,3395.KL,0.25,0.25,0.245,42.6986,66.5947,49.001,12.5,42.6986,77.1465,2/5/8,bursa_all
2026-09-26 06:01:40,2026-09-25,3417.KL,0.795,0.8,0.745,78.6641,78.8098,57.1824,100.0,16.1616,40.4978,2/5/8,bursa_all
2026-09-26 06:01:40,2026-09-25,3441.KL,0.025,0.03,0.025,35.0575,40.4633,39.7092,25.0,72.2257,67.8161,2/5/8,bursa_all
2026-09-26 06:01:40,2026-09-25,3476.KL,5.11,5.14,5.06,58.6735,65.0704,48.4499,62.5,79.1874,67.3645,2/5/8,bursa_all
2026-09-26 06:01:40,2026-09-25,3514.KL,0.105,0.105,0.1,27.8595,20.0161,51.0623,12.5,27.8595,17.0105,2/5/8,bursa_all
2026-09-26 06:01:40,2026-09-25,3557.KL,0.33,0.335,0.315,24.7639,29.2138,45.0779,0.0,74.9425,14.236,2/5/8,bursa_all
2026-09-26 06:01:40,2026-09-25,3565.KL,0.7,0.71,0.695,38.3726,29.1864,35.9314,50.0,43.8142,36.2743,2/5/8,bursa_all
2026-09-26 06:01:40,2026-09-25,3573.KL,0.1,0.1,0.1,42.0121,19.8512,56.1851,50.0,23.7423,26.3432,2/5/8,bursa_all
2026-09-26 06:01:40,2026-09-25,3611.KL,0.74,0.75,0.725,46.2644,53.6627,47.6304,37.5,63.6314,58.8568,2/5/8,bursa_all
2026-09-26 06:01:40,2026-09-25,3662.KL,0.63,0.64,0.61,58.1937,43.2332,56.3478,75.0,16.5189,23.0244,2/5/8,bursa_all
2026-09-26 06:01:40,2026-09-25,3689.KL,23.0,23.98,22.6,63.7319,27.1115,64.0842,100.0,20.7519,14.246,2/5/8,bursa_all
2026-09-26 06:01:40,2026-09-25,3719.KL,5.21,5.34,5.19,24.5802,4.6617,44.0788,25.0,18.8524,74.3658,2/5/8,bursa_all
2026-09-26 06:01:40,2026-09-25,3743.KL,0.28,0.29,0.26,70.5462,56.0115,55.6273,100.0,19.0558,62.3741,2/5/8,bursa_all
2026-09-26 06:01:40,2026-09-25,3778.KL,0.125,0.13,0.12,44.1397,30.0453,52.3738,50.0,29.3971,64.864,2/5/8,bursa_all
2026-09-26 06:01:40,2026-09-25,3794.KL,5.52,5.69,5.22,61.9609,36.444,61.9386,87.5,18.1092,11.8375,2/5/8,bursa_all
2026-09-26 06:01:40,2026-09-25,3816.KL,7.85,8.08,7.77,38.0982,46.8167,42.478,25.0,79.3133,36.4889,2/5/8,bursa_all
2026-09-26 06:01:40,2026-09-25,3859.KL,1.19,1.21,1.17,46.9393,7.0648,58.753,75.0,17.4141,17.2653,2/5/8,bursa_all
2026-09-26 06:01:40,2026-09-25,3867.KL,44.18,44.8,41.6,74.5833,84.4585,64.2914,75.0,77.6774,61.0811,2/5/8,bursa_all
2026-09-26 06:01:40,2026-09-25,3883.KL,0.8,0.8,0.765,59.544,64.6851,51.4469,62.5,68.1938,67.5409,2/5/8,bursa_all
2026-09-26 06:01:40,2026-09-25,3891.KL,0.045,0.045,0.04,46.7952,65.6478,49.7378,25.0,46.7952,76.3938,2/5/8,bursa_all
2026-09-26 06:01:40,2026-09-25,3905.KL,2.8,2.81,2.7,31.1878,0.0724,55.991,37.5,50.2182,8.5467,2/5/8,bursa_all
2026-09-26 06:01:40,2026-09-25,3913.KL,0.16,0.165,0.16,32.6,4.7859,55.514,37.5,32.6,36.7666,2/5/8,bursa_all
2026-09-26 06:01:40,2026-09-25,3948.KL,0.29,0.295,0.285,42.1184,8.4886,55.3666,62.5,20.2836,26.2652,2/5/8,bursa_all
2026-09-26 06:01:40,2026-09-25,4006.KL,7.09,7.15,7.03,63.8762,96.8334,57.2952,37.5,82.676,44.3803,2/5/8,bursa_all
2026-09-26 06:01:40,2026-09-25,4022.KL,0.26,0.28,0.255,68.7918,58.6509,60.2246,87.5,48.1798,30.3516,2/5/8,bursa_all
2026-09-26 06:01:40,2026-09-25,4057.KL,0.12,0.12,0.115,39.5438,30.1902,50.9412,37.5,24.4618,68.87,2/5/8,bursa_all
2026-09-26 06:01:40,2026-09-25,4065.KL,9.33,9.5,9.28,33.598,11.9796,26.3145,62.5,18.8956,39.2589,2/5/8,bursa_all
2026-09-26 06:01:40,2026-09-25,4081.KL,0.05,0.05,0.045,33.846,24.4014,52.1365,25.0,38.0126,42.1793,2/5/8,bursa_all
2026-09-26 06:01:40,2026-09-25,4162.KL,4.38,4.43,4.29,70.0189,42.7853,67.2715,100.0,29.3827,18.3553,2/5/8,bursa_all
2026-09-26 06:01:40,2026-09-25,4197.KL,2.47,2.55,2.37,62.3249,82.3862,54.5884,50.0,38.9718,48.4708,2/5/8,bursa_all
2026-09-26 06:01:40,2026-09-25,4235.KL,0.115,0.115,0.105,64.4416,73.128,57.6967,62.5,38.9416,58.5979,2/5/8,bursa_all
2026-09-26 06:01:40,2026-09-25,4243.KL,0.98,1.05,0.955,13.852,7.474,34.0819,0.0,19.3996,53.3746,2/5/8,bursa_all
2026-09-26 06:01:40,2026-09-25,4251.KL,0.21,0.21,0.205,37.4426,6.7783,55.5495,50.0,20.0166,15.1068,2/5/8,bursa_all
2026-09-26 06:01:40,2026-09-25,4286.KL,0.625,0.645,0.6,67.2405,37.3494,64.372,100.0,33.1871,9.7712,2/5/8,bursa_all
2026-09-26 06:01:40,2026-09-25,4316.KL,0.22,0.22,0.21,35.3383,15.8959,52.619,37.5,35.3383,35.3383,2/5/8,bursa_all
2026-09-26 06:01:40,2026-09-25,4324.KL,4.35,4.68,3.26,84.2444,99.893,65.3402,87.5,65.8049,68.2409,2/5/8,bursa_all
2026-09-26 06:01:40,2026-09-25,4359.KL,0.225,0.29,0.22,79.7214,77.7284,61.4356,100.0,25.9293,30.997,2/5/8,bursa_all
2026-09-26 06:01:40,2026-09-25,4375.KL,0.21,0.21,0.21,47.2778,58.1478,46.1855,37.5,40.94,70.7513,2/5/8,bursa_all
2026-09-26 06:01:40,2026-09-25,4383.KL,0.96,0.98,0.94,21.2106,2.1357,23.9961,37.5,19.0174,23.2617,2/5/8,bursa_all
2026-09-26 06:01:40,2026-09-25,4405.KL,0.47,0.495,0.455,71.8458,67.0999,60.9374,87.5,22.0761,20.9315,2/5/8,bursa_all
2026-09-26 06:01:40,2026-09-25,4456.KL,0.475,0.495,0.44,67.5725,68.2692,59.4483,75.0,20.3726,28.3922,2/5/8,bursa_all
2026-09-26 06:01:40,2026-09-25,4464.KL,0.005,0.005,0.005,20.8933,11.185,51.4949,0.0,20.8933,20.8933,2/5/8,bursa_all
2026-09-26 06:01:40,2026-09-25,4502.KL,0.26,0.28,0.2366,26.1749,5.45,23.0746,50.0,11.0032,24.0886,2/5/8,bursa_all
2026-09-26 06:01:40,2026-09-25,4596.KL,0.185,0.2,0.185,22.4776,6.1825,36.2502,25.0,27.1213,40.1044,2/5/8,bursa_all
2026-09-26 06:01:40,2026-09-25,4634.KL,0.255,0.28,0.25,58.8565,57.4297,56.6398,62.5,36.5165,71.0801,2/5/8,bursa_all
2026-09-26 06:01:40,2026-09-25,4677.KL,2.39,2.44,2.24,64.0818,69.0336,60.7117,62.5,18.7351,19.1395,2/5/8,bursa_all
2026-09-26 06:01:40,2026-09-25,4707.KL,90.2,93.2,88.7,47.2973,20.9543,58.4377,62.5,26.8148,24.7751,2/5/8,bursa_all
2026-09-26 06:01:40,2026-09-25,4715.KL,1.51,1.54,1.48,59.4269,25.5975,65.1832,87.5,18.9013,12.473,2/5/8,bursa_all
2026-09-26 06:01:40,2026-09-25,4723.KL,0.17,0.175,0.155,71.1525,94.7713,68.6861,50.0,84.6176,67.3489,2/5/8,bursa_all
2026-09-26 06:01:40,2026-09-25,4731.KL,3.69,3.8,3.68,23.0139,28.5393,40.5023,0.0,43.4597,79.9,2/5/8,bursa_all
2026-09-26 06:01:40,2026-09-25,4758.KL,0.865,0.87,0.855,34.8008,18.1021,48.8003,37.5,28.0995,39.1395,2/5/8,bursa_all
2026-09-26 06:01:40,2026-09-25,4847.KL,0.195,0.21,0.175,69.7572,59.9096,61.8621,87.5,18.5362,13.3071,2/5/8,bursa_all
2026-09-26 06:01:40,2026-09-25,4863.KL,7.94,7.96,7.67,57.0289,66.0755,55.0113,50.0,28.0592,75.4094,2/5/8,bursa_all
2026-09-26 06:01:40,2026-09-25,4995.KL,0.82,0.82,0.78,60.6229,31.0164,63.3521,87.5,12.9328,15.1609,2/5/8,bursa_all
2026-09-26 06:01:40,2026-09-25,5000.KL,2.65,2.71,2.64,53.5595,11.4451,61.7334,87.5,16.3913,14.8388,2/5/8,bursa_all
2026-09-26 06:01:40,2026-09-25,5001.KL,0.64,0.64,0.63,23.5449,4.7594,53.3753,12.5,27.7116,27.7116,2/5/8,bursa_all
2026-09-26 06:01:40,2026-09-25,5005.KL,4.58,4.74,4.28,74.9349,84.7917,65.0131,75.0,70.0035,55.4758,2/5/8,bursa_all
2026-09-26 06:01:40,2026-09-25,5006.KL,0.8,0.82,0.79,34.1062,31.4073,45.9113,25.0,71.9558,19.5051,2/5/8,bursa_all
2026-09-26 06:01:40,2026-09-25,5007.KL,0.74,0.785,0.74,23.591,26.8553,43.9176,0.0,66.0911,38.6919,2/5/8,bursa_all
2026-09-26 06:01:40,2026-09-25,5008.KL,1.22,1.25,1.22,23.8155,20.2283,38.7183,12.5,24.3782,79.8568,2/5/8,bursa_all
2026-09-26 06:01:40,2026-09-25,5009.KL,0.5,0.5,0.47,69.851,63.2295,58.8234,87.5,16.8444,51.0223,2/5/8,bursa_all
2026-09-26 06:01:40,2026-09-25,5010.KL,2.44,2.45,2.44,45.7,69.9727,42.1274,25.0,73.2521,79.3405,2/5/8,bursa_all
2026-09-26 06:01:40,2026-09-25,5011.KL,1.18,1.18,1.17,30.4703,29.6582,49.2526,12.5,30.4703,21.6519,2/5/8,bursa_all
2026-09-26 06:01:40,2026-09-25,5012.KL,5.97,6.1,5.8,28.5918,28.4286,32.3469,25.0,22.4022,73.3951,2/5/8,bursa_all
2026-09-26 06:01:40,2026-09-25,5015.KL,2.7,2.83,2.35,63.7462,41.9195,61.8191,87.5,16.6902,22.6255,2/5/8,bursa_all
2026-09-26 06:01:40,2026-09-25,5016.KL,0.62,0.62,0.62,33.4426,9.8933,52.9346,37.5,19.0264,20.0267,2/5/8,bursa_all
2026-09-26 06:01:40,2026-09-25,5020.KL,0.31,0.315,0.31,39.7609,30.2978,51.4849,37.5,43.9276,32.7691,2/5/8,bursa_all
2026-09-26 06:01:40,2026-09-25,5021.KL,0.235,0.245,0.225,44.9936,55.266,42.2148,37.5,34.5601,66.3457,2/5/8,bursa_all
2026-09-26 06:01:40,2026-09-25,5022.KL,0.27,0.27,0.24,37.2475,36.8086,49.9339,25.0,29.7179,54.9862,2/5/8,bursa_all
2026-09-26 06:01:40,2026-09-25,5024.KL,0.905,0.91,0.9,51.0052,0.2701,65.2454,87.5,23.8493,25.3638,2/5/8,bursa_all
2026-09-26 06:01:40,2026-09-25,5025.KL,0.13,0.135,0.125,18.4088,1.7672,40.9592,12.5,28.0837,19.4204,2/5/8,bursa_all
2026-09-26 06:01:40,2026-09-25,5026.KL,1.7,1.82,1.65,14.5688,8.9514,34.7549,0.0,37.2889,38.3246,2/5/8,bursa_all
2026-09-26 06:01:40,2026-09-25,5027.KL,2.74,2.76,2.71,18.4186,13.2587,29.4972,12.5,25.031,39.8886,2/5/8,bursa_all
2026-09-26 06:01:40,2026-09-25,5028.KL,0.91,1.0,0.895,23.564,2.8812,42.8107,25.0,31.3146,48.691,2/5/8,bursa_all
2026-09-26 06:01:40,2026-09-25,5029.KL,4.1,4.1,3.95,49.568,97.0526,39.1515,12.5,86.1755,83.1663,2/5/8,bursa_all
2026-09-26 06:01:40,2026-09-25,5031.KL,5.77,6.06,5.75,25.6266,30.8053,46.0744,0.0,83.6756,21.9864,2/5/8,bursa_all
2026-09-26 06:01:40,2026-09-25,5032.KL,5.16,5.2195,5.1201,67.8826,56.7803,59.3675,87.5,24.0054,34.2507,2/5/8,bursa_all
2026-09-26 06:01:40,2026-09-25,5035.KL,0.355,0.385,0.355,11.9911,1.8584,34.1148,0.0,20.4619,51.7603,2/5/8,bursa_all
2026-09-26 06:01:40,2026-09-25,5036.KL,1.03,1.13,1.02,9.4846,1.7395,26.7142,0.0,22.6353,37.1127,2/5/8,bursa_all
2026-09-26 06:01:40,2026-09-25,5037.KL,0.02,0.02,0.015,81.0914,89.4734,66.3008,87.5,32.1502,32.1502,2/5/8,bursa_all
2026-09-26 06:01:40,2026-09-25,5038.KL,2.57,2.68,2.53,14.7622,2.6011,29.1856,12.5,25.9033,21.0009,2/5/8,bursa_all
2026-09-26 06:01:40,2026-09-25,5040.KL,0.015,0.02,0.015,29.2595,11.67,51.1085,25.0,33.4262,17.1996,2/5/8,bursa_all
2026-09-26 06:01:40,2026-09-25,5041.KL,2.2,2.23,2.14,63.4015,72.6633,55.0413,62.5,40.3381,58.3147,2/5/8,bursa_all
2026-09-26 06:01:40,2026-09-25,5042.KL,0.24,0.24,0.235,76.1206,86.9764,66.3855,75.0,78.7816,18.0826,2/5/8,bursa_all
2026-09-26 06:01:40,2026-09-25,5048.KL,0.055,0.06,0.055,28.7782,27.4842,46.3504,12.5,71.1143,24.9944,2/5/8,bursa_all
2026-09-26 06:01:40,2026-09-25,5049.KL,2.86,2.92,2.85,17.8012,3.9956,36.908,12.5,16.8459,27.9726,2/5/8,bursa_all
2026-09-26 06:01:40,2026-09-25,5053.KL,1.9,1.92,1.85,39.5055,37.5068,43.5099,37.5,53.7232,24.6486,2/5/8,bursa_all
2026-09-26 06:01:40,2026-09-25,5054.KL,0.32,0.325,0.3,78.4389,89.3066,58.5101,87.5,49.1671,86.863,2/5/8,bursa_all
2026-09-26 06:01:40,2026-09-25,5056.KL,0.43,0.46,0.42,70.5552,65.8526,58.313,87.5,28.925,42.4652,2/5/8,bursa_all
2026-09-26 06:01:40,2026-09-25,5062.KL,0.185,0.185,0.175,43.4041,48.2472,44.4651,37.5,74.3041,41.4996,2/5/8,bursa_all
2026-09-26 06:01:40,2026-09-25,5065.KL,0.685,0.7,0.685,31.6657,28.8017,41.1954,25.0,50.0703,74.1424,2/5/8,bursa_all
2026-09-26 06:01:40,2026-09-25,5066.KL,0.2,0.205,0.2,41.4935,20.9506,53.53,50.0,29.2825,35.3772,2/5/8,bursa_all
2026-09-26 06:01:40,2026-09-25,5068.KL,0.025,0.03,0.025,11.9503,14.286,21.5649,0.0,21.2573,96.3647,2/5/8,bursa_all
2026-09-26 06:01:40,2026-09-25,5069.KL,15.0,15.0,14.64,47.0374,66.6396,49.4727,25.0,71.3662,28.4147,2/5/8,bursa_all
2026-09-26 06:01:40,2026-09-25,5070.KL,0.195,0.2,0.195,42.8979,26.7457,51.948,50.0,28.3722,70.2823,2/5/8,bursa_all
2026-09-26 06:01:40,2026-09-25,5071.KL,1.62,1.64,1.6,16.3965,17.4686,31.7208,0.0,36.7342,49.3151,2/5/8,bursa_all
2026-09-26 06:01:40,2026-09-25,5072.KL,0.26,0.265,0.255,78.0833,78.7522,67.9978,87.5,72.5871,11.8076,2/5/8,bursa_all
2026-09-26 06:01:40,2026-09-25,5073.KL,0.885,0.9,0.84,79.4499,87.813,63.0368,87.5,80.0892,15.688,2/5/8,bursa_all
2026-09-26 06:01:40,2026-09-25,5075.KL,1.6,1.61,1.57,63.0168,58.5971,55.4532,75.0,24.4653,62.7207,2/5/8,bursa_all
2026-09-26 06:01:40,2026-09-25,5077.KL,0.375,0.375,0.37,62.1179,81.92,54.4338,50.0,40.7828,38.2836,2/5/8,bursa_all
2026-09-26 06:01:40,2026-09-25,5078.KL,0.31,0.315,0.3,66.2768,82.2036,54.1266,62.5,37.9332,61.1085,2/5/8,bursa_all
2026-09-26 06:01:40,2026-09-25,5079.KL,0.095,0.105,0.09,19.1992,0.0102,45.0874,12.5,35.6882,19.3402,2/5/8,bursa_all
2026-09-26 06:01:40,2026-09-25,5080.KL,1.07,1.08,1.06,20.7254,3.7317,45.9444,12.5,33.9592,14.2607,2/5/8,bursa_all
2026-09-26 06:01:40,2026-09-25,5081.KL,0.18,0.195,0.18,22.3617,13.1784,41.4065,12.5,44.2654,36.7497,2/5/8,bursa_all
2026-09-26 06:01:40,2026-09-25,5084.KL,1.0,1.02,1.0,35.6369,16.6903,40.2204,50.0,27.1152,67.0452,2/5/8,bursa_all
2026-09-26 06:01:40,2026-09-25,5085.KL,0.31,0.31,0.3,52.7629,41.3376,54.451,62.5,19.2719,58.1871,2/5/8,bursa_all
2026-09-26 06:01:40,2026-09-25,5087.KL,0.215,0.235,0.21,22.1171,14.482,39.3693,12.5,57.8256,73.3762,2/5/8,bursa_all
2026-09-26 06:01:40,2026-09-25,5088.KL,0.635,0.645,0.6,45.0327,51.9902,45.6081,37.5,69.8587,23.8104,2/5/8,bursa_all
2026-09-26 06:01:40,2026-09-25,5090.KL,0.075,0.075,0.07,32.0801,5.1331,53.6072,37.5,32.0801,19.5587,2/5/8,bursa_all
2026-09-26 06:01:40,2026-09-25,5094.KL,1.21,1.25,1.21,14.8056,2.8502,41.5665,0.0,32.0539,32.0539,2/5/8,bursa_all
2026-09-26 06:01:40,2026-09-25,5095.KL,0.12,0.12,0.115,78.7268,86.4631,62.2174,87.5,35.9898,40.1565,2/5/8,bursa_all
2026-09-26 06:01:40,2026-09-25,5098.KL,0.195,0.2,0.18,41.6925,3.026,59.5514,62.5,10.3603,26.3957,2/5/8,bursa_all
2026-09-26 06:01:40,2026-09-25,5099.KL,0.245,0.28,0.24,57.7149,22.9481,62.6966,87.5,13.8002,26.6091,2/5/8,bursa_all
2026-09-26 06:01:40,2026-09-25,5100.KL,0.815,0.83,0.78,38.5319,72.8347,42.761,0.0,83.2346,41.7883,2/5/8,bursa_all
2026-09-26 06:01:40,2026-09-25,5101.KL,0.11,0.115,0.11,30.895,1.2233,53.9616,37.5,14.7073,31.9757,2/5/8,bursa_all
2026-09-26 06:01:40,2026-09-25,5102.KL,1.32,1.48,1.31,18.8824,21.0977,35.5495,0.0,64.1991,78.2928,2/5/8,bursa_all
2026-09-26 06:01:40,2026-09-25,5104.KL,0.035,0.04,0.035,33.4812,10.0287,52.9149,37.5,33.4812,16.6196,2/5/8,bursa_all
2026-09-26 06:01:40,2026-09-25,5105.KL,1.67,1.69,1.6,30.798,40.0043,39.8896,12.5,54.396,35.5325,2/5/8,bursa_all
2026-09-26 06:01:40,2026-09-25,5106.KL,1.78,1.83,1.73,67.9134,54.7117,61.5283,87.5,19.1967,22.9018,2/5/8,bursa_all
2026-09-26 06:01:40,2026-09-25,5107.KL,0.395,0.395,0.385,65.2307,61.5508,59.1413,75.0,38.9712,27.8164,2/5/8,bursa_all
2026-09-26 06:01:40,2026-09-25,5109.KL,0.99,1.0,0.985,26.3628,3.8217,37.7667,37.5,30.0772,35.4655,2/5/8,bursa_all
2026-09-26 06:01:40,2026-09-25,5110.KL,0.825,0.825,0.815,67.5531,78.0787,62.0805,62.5,63.0229,15.2041,2/5/8,bursa_all
2026-09-26 06:01:40,2026-09-25,5111.KL,0.31,0.31,0.3,52.8818,75.3236,45.8219,37.5,66.0763,57.2123,2/5/8,bursa_all
2026-09-26 06:01:40,2026-09-25,5112.KL,0.54,0.545,0.53,22.0032,0.0803,28.4292,37.5,11.3764,26.1267,2/5/8,bursa_all
2026-09-26 06:01:40,2026-09-25,5113.KL,0.165,0.165,0.165,28.4006,8.1077,52.0942,25.0,15.1904,40.6372,2/5/8,bursa_all
2026-09-26 06:01:40,2026-09-25,5115.KL,0.23,0.23,0.22,66.186,35.8165,62.7416,100.0,11.1936,13.4585,2/5/8,bursa_all
2026-09-26 06:01:40,2026-09-25,5116.KL,1.15,1.16,1.13,69.1827,73.6749,58.8731,75.0,38.7197,34.8165,2/5/8,bursa_all
2026-09-26 06:01:40,2026-09-25,5120.KL,0.35,0.35,0.335,69.3621,68.8889,51.6973,87.5,26.2167,58.8968,2/5/8,bursa_all
2026-09-26 06:01:40,2026-09-25,5121.KL,0.51,0.52,0.5,49.2088,98.0349,37.0916,12.5,56.4452,70.9851,2/5/8,bursa_all
2026-09-26 06:01:40,2026-09-25,5123.KL,0.655,0.66,0.645,32.731,18.6472,42.0458,37.5,38.0606,62.6772,2/5/8,bursa_all
2026-09-26 06:01:40,2026-09-25,5125.KL,0.66,0.69,0.655,22.8322,32.1361,36.3605,0.0,68.2115,65.3458,2/5/8,bursa_all
2026-09-26 06:01:40,2026-09-25,5126.KL,5.73,6.19,5.59,21.8083,26.9212,38.5037,0.0,67.8035,69.4453,2/5/8,bursa_all
2026-09-26 06:01:40,2026-09-25,5127.KL,0.365,0.37,0.36,68.501,59.9002,58.1028,87.5,35.5162,67.683,2/5/8,bursa_all
2026-09-26 06:01:40,2026-09-25,5129.KL,0.5,0.5,0.5,39.7088,57.8673,48.7592,12.5,39.7088,39.7088,2/5/8,bursa_all
2026-09-26 06:01:40,2026-09-25,5130.KL,1.19,1.21,1.19,28.6561,32.7673,40.7009,12.5,75.2295,33.983,2/5/8,bursa_all
2026-09-26 06:01:40,2026-09-25,5131.KL,0.69,0.71,0.69,34.998,16.3893,51.1046,37.5,64.4282,32.5262,2/5/8,bursa_all
2026-09-26 06:01:40,2026-09-25,5132.KL,0.99,1.02,0.98,25.0959,8.1204,42.1671,25.0,20.7349,67.7787,2/5/8,bursa_all
2026-09-26 06:01:40,2026-09-25,5133.KL,0.645,0.645,0.615,59.5115,44.8923,58.6422,75.0,22.0317,35.5615,2/5/8,bursa_all
2026-09-26 06:01:40,2026-09-25,5134.KL,3.16,3.18,3.05,74.8025,73.345,51.0625,100.0,21.8936,81.3967,2/5/8,bursa_all
2026-09-26 06:01:40,2026-09-25,5135.KL,4.18,4.67,4.16,12.4217,6.6512,30.6138,0.0,62.5399,61.0969,2/5/8,bursa_all
2026-09-26 06:01:40,2026-09-25,5136.KL,1.14,1.15,1.11,32.9877,29.9786,43.9845,25.0,57.9993,64.2482,2/5/8,bursa_all
2026-09-26 06:01:40,2026-09-25,5138.KL,2.47,2.53,2.43,23.6884,23.1491,35.4161,12.5,32.3676,71.7989,2/5/8,bursa_all
2026-09-26 06:01:40,2026-09-25,5139.KL,5.4,5.4,5.26,74.0036,55.6618,66.3489,100.0,7.5636,9.2383,2/5/8,bursa_all
2026-09-26 06:01:40,2026-09-25,5140.KL,0.36,0.37,0.36,30.8053,15.909,39.0069,37.5,35.6847,51.1778,2/5/8,bursa_all
2026-09-26 06:01:40,2026-09-25,5141.KL,1.5,1.53,1.43,74.6993,84.6674,64.4306,75.0,73.026,50.1167,2/5/8,bursa_all
2026-09-26 06:01:40,2026-09-25,5142.KL,0.73,0.775,0.71,24.4679,22.0675,38.8361,12.5,27.3366,76.2802,2/5/8,bursa_all
2026-09-26 06:01:40,2026-09-25,5143.KL,0.44,0.445,0.425,67.1491,72.4429,54.0044,75.0,30.502,38.687,2/5/8,bursa_all
2026-09-26 06:01:40,2026-09-25,5145.KL,0.325,0.335,0.315,79.075,92.0244,57.7007,87.5,53.5366,47.04,2/5/8,bursa_all
2026-09-26 06:01:40,2026-09-25,5147.KL,0.51,0.525,0.5,30.3068,28.5105,37.4099,25.0,32.7475,65.0852,2/5/8,bursa_all
2026-09-26 06:01:40,2026-09-25,5148.KL,0.545,0.55,0.525,61.0763,33.452,62.277,87.5,19.89,32.0598,2/5/8,bursa_all
2026-09-26 06:01:40,2026-09-25,5149.KL,0.435,0.44,0.42,33.7479,0.3277,50.9162,50.0,41.5086,41.5086,2/5/8,bursa_all
2026-09-26 06:01:40,2026-09-25,5151.KL,0.775,0.775,0.755,41.6275,22.8933,51.9892,50.0,34.6879,41.3138,2/5/8,bursa_all
2026-09-26 06:01:40,2026-09-25,5152.KL,0.37,0.37,0.345,74.3509,66.3159,56.7369,100.0,18.1278,47.8155,2/5/8,bursa_all
2026-09-26 06:01:40,2026-09-25,5156.KL,0.01,0.01,0.005,47.4938,81.5954,48.3859,12.5,76.6215,36.334,2/5/8,bursa_all
2026-09-26 06:01:40,2026-09-25,5157.KL,0.07,0.08,0.07,19.6984,20.003,39.0923,0.0,51.1791,75.8745,2/5/8,bursa_all
2026-09-26 06:01:40,2026-09-25,5159.KL,1.4,1.4,1.4,41.6128,6.8383,55.5002,62.5,16.2459,22.1813,2/5/8,bursa_all
2026-09-26 06:01:40,2026-09-25,5160.KL,0.405,0.41,0.395,78.5358,90.4329,70.1745,75.0,65.2713,60.8673,2/5/8,bursa_all
2026-09-26 06:01:40,2026-09-25,5161.KL,0.545,0.56,0.505,70.7704,80.0805,57.2307,75.0,44.5864,29.7824,2/5/8,bursa_all
2026-09-26 06:01:40,2026-09-25,5162.KL,1.65,1.66,1.56,70.0537,64.0032,58.6578,87.5,37.5197,52.9136,2/5/8,bursa_all
2026-09-26 06:01:40,2026-09-25,5163.KL,0.575,0.59,0.575,16.8219,14.6921,35.7736,0.0,85.0542,42.4544,2/5/8,bursa_all
2026-09-26 06:01:40,2026-09-25,5165.KL,0.385,0.385,0.385,44.6171,17.565,53.7863,62.5,23.266,34.0507,2/5/8,bursa_all
2026-09-26 06:01:40,2026-09-25,5166.KL,1.5,1.5,1.45,76.5447,68.6945,60.9397,100.0,37.5992,26.2263,2/5/8,bursa_all
2026-09-26 06:01:40,2026-09-25,5167.KL,0.33,0.37,0.33,7.3247,0.0011,21.9732,0.0,19.1066,19.1066,2/5/8,bursa_all
2026-09-26 06:01:40,2026-09-25,5168.KL,1.1,1.18,1.09,29.6476,41.2856,47.6573,0.0,71.1605,85.7427,2/5/8,bursa_all
2026-09-26 06:01:40,2026-09-25,5169.KL,0.035,0.035,0.035,36.5844,20.8806,51.3725,37.5,21.3541,70.6689,2/5/8,bursa_all
2026-09-26 06:01:40,2026-09-25,5171.KL,0.895,0.905,0.885,29.7192,8.6022,43.0554,37.5,39.0867,62.3826,2/5/8,bursa_all
2026-09-26 06:01:40,2026-09-25,5172.KL,0.105,0.115,0.095,26.2815,24.0707,42.2738,12.5,49.3319,42.3193,2/5/8,bursa_all
2026-09-26 06:01:40,2026-09-25,5173.KL,0.745,0.745,0.73,69.9053,68.5195,66.1964,75.0,67.3687,19.6588,2/5/8,bursa_all
2026-09-26 06:01:40,2026-09-25,5176.KL,2.04,2.1,2.03,40.339,38.2485,45.2684,37.5,70.8473,21.009,2/5/8,bursa_all
2026-09-26 06:01:40,2026-09-25,5178.KL,0.025,0.03,0.025,20.4555,7.6962,41.1702,12.5,34.4671,18.6298,2/5/8,bursa_all
2026-09-26 06:01:40,2026-09-25,5180.KL,0.58,0.605,0.575,21.5894,23.8319,40.9363,0.0,84.7509,70.9728,2/5/8,bursa_all
2026-09-26 06:01:40,2026-09-25,5182.KL,0.16,0.165,0.155,20.4324,13.1113,35.6859,12.5,25.544,68.2702,2/5/8,bursa_all
2026-09-26 06:01:40,2026-09-25,5183.KL,4.49,4.7,4.43,32.7534,33.7362,39.5241,25.0,32.0061,86.132,2/5/8,bursa_all
2026-09-26 06:01:40,2026-09-25,5184.KL,0.82,0.87,0.64,83.0483,93.2529,55.8919,100.0,43.4963,48.9354,2/5/8,bursa_all
2026-09-26 06:01:40,2026-09-25,5185.KL,2.04,2.05,2.01,70.0243,61.9911,60.5817,87.5,24.5408,40.2658,2/5/8,bursa_all
2026-09-26 06:01:40,2026-09-25,5186.KL,0.365,0.375,0.355,17.3474,18.9068,33.1354,0.0,42.5684,40.939,2/5/8,bursa_all
2026-09-26 06:01:40,2026-09-25,5187.KL,0.03,0.035,0.03,28.8969,9.6546,52.0361,25.0,16.358,36.5355,2/5/8,bursa_all
2026-09-26 06:01:40,2026-09-25,5188.KL,0.05,0.055,0.045,29.4406,36.6904,39.1314,12.5,71.1216,48.9947,2/5/8,bursa_all
2026-09-26 06:01:40,2026-09-25,5190.KL,0.065,0.07,0.065,26.551,0.1934,54.4597,25.0,7.9772,28.0126,2/5/8,bursa_all
2026-09-26 06:01:40,2026-09-25,5191.KL,0.705,0.71,0.695,34.3224,26.2897,39.1776,37.5,39.914,63.9199,2/5/8,bursa_all
2026-09-26 06:01:40,2026-09-25,5192.KL,0.815,0.825,0.81,54.0507,41.7576,57.8945,62.5,21.9225,33.9245,2/5/8,bursa_all
2026-09-26 06:01:40,2026-09-25,5195.KL,0.21,0.22,0.2,63.0408,70.9866,55.6358,62.5,39.5959,73.1777,2/5/8,bursa_all
2026-09-26 06:01:40,2026-09-25,5196.KL,0.15,0.165,0.145,18.0809,14.7951,39.4475,0.0,25.4208,75.8932,2/5/8,bursa_all
2026-09-26 06:01:40,2026-09-25,5197.KL,0.22,0.225,0.205,52.9865,73.2996,48.1599,37.5,67.9378,39.239,2/5/8,bursa_all
2026-09-26 06:01:40,2026-09-25,5198.KL,0.225,0.225,0.225,48.0953,96.454,47.832,0.0,52.262,56.4287,2/5/8,bursa_all
2026-09-26 06:01:40,2026-09-25,5199.KL,2.23,2.3782,2.1503,37.9327,49.1285,39.6695,25.0,71.8196,60.2105,2/5/8,bursa_all
2026-09-26 06:01:40,2026-09-25,5200.KL,1.58,1.59,1.56,70.0115,48.8104,61.2241,100.0,19.8193,13.6605,2/5/8,bursa_all
2026-09-26 06:01:40,2026-09-25,5202.KL,0.62,0.65,0.62,30.1615,14.6608,38.3237,37.5,30.0979,55.8304,2/5/8,bursa_all
2026-09-26 06:01:40,2026-09-25,5204.KL,0.255,0.26,0.24,18.8327,6.8064,37.1916,12.5,22.48,27.2641,2/5/8,bursa_all
2026-09-26 06:01:40,2026-09-25,5205.KL,0.275,0.31,0.23,84.6521,86.4006,67.5556,100.0,67.5951,18.8163,2/5/8,bursa_all
2026-09-26 06:01:40,2026-09-25,5207.KL,0.235,0.245,0.23,34.9701,15.1383,52.2719,37.5,23.1725,48.7829,2/5/8,bursa_all
2026-09-26 06:01:40,2026-09-25,5208.KL,0.755,0.765,0.65,80.161,87.328,53.155,100.0,33.9271,65.0232,2/5/8,bursa_all
2026-09-26 06:01:40,2026-09-25,5209.KL,5.02,5.05,4.92,71.0321,75.6724,62.4239,75.0,61.8487,22.5837,2/5/8,bursa_all
2026-09-26 06:01:40,2026-09-25,5210.KL,0.35,0.355,0.345,36.4279,33.722,38.0617,37.5,45.7721,70.0508,2/5/8,bursa_all
2026-09-26 06:01:40,2026-09-25,5211.KL,4.63,4.77,4.38,70.1063,49.8681,60.4507,100.0,17.1609,15.3124,2/5/8,bursa_all
2026-09-26 06:01:40,2026-09-25,5212.KL,1.56,1.6,1.54,61.335,44.3615,64.6436,75.0,54.9434,12.8865,2/5/8,bursa_all
2026-09-26 06:01:40,2026-09-25,5216.KL,0.32,0.325,0.26,81.1359,87.0584,56.3494,100.0,45.974,73.6474,2/5/8,bursa_all
2026-09-26 06:01:40,2026-09-25,5218.KL,0.35,0.365,0.33,63.9619,73.7199,55.6658,62.5,30.5479,86.1674,2/5/8,bursa_all
2026-09-26 06:01:40,2026-09-25,5219.KL,0.055,0.06,0.05,26.6928,1.5703,53.5081,25.0,30.8595,13.003,2/5/8,bursa_all
2026-09-26 06:01:40,2026-09-25,5220.KL,0.875,0.9,0.845,18.1486,1.4439,40.5018,12.5,16.0913,41.5546,2/5/8,bursa_all
2026-09-26 06:01:40,2026-09-25,5223.KL,0.58,0.59,0.545,62.0133,39.9384,58.6016,87.5,26.8245,16.4932,2/5/8,bursa_all
2026-09-26 06:01:40,2026-09-25,5225.KL,8.03,8.15,7.56,79.4917,76.3281,62.1471,100.0,36.2414,12.8372,2/5/8,bursa_all
2026-09-26 06:01:40,2026-09-25,5226.KL,0.155,0.155,0.145,31.1483,1.5367,54.4082,37.5,10.5491,14.1381,2/5/8,bursa_all
2026-09-26 06:01:40,2026-09-25,5227.KL,2.77,2.83,2.73,65.8713,67.9736,54.6402,75.0,29.2589,50.2439,2/5/8,bursa_all
2026-09-26 06:01:40,2026-09-25,5228.KL,0.98,0.99,0.97,13.1435,0.5778,38.8526,0.0,28.6665,36.8202,2/5/8,bursa_all
2026-09-26 06:01:40,2026-09-25,5230.KL,0.245,0.275,0.235,69.2937,45.6691,62.2121,100.0,14.2078,30.7403,2/5/8,bursa_all
2026-09-26 06:01:40,2026-09-25,5231.KL,0.1,0.105,0.1,15.1107,5.6146,27.2176,12.5,13.6221,33.5855,2/5/8,bursa_all
2026-09-26 06:01:40,2026-09-25,5232.KL,0.36,0.38,0.355,46.268,35.6588,53.1453,50.0,39.1181,62.0697,2/5/8,bursa_all
2026-09-26 06:01:40,2026-09-25,5236.KL,1.12,1.15,1.1,27.8338,9.1198,36.8815,37.5,30.4555,27.4165,2/5/8,bursa_all
2026-09-26 06:01:40,2026-09-25,5238.KL,0.53,0.59,0.52,57.9109,0.0156,73.7169,100.0,2.8706,20.1827,2/5/8,bursa_all
2026-09-26 06:01:40,2026-09-25,5239.KL,0.21,0.21,0.205,27.7247,5.5649,52.6092,25.0,27.7247,14.2309,2/5/8,bursa_all
2026-09-26 06:01:40,2026-09-25,5242.KL,0.115,0.115,0.11,33.586,10.9091,52.3488,37.5,33.586,17.4739,2/5/8,bursa_all
2026-09-26 06:01:40,2026-09-25,5243.KL,0.22,0.25,0.215,16.53,5.0893,44.5007,0.0,54.3521,65.2557,2/5/8,bursa_all
2026-09-26 06:01:40,2026-09-25,5246.KL,6.69,6.8,6.65,32.9827,8.4859,40.4623,50.0,27.5903,48.4956,2/5/8,bursa_all
2026-09-26 06:01:40,2026-09-25,5247.KL,0.45,0.47,0.44,23.3455,21.1151,48.9213,0.0,66.1264,40.5586,2/5/8,bursa_all
2026-09-26 06:01:40,2026-09-25,5248.KL,0.93,0.945,0.915,65.9306,54.2853,56.0066,87.5,25.1478,81.0504,2/5/8,bursa_all
2026-09-26 06:01:40,2026-09-25,5249.KL,3.49,3.61,3.32,27.9191,4.1537,29.6037,50.0,21.5657,25.2297,2/5/8,bursa_all
2026-09-26 06:01:40,2026-09-25,5250.KL,2.0,2.0,1.97,49.8983,72.6591,52.0359,25.0,49.8983,49.8983,2/5/8,bursa_all
2026-09-26 06:01:40,2026-09-25,5252.KL,0.145,0.15,0.14,26.9005,3.079,52.6227,25.0,26.9005,31.0672,2/5/8,bursa_all
2026-09-26 06:01:40,2026-09-25,5253.KL,0.12,0.12,0.11,31.8281,19.4323,51.0521,25.0,31.8281,20.4875,2/5/8,bursa_all
2026-09-26 06:01:40,2026-09-25,5255.KL,1.54,1.6,1.51,30.2429,23.4893,42.2395,25.0,61.3841,77.5389,2/5/8,bursa_all
2026-09-26 06:01:40,2026-09-25,5257.KL,0.405,0.41,0.39,71.1958,66.9578,59.1296,87.5,26.1286,72.2492,2/5/8,bursa_all
2026-09-26 06:01:40,2026-09-25,5258.KL,2.07,2.09,2.0,70.0951,50.0488,60.2365,100.0,15.8654,22.231,2/5/8,bursa_all
2026-09-26 06:01:40,2026-09-25,5259.KL,0.29,0.295,0.29,11.3722,0.7721,33.3445,0.0,35.2431,35.2431,2/5/8,bursa_all
2026-09-26 06:01:40,2026-09-25,5260.KL,0.175,0.18,0.175,28.3624,3.7689,43.8184,37.5,37.8077,37.8077,2/5/8,bursa_all
2026-09-26 06:01:40,2026-09-25,5263.KL,7.77,7.79,7.35,43.2155,48.7501,43.3964,37.5,71.5771,15.9167,2/5/8,bursa_all
2026-09-26 06:01:40,2026-09-25,5264.KL,0.805,0.82,0.785,33.3357,43.0585,44.4485,12.5,78.5926,29.5126,2/5/8,bursa_all
2026-09-26 06:01:40,2026-09-25,5265.KL,0.095,0.095,0.085,71.3517,63.885,62.67,87.5,35.8022,19.9664,2/5/8,bursa_all
2026-09-26 06:01:40,2026-09-25,5267.KL,0.145,0.145,0.145,31.9726,6.7446,51.6731,37.5,15.3953,49.4536,2/5/8,bursa_all
2026-09-26 06:01:40,2026-09-25,5269.KL,0.59,0.62,0.585,44.1967,32.7795,49.8106,50.0,35.3377,25.3026,2/5/8,bursa_all
2026-09-26 06:01:40,2026-09-25,5271.KL,1.39,1.42,1.35,87.9464,97.2172,79.1219,87.5,77.0326,81.9549,2/5/8,bursa_all
2026-09-26 06:01:40,2026-09-25,5272.KL,3.31,3.36,2.9,84.6288,98.9,67.4863,87.5,65.0825,75.3356,2/5/8,bursa_all
2026-09-26 06:01:40,2026-09-25,5273.KL,2.07,2.08,2.06,32.1978,36.2393,47.854,12.5,76.1932,12.5555,2/5/8,bursa_all
2026-09-26 06:01:40,2026-09-25,5274.KL,3.24,3.26,3.23,44.4615,53.5042,42.3804,37.5,69.5739,63.8027,2/5/8,bursa_all
2026-09-26 06:01:40,2026-09-25,5275.KL,0.425,0.43,0.42,26.3143,11.8529,54.59,12.5,30.481,30.481,2/5/8,bursa_all
2026-09-26 06:01:40,2026-09-25,5276.KL,0.34,0.345,0.33,36.8606,43.8633,41.7185,25.0,50.129,73.3529,2/5/8,bursa_all
2026-09-26 06:01:40,2026-09-25,5277.KL,0.41,0.42,0.385,72.1394,71.4849,57.4332,87.5,38.6127,48.4423,2/5/8,bursa_all
2026-09-26 06:01:40,2026-09-25,5278.KL,0.67,0.67,0.67,38.1668,44.8275,44.6729,25.0,72.5182,16.3343,2/5/8,bursa_all
2026-09-26 06:01:40,2026-09-25,5280.KL,0.85,0.855,0.85,19.3161,18.0553,39.8929,0.0,49.7758,49.7758,2/5/8,bursa_all
2026-09-26 06:01:40,2026-09-25,5281.KL,0.175,0.18,0.175,11.5974,3.1146,31.6777,0.0,51.3941,51.3941,2/5/8,bursa_all
2026-09-26 06:01:40,2026-09-25,5283.KL,0.185,0.22,0.18,65.67,62.197,59.813,75.0,30.0627,67.4278,2/5/8,bursa_all
2026-09-26 06:01:40,2026-09-25,5284.KL,0.335,0.345,0.325,55.9092,49.2119,56.0157,62.5,31.5312,75.1245,2/5/8,bursa_all
2026-09-26 06:01:40,2026-09-25,5285.KL,6.24,6.35,6.2,37.6236,33.1188,42.2518,37.5,62.7487,45.4019,2/5/8,bursa_all
2026-09-26 06:01:40,2026-09-25,5286.KL,5.8,6.16,5.6,64.6185,62.9872,55.8682,75.0,27.4573,53.7559,2/5/8,bursa_all
2026-09-26 06:01:40,2026-09-25,5288.KL,1.28,1.29,1.25,37.2491,8.4904,53.257,50.0,37.2491,19.4911,2/5/8,bursa_all
2026-09-26 06:01:40,2026-09-25,5289.KL,0.29,0.29,0.285,55.1656,60.6283,54.8684,50.0,25.3784,83.0603,2/5/8,bursa_all
2026-09-26 06:01:40,2026-09-25,5291.KL,0.215,0.215,0.19,79.7327,93.6055,58.0925,87.5,42.3845,35.2321,2/5/8,bursa_all
2026-09-26 06:01:40,2026-09-25,5292.KL,6.88,6.89,6.37,75.443,77.7292,48.5998,100.0,28.9745,62.367,2/5/8,bursa_all
2026-09-26 06:01:40,2026-09-25,5293.KL,1.31,1.33,1.29,62.8158,39.0413,61.9062,87.5,19.3581,23.1324,2/5/8,bursa_all
2026-09-26 06:01:40,2026-09-25,5295.KL,0.135,0.135,0.135,40.0686,1.3393,56.3665,62.5,21.0406,40.9991,2/5/8,bursa_all
2026-09-26 06:01:40,2026-09-25,5296.KL,1.29,1.32,1.28,62.8253,24.2083,64.2677,100.0,34.7083,15.6938,2/5/8,bursa_all
2026-09-26 06:01:40,2026-09-25,5297.KL,0.2,0.205,0.185,80.6959,79.9442,62.1436,100.0,24.4176,37.1515,2/5/8,bursa_all
2026-09-26 06:01:40,2026-09-25,5298.KL,0.625,0.65,0.57,17.8585,10.2104,30.8651,12.5,25.8368,30.0881,2/5/8,bursa_all
2026-09-26 06:01:40,2026-09-25,5299.KL,0.61,0.62,0.605,40.4748,33.4678,50.4566,37.5,24.5243,81.437,2/5/8,bursa_all
2026-09-26 06:01:40,2026-09-25,5300.KL,0.78,0.805,0.75,25.6607,34.8817,42.1002,0.0,75.9655,19.5587,2/5/8,bursa_all
2026-09-26 06:01:40,2026-09-25,5301.KL,0.61,0.66,0.6,23.8263,8.9184,37.5603,25.0,18.1927,67.2691,2/5/8,bursa_all
2026-09-26 06:01:40,2026-09-25,5302.KL,0.765,0.8,0.755,54.7308,45.2373,56.455,62.5,36.4058,70.1581,2/5/8,bursa_all
2026-09-26 06:01:40,2026-09-25,5303.KL,0.375,0.39,0.37,60.0623,61.6614,56.0254,62.5,42.576,36.244,2/5/8,bursa_all
2026-09-26 06:01:40,2026-09-25,5305.KL,0.105,0.11,0.095,36.4124,3.8083,55.429,50.0,21.1393,38.1957,2/5/8,bursa_all
2026-09-26 06:01:40,2026-09-25,5306.KL,1.96,2.0,1.93,39.956,23.7489,46.1192,50.0,67.457,53.9689,2/5/8,bursa_all
2026-09-26 06:01:40,2026-09-25,5307.KL,1.57,1.67,1.5,83.3707,90.7753,59.3368,100.0,23.3007,41.8339,2/5/8,bursa_all
2026-09-26 06:01:40,2026-09-25,5308.KL,0.71,0.71,0.6,61.3777,80.95,65.683,37.5,61.2995,73.9141,2/5/8,bursa_all
2026-09-26 06:01:40,2026-09-25,5309.KL,4.53,4.57,4.29,69.5131,63.0433,57.9961,87.5,29.6625,79.8865,2/5/8,bursa_all
2026-09-26 06:01:40,2026-09-25,5310.KL,0.65,0.65,0.63,51.3603,79.2575,49.8233,25.0,51.3603,79.6201,2/5/8,bursa_all
2026-09-26 06:01:40,2026-09-25,5311.KL,0.29,0.305,0.27,79.9688,89.2086,63.1978,87.5,78.984,25.1988,2/5/8,bursa_all
2026-09-26 06:01:40,2026-09-25,5313.KL,0.605,0.605,0.55,84.3608,93.7784,59.3041,100.0,26.1413,41.4302,2/5/8,bursa_all
2026-09-26 06:01:40,2026-09-25,5315.KL,0.39,0.4,0.385,44.8176,30.8216,53.6313,50.0,25.7898,79.7721,2/5/8,bursa_all
2026-09-26 06:01:40,2026-09-25,5316.KL,0.13,0.13,0.12,70.48,64.5594,59.3806,87.5,25.109,73.2241,2/5/8,bursa_all
2026-09-26 06:01:40,2026-09-25,5317.KL,1.29,1.32,1.22,62.7887,72.1691,53.6969,62.5,35.5615,69.9022,2/5/8,bursa_all
2026-09-26 06:01:40,2026-09-25,5318.KL,0.465,0.47,0.46,53.2128,87.4223,47.2162,25.0,53.2128,77.4875,2/5/8,bursa_all
2026-09-26 06:01:40,2026-09-25,5319.KL,0.65,0.655,0.645,13.6952,10.6241,30.4615,0.0,24.6506,68.1223,2/5/8,bursa_all
2026-09-26 06:01:40,2026-09-25,5321.KL,1.35,1.38,1.31,37.6354,30.3053,45.1009,37.5,72.1645,26.3225,2/5/8,bursa_all
2026-09-26 06:01:40,2026-09-25,5322.KL,0.235,0.235,0.225,72.0332,83.5922,57.5073,75.0,37.5401,57.9446,2/5/8,bursa_all
2026-09-26 06:01:40,2026-09-25,5323.KL,1.8,1.93,1.71,19.3677,6.0979,39.5051,12.5,26.0427,56.6319,2/5/8,bursa_all
2026-09-26 06:01:40,2026-09-25,5325.KL,1.19,1.22,1.15,63.8831,64.2365,52.4128,75.0,27.0647,73.388,2/5/8,bursa_all
2026-09-26 06:01:40,2026-09-25,5326.KL,3.2,3.31,3.15,48.3363,10.9445,59.0645,75.0,14.9804,25.2385,2/5/8,bursa_all
2026-09-26 06:01:40,2026-09-25,5327.KL,2.7,2.74,2.54,76.4578,99.9325,79.441,50.0,87.6063,69.3351,2/5/8,bursa_all
2026-09-26 06:01:40,2026-09-25,5328.KL,1.73,1.79,1.7,58.3712,78.2836,59.33,37.5,59.5172,38.0932,2/5/8,bursa_all
2026-09-26 06:01:40,2026-09-25,5329.KL,0.98,0.98,0.95,73.9119,59.2916,62.4441,100.0,11.3582,16.3925,2/5/8,bursa_all
2026-09-26 06:01:40,2026-09-25,5330.KL,2.98,3.17,2.97,27.2083,43.0851,38.5398,0.0,78.0518,57.8316,2/5/8,bursa_all
2026-09-26 06:01:40,2026-09-25,5331.KL,0.52,0.52,0.5,74.744,94.2085,67.5234,62.5,65.8616,69.2172,2/5/8,bursa_all
2026-09-26 06:01:40,2026-09-25,5332.KL,0.355,0.355,0.345,37.4956,4.7779,57.7088,50.0,13.957,22.1692,2/5/8,bursa_all
2026-09-26 06:01:40,2026-09-25,5335.KL,1.84,1.89,1.82,46.9241,53.3351,49.9374,37.5,82.2346,40.5823,2/5/8,bursa_all
2026-09-26 06:01:40,2026-09-25,5336.KL,0.345,0.42,0.345,15.037,2.9936,29.6173,12.5,13.5862,24.4616,2/5/8,bursa_all
2026-09-26 06:01:40,2026-09-25,5337.KL,1.48,1.5,1.46,48.9429,60.9128,48.4158,37.5,67.9617,24.7042,2/5/8,bursa_all
2026-09-26 06:01:40,2026-09-25,5338.KL,0.82,0.825,0.82,29.8942,5.848,33.8346,50.0,28.1064,22.9925,2/5/8,bursa_all
2026-09-26 06:01:40,2026-09-25,5340.KL,8.6,8.75,8.14,74.5785,86.2159,62.5194,75.0,52.8074,61.2287,2/5/8,bursa_all
2026-09-26 06:01:40,2026-09-25,5341.KL,0.715,0.725,0.7,33.8689,16.2935,35.3133,50.0,27.7617,43.3736,2/5/8,bursa_all
2026-09-26 06:01:40,2026-09-25,5343.KL,0.36,0.375,0.35,47.9766,29.2626,52.1671,62.5,54.3258,41.5363,2/5/8,bursa_all
2026-09-26 06:01:40,2026-09-25,5345.KL,0.265,0.265,0.26,40.5677,20.2924,51.4106,50.0,27.4327,34.7355,2/5/8,bursa_all
2026-09-26 06:01:40,2026-09-25,5346.KL,0.27,0.29,0.27,18.0014,2.1069,26.8974,25.0,20.1852,23.2987,2/5/8,bursa_all
2026-09-26 06:01:40,2026-09-25,5347.KL,13.14,13.36,12.86,57.715,21.6486,63.9963,87.5,8.4602,27.159,2/5/8,bursa_all
2026-09-26 06:01:40,2026-09-25,5348.KL,0.79,0.8,0.785,43.3488,20.9111,46.6354,62.5,49.7117,28.4596,2/5/8,bursa_all
2026-09-26 06:01:40,2026-09-25,5351.KL,0.85,0.8832,0.8335,24.8237,1.9177,47.5534,25.0,36.1257,20.8542,2/5/8,bursa_all
2026-09-26 06:01:40,2026-09-25,5352.KL,1.16,1.23,1.13,29.7906,34.1523,42.7195,12.5,55.6493,16.6959,2/5/8,bursa_all
2026-09-26 06:01:40,2026-09-25,5371.KL,0.85,0.905,0.85,28.9403,31.4745,42.8464,12.5,76.7641,46.7335,2/5/8,bursa_all
2026-09-26 06:01:40,2026-09-25,5398.KL,4.88,4.9,4.73,67.1576,89.1273,49.8456,62.5,42.8325,85.3962,2/5/8,bursa_all
2026-09-26 06:01:40,2026-09-25,5401.KL,1.15,1.21,1.14,20.1656,15.9624,44.5343,0.0,53.5037,72.7961,2/5/8,bursa_all
2026-09-26 06:01:40,2026-09-25,5436.KL,0.79,0.805,0.74,28.0673,18.2084,40.9935,25.0,50.4228,12.6112,2/5/8,bursa_all
2026-09-26 06:01:40,2026-09-25,5517.KL,1.58,1.6,1.55,35.1899,25.6971,42.3726,37.5,41.1054,70.0083,2/5/8,bursa_all
2026-09-26 06:01:40,2026-09-25,5533.KL,0.76,0.76,0.74,67.4771,41.9595,60.4717,100.0,34.2059,34.2059,2/5/8,bursa_all
2026-09-26 06:01:40,2026-09-25,5555.KL,2.09,2.29,2.07,24.7796,31.8878,42.4509,0.0,80.386,68.4505,2/5/8,bursa_all
2026-09-26 06:01:40,2026-09-25,5568.KL,0.16,0.16,0.15,43.7483,55.7374,50.5076,25.0,43.7483,36.4405,2/5/8,bursa_all
2026-09-26 06:01:40,2026-09-25,5576.KL,0.26,0.265,0.26,28.6938,33.1707,40.4106,12.5,79.4574,39.0921,2/5/8,bursa_all
2026-09-26 06:01:40,2026-09-25,5592.KL,0.31,0.315,0.31,34.2437,4.7151,48.0161,50.0,42.4433,46.6099,2/5/8,bursa_all
2026-09-26 06:01:40,2026-09-25,5606.KL,2.3,2.34,2.24,46.6904,8.7505,56.3207,75.0,27.4239,21.8427,2/5/8,bursa_all
2026-09-26 06:01:40,2026-09-25,5614.KL,1.18,1.19,1.11,65.5263,93.5995,52.9795,50.0,58.2736,45.6672,2/5/8,bursa_all
2026-09-26 06:01:40,2026-09-25,5649.KL,0.2,0.2,0.2,65.3795,63.3445,57.794,75.0,31.7276,67.9059,2/5/8,bursa_all
2026-09-26 06:01:40,2026-09-25,5657.KL,0.165,0.175,0.165,16.3793,7.0597,29.5782,12.5,21.0465,38.1871,2/5/8,bursa_all
2026-09-26 06:01:40,2026-09-25,5665.KL,0.525,0.58,0.52,24.2563,37.2438,35.5249,0.0,83.7465,78.0728,2/5/8,bursa_all
2026-09-26 06:01:40,2026-09-25,5673.KL,0.21,0.215,0.21,28.7249,25.821,47.8537,12.5,71.8575,22.0216,2/5/8,bursa_all
2026-09-26 06:01:40,2026-09-25,5681.KL,19.5,20.38,19.32,19.6807,21.1529,37.8892,0.0,28.8193,81.5539,2/5/8,bursa_all
2026-09-26 06:01:40,2026-09-25,5703.KL,0.44,0.445,0.435,19.5719,1.3566,19.8592,37.5,21.1781,14.7156,2/5/8,bursa_all
2026-09-26 06:01:40,2026-09-25,5738.KL,0.15,0.155,0.145,26.1115,11.8943,41.4401,25.0,49.6409,53.8075,2/5/8,bursa_all
2026-09-26 06:01:40,2026-09-25,5789.KL,0.39,0.39,0.38,69.988,58.7019,63.7621,87.5,41.4167,9.291,2/5/8,bursa_all
2026-09-26 06:01:40,2026-09-25,5797.KL,0.5,0.52,0.5,38.1262,45.4083,43.9703,25.0,74.1304,21.1331,2/5/8,bursa_all
2026-09-26 06:01:40,2026-09-25,5819.KL,23.14,23.5,22.56,69.9182,61.9359,47.8186,100.0,19.3832,22.5151,2/5/8,bursa_all
2026-09-26 06:01:40,2026-09-25,5827.KL,1.23,1.26,1.22,22.3485,23.3571,43.6884,0.0,74.8333,45.3039,2/5/8,bursa_all
2026-09-26 06:01:40,2026-09-25,5843.KL,0.535,0.54,0.525,19.9451,12.8028,47.0326,0.0,47.255,62.3031,2/5/8,bursa_all
2026-09-26 06:01:40,2026-09-25,5878.KL,2.67,2.71,2.54,76.7105,66.9697,63.1617,100.0,52.3919,17.0134,2/5/8,bursa_all
2026-09-26 06:01:40,2026-09-25,5908.KL,5.97,5.99,5.91,45.4919,30.7775,43.1983,62.5,32.0769,73.4805,2/5/8,bursa_all
2026-09-26 06:01:40,2026-09-25,5916.KL,1.74,1.79,1.72,37.2421,30.1451,44.0813,37.5,52.3208,74.6469,2/5/8,bursa_all
2026-09-26 06:01:40,2026-09-25,5932.KL,0.235,0.235,0.205,27.7379,2.9295,55.2843,25.0,31.9046,31.9046,2/5/8,bursa_all
2026-09-26 06:01:40,2026-09-25,5983.KL,4.91,4.95,4.82,41.0484,51.7395,46.4057,25.0,65.5378,23.5739,2/5/8,bursa_all
2026-09-26 06:01:40,2026-09-25,6009.KL,0.52,0.525,0.515,71.1174,51.9484,61.404,100.0,11.3092,20.9631,2/5/8,bursa_all
2026-09-26 06:01:40,2026-09-25,6012.KL,3.54,3.63,3.5,37.5956,27.6779,47.609,37.5,57.3305,37.3956,2/5/8,bursa_all
2026-09-26 06:01:40,2026-09-25,6017.KL,2.36,2.39,2.29,43.3988,60.6616,44.5347,25.0,80.9814,29.6336,2/5/8,bursa_all
2026-09-26 06:01:40,2026-09-25,6033.KL,17.4,17.62,17.14,39.1336,51.9099,40.4909,25.0,69.2498,64.6995,2/5/8,bursa_all
2026-09-26 06:01:40,2026-09-25,6041.KL,0.15,0.155,0.145,23.3391,33.3939,36.6233,0.0,84.7399,35.1522,2/5/8,bursa_all
2026-09-26 06:01:40,2026-09-25,6068.KL,0.29,0.29,0.285,69.2696,76.4206,56.3883,75.0,51.9555,85.4125,2/5/8,bursa_all
2026-09-26 06:01:40,2026-09-25,6076.KL,0.19,0.205,0.18,45.1285,82.2623,40.6233,12.5,85.7593,75.5846,2/5/8,bursa_all
2026-09-26 06:01:40,2026-09-25,6084.KL,0.3,0.3,0.29,54.5894,93.5082,45.26,25.0,87.4301,64.6379,2/5/8,bursa_all
2026-09-26 06:01:40,2026-09-25,6114.KL,1.99,2.0,1.99,45.8003,76.0266,48.8742,12.5,49.9669,49.9669,2/5/8,bursa_all
2026-09-26 06:01:40,2026-09-25,6139.KL,3.0,3.1,2.98,29.686,2.5657,23.9924,62.5,18.9665,25.7331,2/5/8,bursa_all
2026-09-26 06:01:40,2026-09-25,6149.KL,1.04,1.09,1.04,38.1237,44.7931,44.5779,25.0,78.7784,44.2062,2/5/8,bursa_all
2026-09-26 06:01:40,2026-09-25,6173.KL,0.185,0.19,0.185,29.1771,24.0165,51.0149,12.5,29.1771,33.3438,2/5/8,bursa_all
2026-09-26 06:01:40,2026-09-25,6181.KL,0.225,0.23,0.22,24.6983,19.818,41.7769,12.5,48.6788,48.6788,2/5/8,bursa_all
2026-09-26 06:01:40,2026-09-25,6203.KL,0.08,0.09,0.075,22.75,1.0756,42.1745,25.0,25.343,36.879,2/5/8,bursa_all
2026-09-26 06:01:40,2026-09-25,6211.KL,0.3,0.33,0.3,27.4933,24.3693,33.1105,25.0,42.9106,30.8532,2/5/8,bursa_all
2026-09-26 06:01:40,2026-09-25,6254.KL,0.03,0.03,0.025,47.1165,93.462,47.8875,0.0,47.1165,47.1165,2/5/8,bursa_all
2026-09-26 06:01:40,2026-09-25,6262.KL,1.99,2.04,1.97,24.3573,8.5038,39.568,25.0,19.2551,69.7729,2/5/8,bursa_all
2026-09-26 06:01:40,2026-09-25,6297.KL,0.21,0.21,0.21,36.4651,35.4356,48.9597,25.0,29.2285,82.7945,2/5/8,bursa_all
2026-09-26 06:01:40,2026-09-25,6351.KL,4.18,4.32,4.0,10.7929,0.1711,32.2076,0.0,25.289,14.8799,2/5/8,bursa_all
2026-09-26 06:01:40,2026-09-25,6378.KL,0.525,0.53,0.525,37.5139,45.3534,42.1882,25.0,68.4499,39.0799,2/5/8,bursa_all
2026-09-26 06:01:40,2026-09-25,6399.KL,0.06,0.06,0.055,79.715,77.8017,61.3435,100.0,36.2995,16.0632,2/5/8,bursa_all
2026-09-26 06:01:40,2026-09-25,6432.KL,5.8,5.84,5.7,83.2325,81.3738,68.3237,100.0,46.8041,7.4252,2/5/8,bursa_all
2026-09-26 06:01:40,2026-09-25,6459.KL,2.91,2.98,2.79,70.0252,69.0318,53.5439,87.5,26.2515,25.2989,2/5/8,bursa_all
2026-09-26 06:01:40,2026-09-25,6483.KL,0.635,0.635,0.58,79.378,70.2032,67.9309,100.0,18.9116,11.93,2/5/8,bursa_all
2026-09-26 06:01:40,2026-09-25,6491.KL,2.52,2.56,2.49,52.6501,23.6459,59.3044,75.0,15.6079,26.6734,2/5/8,bursa_all
2026-09-26 06:01:40,2026-09-25,6521.KL,1.16,1.2,1.13,45.4417,0.056,61.269,75.0,13.1641,10.9516,2/5/8,bursa_all
2026-09-26 06:01:40,2026-09-25,6556.KL,0.525,0.535,0.5,20.8189,19.8998,42.5569,0.0,44.3923,31.1947,2/5/8,bursa_all
2026-09-26 06:01:40,2026-09-25,6599.KL,0.955,0.97,0.95,23.055,2.1275,29.5376,37.5,25.5421,33.1039,2/5/8,bursa_all
2026-09-26 06:01:40,2026-09-25,6602.KL,0.235,0.255,0.235,23.3214,28.6637,41.3004,0.0,73.6337,29.6548,2/5/8,bursa_all
2026-09-26 06:01:40,2026-09-25,6633.KL,0.715,0.74,0.705,50.5362,23.3947,53.214,75.0,17.9861,71.5606,2/5/8,bursa_all
2026-09-26 06:01:40,2026-09-25,6637.KL,0.04,0.045,0.04,32.0005,5.2165,53.2849,37.5,32.0005,15.0693,2/5/8,bursa_all
2026-09-26 06:01:40,2026-09-25,6718.KL,1.26,1.28,1.24,56.5045,84.9627,47.0508,37.5,80.609,75.8486,2/5/8,bursa_all
2026-09-26 06:01:40,2026-09-25,6742.KL,5.89,6.0,5.57,64.0425,80.9062,48.7214,62.5,27.1603,42.165,2/5/8,bursa_all
2026-09-26 06:01:40,2026-09-25,6769.KL,0.105,0.11,0.105,14.2693,4.4258,38.3822,0.0,38.595,42.7616,2/5/8,bursa_all
2026-09-26 06:01:40,2026-09-25,6807.KL,0.165,0.17,0.165,39.8397,30.0868,51.9324,37.5,24.4269,73.7911,2/5/8,bursa_all
2026-09-26 06:01:40,2026-09-25,6815.KL,0.7,0.7,0.675,36.2718,44.719,39.0965,25.0,48.5432,70.6019,2/5/8,bursa_all
2026-09-26 06:01:40,2026-09-25,6874.KL,0.86,0.88,0.855,22.931,5.7154,38.0774,25.0,22.126,53.7118,2/5/8,bursa_all
2026-09-26 06:01:40,2026-09-25,6888.KL,1.63,1.74,1.61,22.3653,17.9815,49.1144,0.0,69.4847,17.9965,2/5/8,bursa_all
2026-09-26 06:01:40,2026-09-25,6904.KL,0.68,0.7,0.68,28.6753,17.5487,43.4774,25.0,49.8151,64.5952,2/5/8,bursa_all
2026-09-26 06:01:40,2026-09-25,6912.KL,0.295,0.295,0.27,73.0709,70.8132,60.8993,87.5,17.6626,26.5738,2/5/8,bursa_all
2026-09-26 06:01:40,2026-09-25,6939.KL,1.04,1.04,1.02,33.1268,9.0406,52.8399,37.5,37.2935,21.2701,2/5/8,bursa_all
2026-09-26 06:01:40,2026-09-25,6947.KL,2.57,2.66,2.51,38.9277,12.4065,41.8765,62.5,21.0676,58.5434,2/5/8,bursa_all
2026-09-26 06:01:40,2026-09-25,6963.KL,0.235,0.26,0.22,74.4482,90.3003,58.0443,75.0,51.6288,62.8265,2/5/8,bursa_all
2026-09-26 06:01:40,2026-09-25,6971.KL,2.35,2.43,2.25,75.2771,79.959,58.3721,87.5,64.2718,27.4593,2/5/8,bursa_all
2026-09-26 06:01:40,2026-09-25,6998.KL,0.07,0.08,0.065,32.4388,34.4983,50.318,12.5,32.4388,36.6054,2/5/8,bursa_all
2026-09-26 06:01:40,2026-09-25,7003.KL,0.305,0.305,0.305,46.6922,78.9609,48.6156,12.5,46.6922,46.6922,2/5/8,bursa_all
2026-09-26 06:01:40,2026-09-25,7004.KL,1.51,1.54,1.49,21.8209,12.6236,27.8391,25.0,31.5591,23.2886,2/5/8,bursa_all
2026-09-26 06:01:40,2026-09-25,7005.KL,0.565,0.57,0.555,67.0205,39.4727,61.5888,100.0,23.7999,34.8788,2/5/8,bursa_all
2026-09-26 06:01:40,2026-09-25,7006.KL,0.985,1.0,0.98,13.9655,1.5765,27.8201,12.5,13.1473,49.9758,2/5/8,bursa_all
2026-09-26 06:01:40,2026-09-25,7007.KL,0.235,0.235,0.235,45.0181,75.3103,47.2441,12.5,49.1848,73.3054,2/5/8,bursa_all
2026-09-26 06:01:40,2026-09-25,7010.KL,1.45,1.51,1.36,57.6162,87.4988,47.8497,37.5,83.0604,58.9921,2/5/8,bursa_all
2026-09-26 06:01:40,2026-09-25,7013.KL,0.035,0.035,0.03,48.0768,70.6575,48.573,25.0,67.9761,28.5988,2/5/8,bursa_all
2026-09-26 06:01:40,2026-09-25,7014.KL,0.38,0.385,0.33,86.5185,99.5546,72.5008,87.5,88.7736,81.5029,2/5/8,bursa_all
2026-09-26 06:01:40,2026-09-25,7016.KL,0.335,0.34,0.27,84.5963,99.6126,66.6762,87.5,69.9518,84.475,2/5/8,bursa_all
2026-09-26 06:01:40,2026-09-25,7017.KL,0.06,0.06,0.06,27.6338,6.1784,51.7229,25.0,19.5284,33.086,2/5/8,bursa_all
2026-09-26 06:01:40,2026-09-25,7018.KL,0.015,0.015,0.005,75.0946,95.0829,67.7009,62.5,74.0901,39.8529,2/5/8,bursa_all
2026-09-26 06:01:40,2026-09-25,7020.KL,0.1,0.105,0.08,77.3468,74.8696,57.1709,100.0,18.2246,28.4344,2/5/8,bursa_all
2026-09-26 06:01:40,2026-09-25,7022.KL,0.225,0.23,0.22,45.9557,23.5865,51.7808,62.5,27.3343,59.2307,2/5/8,bursa_all
2026-09-26 06:01:40,2026-09-25,7025.KL,0.6,0.6,0.6,41.031,70.5495,52.5434,0.0,45.1976,49.3643,2/5/8,bursa_all
2026-09-26 06:01:40,2026-09-25,7028.KL,0.465,0.475,0.465,45.7563,23.4348,51.3342,62.5,24.7436,37.9624,2/5/8,bursa_all
2026-09-26 06:01:40,2026-09-25,7029.KL,1.6,1.65,1.41,74.4516,64.9889,58.3659,100.0,19.5747,37.5362,2/5/8,bursa_all
2026-09-26 06:01:40,2026-09-25,7031.KL,0.33,0.34,0.325,31.8533,38.3501,44.7097,12.5,65.0884,23.3845,2/5/8,bursa_all
2026-09-26 06:01:40,2026-09-25,7033.KL,0.6,0.66,0.57,25.3813,31.1425,45.0013,0.0,63.5302,82.6028,2/5/8,bursa_all
2026-09-26 06:01:40,2026-09-25,7034.KL,1.5,1.64,1.45,16.6999,14.3328,35.7668,0.0,39.9523,75.9085,2/5/8,bursa_all
2026-09-26 06:01:40,2026-09-25,7035.KL,0.88,0.905,0.875,40.0841,9.7861,47.9662,62.5,31.5226,67.4167,2/5/8,bursa_all
2026-09-26 06:01:40,2026-09-25,7036.KL,0.005,0.005,0.005,27.9951,33.3282,50.6571,0.0,27.9951,27.9951,2/5/8,bursa_all
2026-09-26 06:01:40,2026-09-25,7043.KL,0.195,0.2,0.19,77.5707,98.2468,59.4654,75.0,56.1441,81.5367,2/5/8,bursa_all
2026-09-26 06:01:40,2026-09-25,7047.KL,0.1,0.1,0.095,36.3469,2.7435,56.2972,50.0,36.3469,40.5136,2/5/8,bursa_all
2026-09-26 06:01:40,2026-09-25,7048.KL,2.6,2.6,2.58,65.0897,89.5843,55.6849,50.0,47.3542,51.5209,2/5/8,bursa_all
2026-09-26 06:01:40,2026-09-25,7050.KL,0.165,0.175,0.155,49.4145,19.0586,54.1847,75.0,32.8552,29.4706,2/5/8,bursa_all
2026-09-26 06:01:40,2026-09-25,7052.KL,1.03,1.05,1.01,32.1143,11.5696,59.7733,25.0,64.6216,30.5783,2/5/8,bursa_all
2026-09-26 06:01:40,2026-09-25,7053.KL,0.68,0.68,0.68,33.1401,28.3924,46.0278,25.0,25.9595,49.482,2/5/8,bursa_all
2026-09-26 06:01:40,2026-09-25,7054.KL,0.1,0.105,0.09,48.6041,88.0097,45.3026,12.5,48.6041,72.9401,2/5/8,bursa_all
2026-09-26 06:01:40,2026-09-25,7055.KL,0.86,0.86,0.86,48.09,97.4537,46.8162,0.0,48.09,48.09,2/5/8,bursa_all
2026-09-26 06:01:40,2026-09-25,7060.KL,1.32,1.32,1.32,53.0202,43.8425,52.7182,62.5,38.4649,76.9118,2/5/8,bursa_all
2026-09-26 06:01:40,2026-09-25,7062.KL,1.3,1.32,1.3,27.6135,3.512,29.3285,50.0,25.8848,25.1423,2/5/8,bursa_all
2026-09-26 06:01:40,2026-09-25,7066.KL,0.11,0.115,0.1,64.5919,48.5304,57.7453,87.5,22.6786,79.288,2/5/8,bursa_all
2026-09-26 06:01:40,2026-09-25,7070.KL,0.115,0.12,0.095,85.0122,92.1708,62.8657,100.0,64.8666,36.4017,2/5/8,bursa_all
2026-09-26 06:01:40,2026-09-25,7071.KL,0.05,0.05,0.045,43.3387,69.8206,47.6954,12.5,43.3387,43.3387,2/5/8,bursa_all
2026-09-26 06:01:40,2026-09-25,7073.KL,0.06,0.06,0.06,27.2706,29.0755,52.7363,0.0,27.2706,27.2706,2/5/8,bursa_all
2026-09-26 06:01:40,2026-09-25,7076.KL,1.13,1.18,1.13,33.0104,20.2137,28.8175,50.0,23.2875,33.4289,2/5/8,bursa_all
2026-09-26 06:01:40,2026-09-25,7077.KL,0.27,0.28,0.265,16.6904,5.3771,32.1941,12.5,24.5959,52.8765,2/5/8,bursa_all
2026-09-26 06:01:40,2026-09-25,7078.KL,0.09,0.095,0.085,10.317,1.3316,17.1196,12.5,12.0621,14.4071,2/5/8,bursa_all
2026-09-26 06:01:40,2026-09-25,7079.KL,0.025,0.03,0.02,38.6863,66.6667,49.3923,0.0,38.6863,38.6863,2/5/8,bursa_all
2026-09-26 06:01:40,2026-09-25,7080.KL,0.01,0.01,0.005,85.4794,88.8089,67.6291,100.0,21.8522,26.0188,2/5/8,bursa_all
2026-09-26 06:01:40,2026-09-25,7081.KL,1.07,1.11,1.06,23.4664,17.1833,40.7161,12.5,26.5442,76.1055,2/5/8,bursa_all
2026-09-26 06:01:40,2026-09-25,7082.KL,0.185,0.19,0.175,28.7709,31.5341,42.2787,12.5,57.6933,81.8844,2/5/8,bursa_all
2026-09-26 06:01:40,2026-09-25,7083.KL,1.72,1.78,1.62,21.6197,9.1103,43.2488,12.5,39.8209,20.5473,2/5/8,bursa_all
2026-09-26 06:01:40,2026-09-25,7084.KL,4.01,4.09,3.87,30.9456,48.7069,44.1298,0.0,84.6019,68.792,2/5/8,bursa_all
2026-09-26 06:01:40,2026-09-25,7085.KL,1.17,1.18,1.15,66.1987,67.8952,55.7009,75.0,48.7172,71.7207,2/5/8,bursa_all
2026-09-26 06:01:40,2026-09-25,7086.KL,0.1,0.1,0.09,35.1301,34.6109,45.7793,25.0,35.1301,24.4279,2/5/8,bursa_all
2026-09-26 06:01:40,2026-09-25,7087.KL,1.58,1.64,1.58,31.0136,4.8452,38.1956,50.0,29.3826,28.0601,2/5/8,bursa_all
2026-09-26 06:01:40,2026-09-25,7088.KL,0.64,0.65,0.625,73.9172,70.0105,64.2412,87.5,56.9817,26.8157,2/5/8,bursa_all
2026-09-26 06:01:40,2026-09-25,7089.KL,0.245,0.255,0.24,23.3668,5.3174,39.783,25.0,26.2263,32.4592,2/5/8,bursa_all
2026-09-26 06:01:40,2026-09-25,7091.KL,1.33,1.38,1.3,45.9908,51.8281,48.6444,37.5,65.2155,17.9473,2/5/8,bursa_all
2026-09-26 06:01:40,2026-09-25,7094.KL,3.24,3.24,3.24,60.4052,94.1214,49.5941,37.5,87.1064,80.6482,2/5/8,bursa_all
2026-09-26 06:01:40,2026-09-25,7095.KL,1.8,1.89,1.63,74.7864,80.8912,55.968,87.5,32.9227,61.7577,2/5/8,bursa_all
2026-09-26 06:01:40,2026-09-25,7096.KL,0.07,0.07,0.055,75.8969,72.3412,55.3496,100.0,27.9952,72.2213,2/5/8,bursa_all
2026-09-26 06:01:40,2026-09-25,7097.KL,0.01,0.015,0.005,32.1056,32.6739,51.1429,12.5,32.1056,32.1056,2/5/8,bursa_all
2026-09-26 06:01:40,2026-09-25,7099.KL,0.125,0.14,0.12,38.4214,25.9806,51.7836,37.5,30.9252,45.5258,2/5/8,bursa_all
2026-09-26 06:01:40,2026-09-25,7100.KL,2.57,2.62,2.45,61.4285,37.3895,59.396,87.5,17.7513,27.6193,2/5/8,bursa_all
2026-09-26 06:01:40,2026-09-25,7103.KL,3.77,3.81,3.67,51.6825,65.4008,52.1466,37.5,25.7018,52.6194,2/5/8,bursa_all
2026-09-26 06:01:40,2026-09-25,7105.KL,2.15,2.16,2.13,73.9845,64.185,57.7684,100.0,16.8769,37.9725,2/5/8,bursa_all
2026-09-26 06:01:40,2026-09-25,7106.KL,0.42,0.435,0.38,64.5884,77.3698,53.8955,62.5,34.2124,80.6942,2/5/8,bursa_all
2026-09-26 06:01:40,2026-09-25,7107.KL,1.01,1.03,0.995,12.7661,6.0459,32.2524,0.0,48.3809,48.3809,2/5/8,bursa_all
2026-09-26 06:01:40,2026-09-25,7108.KL,0.15,0.16,0.14,85.6967,92.424,64.666,100.0,45.2015,45.2015,2/5/8,bursa_all
2026-09-26 06:01:40,2026-09-25,7113.KL,0.755,0.8,0.75,44.9303,53.708,43.583,37.5,48.5517,83.7102,2/5/8,bursa_all
2026-09-26 06:01:40,2026-09-25,7114.KL,0.04,0.04,0.03,69.3862,88.3476,57.3109,62.5,42.6745,46.8411,2/5/8,bursa_all
2026-09-26 06:01:40,2026-09-25,7115.KL,0.91,0.93,0.9,36.3452,10.1521,48.8835,50.0,39.3913,25.9892,2/5/8,bursa_all
2026-09-26 06:01:40,2026-09-25,7117.KL,0.185,0.185,0.16,82.7054,98.4322,62.184,87.5,42.0112,42.0112,2/5/8,bursa_all
2026-09-26 06:01:40,2026-09-25,7120.KL,0.11,0.11,0.105,48.8016,27.3627,56.542,62.5,26.1638,70.0172,2/5/8,bursa_all
2026-09-26 06:01:40,2026-09-25,7121.KL,0.81,0.815,0.78,50.8742,57.2296,57.893,37.5,47.2455,23.1717,2/5/8,bursa_all
2026-09-26 06:01:40,2026-09-25,7123.KL,0.03,0.04,0.03,14.4075,14.4003,28.8221,0.0,23.4203,84.2225,2/5/8,bursa_all
2026-09-26 06:01:40,2026-09-25,7128.KL,0.25,0.29,0.25,18.8525,10.529,33.5285,12.5,20.0694,51.8576,2/5/8,bursa_all
2026-09-26 06:01:40,2026-09-25,7129.KL,1.31,1.31,1.29,26.0595,40.6245,37.554,0.0,91.0665,79.6155,2/5/8,bursa_all
2026-09-26 06:01:40,2026-09-25,7131.KL,0.11,0.12,0.11,16.8267,5.6437,44.8364,0.0,39.9955,17.5804,2/5/8,bursa_all
2026-09-26 06:01:40,2026-09-25,7132.KL,0.53,0.535,0.53,43.6033,28.4728,52.3372,50.0,34.762,35.2186,2/5/8,bursa_all
2026-09-26 06:01:40,2026-09-25,7133.KL,1.36,1.37,1.34,46.4111,50.1468,51.5866,37.5,61.5062,30.6387,2/5/8,bursa_all
2026-09-26 06:01:40,2026-09-25,7134.KL,0.755,0.755,0.72,79.8568,81.6535,57.9169,100.0,32.5313,66.9613,2/5/8,bursa_all
2026-09-26 06:01:40,2026-09-25,7137.KL,1.85,1.85,1.8,75.0989,95.9746,54.322,75.0,52.5961,75.6066,2/5/8,bursa_all
2026-09-26 06:01:40,2026-09-25,7139.KL,0.085,0.085,0.08,35.8952,30.7092,51.9765,25.0,40.0619,40.0619,2/5/8,bursa_all
2026-09-26 06:01:40,2026-09-25,7140.KL,0.515,0.545,0.505,37.2193,27.5181,46.6397,37.5,37.2193,20.0947,2/5/8,bursa_all
2026-09-26 06:01:40,2026-09-25,7145.KL,0.2,0.21,0.195,54.8204,98.2915,41.1697,25.0,54.8204,91.5947,2/5/8,bursa_all
2026-09-26 06:01:40,2026-09-25,7146.KL,0.045,0.045,0.045,32.5886,7.4536,52.8122,37.5,36.7553,16.2485,2/5/8,bursa_all
2026-09-26 06:01:40,2026-09-25,7148.KL,1.19,1.2,1.15,62.0941,39.6821,59.1003,87.5,13.8465,24.6653,2/5/8,bursa_all
2026-09-26 06:01:40,2026-09-25,7149.KL,0.175,0.175,0.17,80.2714,79.2209,61.5934,100.0,34.1011,38.2677,2/5/8,bursa_all
2026-09-26 06:01:40,2026-09-25,7152.KL,0.225,0.23,0.21,64.4237,58.4271,59.8438,75.0,38.9426,77.3759,2/5/8,bursa_all
2026-09-26 06:01:40,2026-09-25,7153.KL,1.2,1.26,1.16,46.2301,58.155,43.0353,37.5,69.2015,79.2296,2/5/8,bursa_all
2026-09-26 06:01:40,2026-09-25,7154.KL,0.025,0.03,0.025,75.3559,64.6505,61.4173,100.0,14.7065,36.3615,2/5/8,bursa_all
2026-09-26 06:01:40,2026-09-25,7155.KL,0.36,0.37,0.345,77.1283,95.5312,73.3535,62.5,87.5789,78.1466,2/5/8,bursa_all
2026-09-26 06:01:40,2026-09-25,7157.KL,0.335,0.34,0.28,83.3572,90.2065,59.8652,100.0,34.6956,44.8446,2/5/8,bursa_all
2026-09-26 06:01:40,2026-09-25,7160.KL,5.31,5.58,5.18,28.0333,41.6177,42.4823,0.0,76.7512,68.0241,2/5/8,bursa_all
2026-09-26 06:01:40,2026-09-25,7161.KL,3.63,3.63,3.36,66.2589,88.1181,48.1585,62.5,37.8361,85.2864,2/5/8,bursa_all
2026-09-26 06:01:40,2026-09-25,7162.KL,0.48,0.495,0.48,29.1354,12.4956,37.4105,37.5,20.5642,75.771,2/5/8,bursa_all
2026-09-26 06:01:40,2026-09-25,7163.KL,4.07,4.15,4.0,77.0004,99.7041,68.7972,62.5,66.7251,81.4754,2/5/8,bursa_all
2026-09-26 06:01:40,2026-09-25,7165.KL,0.07,0.07,0.065,46.9464,80.3522,47.9869,12.5,46.9464,46.9464,2/5/8,bursa_all
2026-09-26 06:01:40,2026-09-25,7167.KL,1.6,1.61,1.5704,52.898,54.3409,54.353,50.0,28.1176,72.1661,2/5/8,bursa_all
2026-09-26 06:01:40,2026-09-25,7168.KL,0.105,0.115,0.09,79.3235,82.5225,67.9478,87.5,78.025,25.2044,2/5/8,bursa_all
2026-09-26 06:01:40,2026-09-25,7169.KL,0.7,0.775,0.7,16.8714,11.8288,38.7855,0.0,56.8775,78.9306,2/5/8,bursa_all
2026-09-26 06:01:40,2026-09-25,7170.KL,0.14,0.14,0.13,76.5314,71.3913,58.2028,100.0,23.1357,38.5904,2/5/8,bursa_all
2026-09-26 06:01:40,2026-09-25,7172.KL,1.73,1.73,1.69,51.2583,33.8245,57.4503,62.5,24.7488,62.6791,2/5/8,bursa_all
2026-09-26 06:01:40,2026-09-25,7173.KL,0.205,0.205,0.19,79.2093,76.0553,61.5725,100.0,36.9528,23.6033,2/5/8,bursa_all
2026-09-26 06:01:40,2026-09-25,7174.KL,0.53,0.535,0.525,42.7934,42.2622,48.618,37.5,32.1038,84.8571,2/5/8,bursa_all
2026-09-26 06:01:40,2026-09-25,7176.KL,0.265,0.27,0.26,39.3962,34.5028,46.1858,37.5,59.4473,72.51,2/5/8,bursa_all
2026-09-26 06:01:40,2026-09-25,7178.KL,1.96,2.0,1.94,11.543,1.2345,20.8945,12.5,13.6164,16.1289,2/5/8,bursa_all
2026-09-26 06:01:40,2026-09-25,7179.KL,1.6,1.62,1.58,28.4779,47.9456,37.488,0.0,66.457,51.3847,2/5/8,bursa_all
2026-09-26 06:01:40,2026-09-25,7180.KL,0.81,0.815,0.71,71.0092,65.0887,60.439,87.5,33.7709,78.9207,2/5/8,bursa_all
2026-09-26 06:01:40,2026-09-25,7181.KL,0.025,0.025,0.02,29.7502,12.8437,51.4071,25.0,29.7502,29.7502,2/5/8,bursa_all
2026-09-26 06:01:40,2026-09-25,7184.KL,0.01,0.015,0.01,36.5483,20.887,51.2581,37.5,20.2858,54.8781,2/5/8,bursa_all
2026-09-26 06:01:40,2026-09-25,7186.KL,0.105,0.115,0.105,29.395,27.8763,35.3088,25.0,30.7403,80.9689,2/5/8,bursa_all
2026-09-26 06:01:40,2026-09-25,7187.KL,0.98,0.995,0.955,19.2817,0.021,32.8243,25.0,26.6736,31.0853,2/5/8,bursa_all
2026-09-26 06:01:40,2026-09-25,7188.KL,0.03,0.03,0.025,77.6842,79.797,65.7556,87.5,26.515,15.6987,2/5/8,bursa_all
2026-09-26 06:01:40,2026-09-25,7191.KL,0.135,0.145,0.13,56.6058,49.6634,57.6542,62.5,24.9611,84.5696,2/5/8,bursa_all
2026-09-26 06:01:40,2026-09-25,7192.KL,0.585,0.6,0.56,70.4334,96.8625,76.9378,37.5,72.7957,70.2663,2/5/8,bursa_all
2026-09-26 06:01:40,2026-09-25,7195.KL,2.5,2.53,2.44,43.9263,99.7943,31.9844,0.0,69.5926,81.0221,2/5/8,bursa_all
2026-09-26 06:01:40,2026-09-25,7197.KL,1.1,1.16,1.07,23.3746,1.9655,43.1583,25.0,17.6782,66.036,2/5/8,bursa_all
2026-09-26 06:01:40,2026-09-25,7198.KL,0.515,0.52,0.51,24.7074,4.1116,45.0106,25.0,35.847,40.0137,2/5/8,bursa_all
2026-09-26 06:01:40,2026-09-25,7199.KL,1.08,1.08,0.99,81.1028,85.878,57.4305,100.0,35.579,37.0723,2/5/8,bursa_all
2026-09-26 06:01:40,2026-09-25,7200.KL,0.295,0.32,0.24,85.5601,98.8804,57.7998,100.0,37.3902,37.3902,2/5/8,bursa_all
2026-09-26 06:01:40,2026-09-25,7201.KL,0.05,0.06,0.05,10.38,0.5265,30.6136,0.0,13.8251,30.9361,2/5/8,bursa_all
2026-09-26 06:01:40,2026-09-25,7202.KL,0.425,0.43,0.425,50.3704,90.2985,48.3127,12.5,74.8798,51.678,2/5/8,bursa_all
2026-09-26 06:01:40,2026-09-25,7203.KL,0.395,0.395,0.395,55.7219,78.7162,50.9494,37.5,59.8885,75.4246,2/5/8,bursa_all
2026-09-26 06:01:40,2026-09-25,7204.KL,0.535,0.56,0.445,82.2562,94.5867,52.1819,100.0,47.993,87.7589,2/5/8,bursa_all
2026-09-26 06:01:40,2026-09-25,7207.KL,0.615,0.62,0.595,56.0022,48.7822,56.7242,62.5,25.9026,44.9728,2/5/8,bursa_all
2026-09-26 06:01:40,2026-09-25,7208.KL,0.065,0.065,0.06,63.1722,69.0012,58.0155,62.5,24.2192,71.6924,2/5/8,bursa_all
2026-09-26 06:01:40,2026-09-25,7209.KL,0.1,0.105,0.1,19.2748,6.7005,38.6238,12.5,23.1506,44.8965,2/5/8,bursa_all
2026-09-26 06:01:40,2026-09-25,7210.KL,0.585,0.59,0.58,78.6779,90.1576,58.3762,87.5,52.5667,43.0505,2/5/8,bursa_all
2026-09-26 06:01:40,2026-09-25,7211.KL,0.665,0.7,0.625,57.7125,52.2052,58.4324,62.5,16.3464,40.3266,2/5/8,bursa_all
2026-09-26 06:01:40,2026-09-25,7212.KL,0.245,0.25,0.205,73.1497,55.7764,63.6727,100.0,19.0749,22.5985,2/5/8,bursa_all
2026-09-26 06:01:40,2026-09-25,7214.KL,0.39,0.39,0.39,55.2574,93.997,46.7753,25.0,83.3194,75.1537,2/5/8,bursa_all
2026-09-26 06:01:40,2026-09-25,7215.KL,0.38,0.41,0.375,41.6926,86.8239,38.2539,0.0,74.297,42.3171,2/5/8,bursa_all
2026-09-26 06:01:40,2026-09-25,7216.KL,0.7,0.72,0.7,36.7703,0.9392,46.8718,62.5,39.2478,46.0248,2/5/8,bursa_all
2026-09-26 06:01:40,2026-09-25,7217.KL,0.44,0.44,0.44,33.8563,41.1382,47.9306,12.5,30.6046,67.6068,2/5/8,bursa_all
2026-09-26 06:01:40,2026-09-25,7218.KL,0.425,0.43,0.39,40.072,30.8745,39.3416,50.0,48.7723,72.8826,2/5/8,bursa_all
2026-09-26 06:01:40,2026-09-25,7219.KL,0.035,0.04,0.03,27.8983,20.0309,51.1638,12.5,27.8983,17.8871,2/5/8,bursa_all
2026-09-26 06:01:40,2026-09-25,7221.KL,0.02,0.02,0.015,47.0024,66.6708,49.3364,25.0,47.0024,47.0024,2/5/8,bursa_all
2026-09-26 06:01:40,2026-09-25,7222.KL,0.705,0.74,0.695,18.5781,11.3383,44.396,0.0,58.4844,30.9113,2/5/8,bursa_all
2026-09-26 06:01:40,2026-09-25,7223.KL,0.03,0.035,0.02,25.0791,32.7269,42.5104,0.0,71.7855,23.677,2/5/8,bursa_all
2026-09-26 06:01:40,2026-09-25,7225.KL,0.22,0.225,0.2,69.1379,63.9606,55.9533,87.5,22.1641,24.9812,2/5/8,bursa_all
2026-09-26 06:01:40,2026-09-25,7226.KL,0.37,0.43,0.37,25.2126,32.5079,43.1299,0.0,77.7817,27.211,2/5/8,bursa_all
2026-09-26 06:01:40,2026-09-25,7227.KL,0.88,0.9,0.88,8.5322,0.2055,25.3912,0.0,43.7258,43.7258,2/5/8,bursa_all
2026-09-26 06:01:40,2026-09-25,7228.KL,0.275,0.3,0.255,83.2521,88.9205,60.8356,100.0,21.3814,11.6834,2/5/8,bursa_all
2026-09-26 06:01:40,2026-09-25,7229.KL,1.55,1.58,1.55,30.8957,26.1965,41.4907,25.0,50.0988,74.4285,2/5/8,bursa_all
2026-09-26 06:01:40,2026-09-25,7230.KL,1.74,1.79,1.72,18.1204,6.2528,35.6083,12.5,25.7237,51.2538,2/5/8,bursa_all
2026-09-26 06:01:40,2026-09-25,7231.KL,1.12,1.12,1.1,60.4218,64.7453,54.0202,62.5,36.4523,74.9805,2/5/8,bursa_all
2026-09-26 06:01:40,2026-09-25,7232.KL,0.475,0.475,0.42,79.1752,80.3485,57.1769,100.0,24.9771,67.4999,2/5/8,bursa_all
2026-09-26 06:01:40,2026-09-25,7233.KL,2.92,3.06,2.81,65.8697,89.5238,58.0851,50.0,70.1791,34.5598,2/5/8,bursa_all
2026-09-26 06:01:40,2026-09-25,7234.KL,0.27,0.28,0.27,23.4172,13.6688,44.0829,12.5,53.7112,53.7112,2/5/8,bursa_all
2026-09-26 06:01:40,2026-09-25,7235.KL,0.925,0.925,0.815,81.739,94.0609,51.156,100.0,27.8472,29.1289,2/5/8,bursa_all
2026-09-26 06:01:40,2026-09-25,7237.KL,1.06,1.13,1.06,14.3728,3.4011,39.7171,0.0,20.2856,47.279,2/5/8,bursa_all
2026-09-26 06:01:40,2026-09-25,7239.KL,0.385,0.42,0.385,14.7384,10.1387,34.0766,0.0,23.9747,68.6937,2/5/8,bursa_all
2026-09-26 06:01:40,2026-09-25,7240.KL,0.125,0.145,0.12,11.61,2.4554,32.3744,0.0,19.3199,52.964,2/5/8,bursa_all
2026-09-26 06:01:40,2026-09-25,7241.KL,0.72,0.725,0.7,68.0751,84.427,57.2984,62.5,83.0581,44.0358,2/5/8,bursa_all
2026-09-26 06:01:40,2026-09-25,7243.KL,0.29,0.295,0.29,49.1499,99.2996,48.15,0.0,49.1499,49.1499,2/5/8,bursa_all
2026-09-26 06:01:40,2026-09-25,7245.KL,1.09,1.12,1.04,62.4809,91.3491,46.0937,50.0,40.1457,72.3051,2/5/8,bursa_all
2026-09-26 06:01:40,2026-09-25,7246.KL,1.34,1.35,1.31,73.4854,73.1493,59.8069,87.5,39.1081,23.6888,2/5/8,bursa_all
2026-09-26 06:01:40,2026-09-25,7247.KL,0.35,0.365,0.31,80.019,92.6813,59.8758,87.5,53.838,44.8129,2/5/8,bursa_all
2026-09-26 06:01:40,2026-09-25,7248.KL,0.89,0.9,0.85,40.8112,70.3052,39.6285,12.5,81.2238,56.018,2/5/8,bursa_all
2026-09-26 06:01:40,2026-09-25,7249.KL,0.89,0.93,0.88,35.5773,45.3996,36.3323,25.0,55.2815,71.5343,2/5/8,bursa_all
2026-09-26 06:01:40,2026-09-25,7250.KL,0.37,0.375,0.365,64.1007,33.0713,59.2307,100.0,17.4181,78.2774,2/5/8,bursa_all
2026-09-26 06:01:40,2026-09-25,7252.KL,0.8,0.815,0.795,40.9865,14.8045,45.655,62.5,36.1044,56.1714,2/5/8,bursa_all
2026-09-26 06:01:40,2026-09-25,7253.KL,0.01,0.01,0.01,18.4752,1.1123,54.3134,0.0,18.4752,18.4752,2/5/8,bursa_all
2026-09-26 06:01:40,2026-09-25,7277.KL,1.95,2.07,1.94,26.5281,33.6502,45.934,0.0,81.1061,32.0487,2/5/8,bursa_all
2026-09-26 06:01:40,2026-09-25,7285.KL,0.11,0.125,0.105,11.6717,0.6966,34.3186,0.0,14.2483,17.5197,2/5/8,bursa_all
2026-09-26 06:01:40,2026-09-25,7293.KL,2.11,2.13,2.03,66.6156,76.2181,61.1288,62.5,63.5566,21.1315,2/5/8,bursa_all
2026-09-26 06:01:40,2026-09-25,7315.KL,0.055,0.065,0.05,34.1524,52.4673,37.49,12.5,67.4353,76.6772,2/5/8,bursa_all
2026-09-26 06:01:40,2026-09-25,7323.KL,0.455,0.455,0.455,31.9257,21.3422,49.4349,25.0,31.9257,24.6331,2/5/8,bursa_all
2026-09-26 06:01:40,2026-09-25,7374.KL,0.7,0.72,0.7,18.5155,11.1026,44.4439,0.0,76.8615,42.3917,2/5/8,bursa_all
2026-09-26 06:01:40,2026-09-25,7382.KL,0.27,0.28,0.24,73.3453,59.4901,60.5458,100.0,13.9366,36.361,2/5/8,bursa_all
2026-09-26 06:01:40,2026-09-25,7412.KL,1.18,1.18,1.18,52.4597,68.7103,51.1689,37.5,56.6264,56.6264,2/5/8,bursa_all
2026-09-26 06:01:40,2026-09-25,7439.KL,1.97,2.07,1.77,83.302,98.0688,76.8371,75.0,72.7814,74.9591,2/5/8,bursa_all
2026-09-26 06:01:40,2026-09-25,7471.KL,0.16,0.165,0.155,69.7266,64.3465,57.3332,87.5,27.8351,41.5206,2/5/8,bursa_all
2026-09-26 06:01:40,2026-09-25,7498.KL,0.985,1.0,0.94,66.7327,67.2056,57.9925,75.0,48.0666,78.7157,2/5/8,bursa_all
2026-09-26 06:01:40,2026-09-25,7501.KL,0.48,0.485,0.47,74.3357,56.2783,66.7288,100.0,23.1765,12.012,2/5/8,bursa_all
2026-09-26 06:01:40,2026-09-25,7528.KL,1.45,1.45,1.45,51.0912,64.5174,51.2563,37.5,75.1074,36.4667,2/5/8,bursa_all
2026-09-26 06:01:40,2026-09-25,7544.KL,0.9,0.9,0.885,58.1906,26.095,60.9769,87.5,21.1427,19.4774,2/5/8,bursa_all
2026-09-26 06:01:40,2026-09-25,7579.KL,0.63,0.64,0.56,83.9369,98.9866,65.3241,87.5,77.5959,84.0799,2/5/8,bursa_all
2026-09-26 06:01:40,2026-09-25,7595.KL,0.39,0.395,0.38,60.8853,34.7995,60.3564,87.5,10.9666,26.7882,2/5/8,bursa_all
2026-09-26 06:01:40,2026-09-25,7609.KL,1.02,1.02,0.98,84.2188,91.8609,60.7956,100.0,67.9361,43.4612,2/5/8,bursa_all
2026-09-26 06:01:40,2026-09-25,7617.KL,0.78,0.86,0.78,19.2574,18.4451,39.3272,0.0,49.1453,71.9735,2/5/8,bursa_all
2026-09-26 06:01:40,2026-09-25,7668.KL,0.56,0.56,0.525,77.047,88.3655,55.2755,87.5,41.6816,65.7329,2/5/8,bursa_all
2026-09-26 06:01:40,2026-09-25,7676.KL,0.14,0.14,0.115,75.4691,65.251,61.1563,100.0,15.0112,36.3136,2/5/8,bursa_all
2026-09-26 06:01:40,2026-09-25,7692.KL,0.255,0.28,0.255,40.9215,41.4661,43.7984,37.5,75.873,44.8294,2/5/8,bursa_all
2026-09-26 06:01:40,2026-09-25,7722.KL,0.4,0.4,0.4,38.4948,24.5969,53.3876,37.5,38.4948,38.4948,2/5/8,bursa_all
2026-09-26 06:01:40,2026-09-25,7757.KL,0.66,0.66,0.66,46.4844,67.1487,47.3045,25.0,50.6511,50.6511,2/5/8,bursa_all
2026-09-26 06:01:40,2026-09-25,7765.KL,0.76,0.775,0.705,62.3169,54.7444,57.2064,75.0,44.611,64.718,2/5/8,bursa_all
2026-09-26 06:01:40,2026-09-25,7773.KL,0.49,0.49,0.46,65.1142,62.8502,57.4923,75.0,22.3429,52.172,2/5/8,bursa_all
2026-09-26 06:01:40,2026-09-25,7803.KL,0.06,0.065,0.06,36.0828,32.9988,50.2494,25.0,24.7058,82.4467,2/5/8,bursa_all
2026-09-26 06:01:40,2026-09-25,7811.KL,0.8,0.845,0.8,25.9634,33.1917,44.6986,0.0,85.116,47.5803,2/5/8,bursa_all
2026-09-26 06:01:40,2026-09-25,7854.KL,2.24,2.28,2.12,73.0647,96.0433,48.1507,75.0,43.7621,67.4205,2/5/8,bursa_all
2026-09-26 06:01:40,2026-09-25,7889.KL,0.055,0.065,0.055,20.3088,1.5582,46.8683,12.5,37.485,41.6516,2/5/8,bursa_all
2026-09-26 06:01:40,2026-09-25,7935.KL,0.675,0.685,0.66,18.6445,13.0855,42.8479,0.0,54.9617,59.1284,2/5/8,bursa_all
2026-09-26 06:01:40,2026-09-25,7943.KL,0.2,0.2,0.19,92.4915,99.2248,78.2495,100.0,22.048,22.048,2/5/8,bursa_all
2026-09-26 06:01:40,2026-09-25,7986.KL,0.08,0.085,0.07,77.6523,83.3333,62.1236,87.5,26.3828,98.6781,2/5/8,bursa_all
2026-09-26 06:01:40,2026-09-25,8044.KL,0.085,0.105,0.07,85.7549,95.5743,61.6905,100.0,32.5264,32.5264,2/5/8,bursa_all
2026-09-26 06:01:40,2026-09-25,8052.KL,0.86,0.87,0.86,14.2993,0.2695,42.6285,0.0,30.8822,14.2406,2/5/8,bursa_all
2026-09-26 06:01:40,2026-09-25,8079.KL,0.28,0.28,0.27,73.4239,72.5935,60.1784,87.5,21.1321,33.6745,2/5/8,bursa_all
2026-09-26 06:01:40,2026-09-25,8117.KL,1.77,1.79,1.76,26.483,25.0855,41.8636,12.5,55.3462,66.0577,2/5/8,bursa_all
2026-09-26 06:01:40,2026-09-25,8141.KL,0.18,0.18,0.18,29.8978,13.4188,51.2745,25.0,17.1637,52.0475,2/5/8,bursa_all
2026-09-26 06:01:40,2026-09-25,8176.KL,0.135,0.145,0.135,41.1991,21.8916,51.7058,50.0,34.3755,42.4281,2/5/8,bursa_all
2026-09-26 06:01:40,2026-09-25,8192.KL,0.625,0.625,0.625,40.6623,36.2213,48.2657,37.5,44.829,26.0201,2/5/8,bursa_all
2026-09-26 06:01:40,2026-09-25,8206.KL,1.97,1.99,1.91,61.9278,58.8262,64.4572,62.5,70.9845,12.863,2/5/8,bursa_all
2026-09-26 06:01:40,2026-09-25,8273.KL,0.69,0.705,0.69,32.9458,22.0566,39.2808,37.5,40.4714,54.04,2/5/8,bursa_all
2026-09-26 06:01:40,2026-09-25,8303.KL,0.09,0.09,0.085,36.6629,34.2749,50.7137,25.0,28.5388,82.3742,2/5/8,bursa_all
2026-09-26 06:01:40,2026-09-25,8311.KL,0.475,0.485,0.445,29.9987,28.5974,36.3986,25.0,19.419,46.3301,2/5/8,bursa_all
2026-09-26 06:01:40,2026-09-25,8338.KL,0.08,0.085,0.075,62.6738,67.1142,58.4072,62.5,39.8449,56.3832,2/5/8,bursa_all
2026-09-26 06:01:40,2026-09-25,8346.KL,0.785,0.79,0.76,67.9441,88.4212,52.911,62.5,58.9019,54.0336,2/5/8,bursa_all
2026-09-26 06:01:40,2026-09-25,8362.KL,0.31,0.31,0.265,76.6933,97.7093,69.8705,62.5,78.7482,79.0366,2/5/8,bursa_all
2026-09-26 06:01:40,2026-09-25,8397.KL,0.79,0.8,0.78,66.5569,56.1279,56.0428,87.5,35.3027,69.9805,2/5/8,bursa_all
2026-09-26 06:01:40,2026-09-25,8419.KL,0.455,0.475,0.45,35.8748,40.1517,42.4727,25.0,70.9836,20.4532,2/5/8,bursa_all
2026-09-26 06:01:40,2026-09-25,8435.KL,4.0,4.01,3.94,62.1391,80.732,55.6853,50.0,52.1571,68.9898,2/5/8,bursa_all
2026-09-26 06:01:40,2026-09-25,8443.KL,0.7,0.7,0.65,58.5623,76.4096,49.2773,50.0,77.3334,26.3518,2/5/8,bursa_all
2026-09-26 06:01:40,2026-09-25,8478.KL,0.39,0.39,0.39,54.5329,77.2592,48.8394,37.5,65.3433,56.5625,2/5/8,bursa_all
2026-09-26 06:01:40,2026-09-25,8486.KL,0.26,0.3,0.26,18.4447,3.2655,39.5687,12.5,35.8154,39.982,2/5/8,bursa_all
2026-09-26 06:01:40,2026-09-25,8494.KL,0.375,0.435,0.34,77.7027,71.3628,61.7454,100.0,21.0306,15.7025,2/5/8,bursa_all
2026-09-26 06:01:40,2026-09-25,8524.KL,0.265,0.27,0.225,78.8955,72.5687,64.1177,100.0,22.5239,33.588,2/5/8,bursa_all
2026-09-26 06:01:40,2026-09-25,8532.KL,0.095,0.095,0.095,33.4427,52.199,48.129,0.0,33.4427,33.4427,2/5/8,bursa_all
2026-09-26 06:01:40,2026-09-25,8567.KL,0.225,0.225,0.21,78.5971,87.0701,61.2213,87.5,67.7579,32.1733,2/5/8,bursa_all
2026-09-26 06:01:40,2026-09-25,8583.KL,1.02,1.03,0.995,38.0265,8.7148,55.3646,50.0,25.8635,16.588,2/5/8,bursa_all
2026-09-26 06:01:40,2026-09-25,8591.KL,0.46,0.5,0.43,81.6546,85.9157,59.0483,100.0,25.1879,79.4888,2/5/8,bursa_all
2026-09-26 06:01:40,2026-09-25,8605.KL,0.25,0.3,0.245,25.801,24.2744,53.1287,0.0,76.9465,16.1358,2/5/8,bursa_all
2026-09-26 06:01:40,2026-09-25,8613.KL,0.98,0.98,0.98,52.963,91.8646,42.0243,25.0,45.7658,80.7409,2/5/8,bursa_all
2026-09-26 06:01:40,2026-09-25,8621.KL,13.02,13.14,13.0,32.3567,0.8168,21.2534,75.0,25.4158,22.8138,2/5/8,bursa_all
2026-09-26 06:01:40,2026-09-25,8648.KL,0.22,0.23,0.22,51.245,66.8571,49.3779,37.5,61.8812,32.9187,2/5/8,bursa_all
2026-09-26 06:01:40,2026-09-25,8664.KL,0.78,0.79,0.735,56.7189,23.306,59.3506,87.5,29.128,41.292,2/5/8,bursa_all
2026-09-26 06:01:40,2026-09-25,8672.KL,0.14,0.145,0.135,42.4838,24.9645,52.4868,50.0,35.7225,49.2183,2/5/8,bursa_all
2026-09-26 06:01:40,2026-09-25,8702.KL,0.92,0.96,0.92,20.5009,4.5638,31.9388,25.0,18.4634,23.8153,2/5/8,bursa_all
2026-09-26 06:01:40,2026-09-25,8745.KL,0.06,0.06,0.06,34.9916,16.3439,51.1308,37.5,39.1582,21.408,2/5/8,bursa_all
2026-09-26 06:01:40,2026-09-25,8869.KL,7.46,7.8,7.4,16.8567,7.977,42.5932,0.0,50.5316,24.5718,2/5/8,bursa_all
2026-09-26 06:01:40,2026-09-25,8877.KL,0.175,0.175,0.17,35.8121,2.9727,54.4635,50.0,28.6333,37.8816,2/5/8,bursa_all
2026-09-26 06:01:40,2026-09-25,8885.KL,0.035,0.04,0.03,45.4704,20.5158,53.3955,62.5,21.7813,54.0868,2/5/8,bursa_all
2026-09-26 06:01:40,2026-09-25,8893.KL,0.175,0.18,0.145,86.3255,95.6632,63.3132,100.0,66.9899,34.01,2/5/8,bursa_all
2026-09-26 06:01:40,2026-09-25,8907.KL,1.78,1.82,1.71,70.9178,64.4502,60.8031,87.5,51.5669,27.0189,2/5/8,bursa_all
2026-09-26 06:01:40,2026-09-25,8923.KL,0.045,0.05,0.045,21.0966,18.5917,44.6981,0.0,48.1665,62.8704,2/5/8,bursa_all
2026-09-26 06:01:40,2026-09-25,8966.KL,0.055,0.06,0.05,29.187,10.9031,51.6578,25.0,29.187,33.3536,2/5/8,bursa_all
2026-09-26 06:01:40,2026-09-25,8982.KL,0.785,0.805,0.785,16.2772,6.0393,42.7924,0.0,51.5757,66.8657,2/5/8,bursa_all
2026-09-26 06:01:40,2026-09-25,9008.KL,0.07,0.08,0.07,9.7682,6.165,23.1396,0.0,13.4187,19.1722,2/5/8,bursa_all
2026-09-26 06:01:40,2026-09-25,9016.KL,0.44,0.445,0.43,87.5446,97.9625,64.6713,100.0,31.2051,31.2051,2/5/8,bursa_all
2026-09-26 06:01:40,2026-09-25,9059.KL,1.37,1.44,1.37,21.7356,20.2562,32.4505,12.5,31.8896,51.4334,2/5/8,bursa_all
2026-09-26 06:01:40,2026-09-25,9075.KL,0.645,0.685,0.62,56.8099,50.3229,57.6068,62.5,27.9242,65.7561,2/5/8,bursa_all
2026-09-26 06:01:40,2026-09-25,9083.KL,0.06,0.07,0.06,21.4743,18.0205,46.4023,0.0,73.0889,17.5267,2/5/8,bursa_all
2026-09-26 06:01:40,2026-09-25,9091.KL,0.135,0.14,0.135,77.492,72.1234,60.3526,100.0,34.6385,23.1672,2/5/8,bursa_all
2026-09-26 06:01:40,2026-09-25,9113.KL,0.095,0.1,0.08,94.2837,99.9718,82.8795,100.0,80.0754,81.9226,2/5/8,bursa_all
2026-09-26 06:01:40,2026-09-25,9121.KL,0.6,0.65,0.6,24.5247,19.9365,41.1377,12.5,57.357,80.8323,2/5/8,bursa_all
2026-09-26 06:01:40,2026-09-25,9148.KL,0.575,0.575,0.575,51.7008,83.9182,46.1842,25.0,81.5682,79.1331,2/5/8,bursa_all
2026-09-26 06:01:40,2026-09-25,9172.KL,1.09,1.14,1.05,51.2428,41.2156,50.0128,62.5,23.2872,47.305,2/5/8,bursa_all
2026-09-26 06:01:40,2026-09-25,9199.KL,2.38,2.42,2.33,51.343,48.8965,55.1324,50.0,34.8289,34.4242,2/5/8,bursa_all
2026-09-26 06:01:40,2026-09-25,9237.KL,0.12,0.12,0.115,61.2595,63.6844,57.594,62.5,29.1343,63.3011,2/5/8,bursa_all
2026-09-26 06:01:40,2026-09-25,9261.KL,0.155,0.155,0.15,62.3818,68.0788,56.5664,62.5,77.1768,10.6868,2/5/8,bursa_all
2026-09-26 06:01:40,2026-09-25,9288.KL,0.8,0.815,0.79,36.7677,22.3797,50.4234,37.5,29.9361,45.5893,2/5/8,bursa_all
2026-09-26 06:01:40,2026-09-25,9296.KL,0.98,0.985,0.92,72.89,53.7763,64.8937,100.0,7.6769,9.5194,2/5/8,bursa_all
2026-09-26 06:01:40,2026-09-25,9318.KL,0.02,0.025,0.02,29.4866,12.0495,51.4103,25.0,29.4866,16.9526,2/5/8,bursa_all
2026-09-26 06:01:40,2026-09-25,9326.KL,0.49,0.515,0.475,76.0489,84.1208,56.5258,87.5,43.591,83.6227,2/5/8,bursa_all
2026-09-26 06:01:40,2026-09-25,9334.KL,4.19,4.4,3.89,80.0138,84.4464,55.5951,100.0,32.6749,41.3102,2/5/8,bursa_all
2026-09-26 06:01:40,2026-09-25,9369.KL,0.85,0.85,0.84,79.6443,89.014,74.9189,75.0,69.671,68.8602,2/5/8,bursa_all
2026-09-26 06:01:40,2026-09-25,9377.KL,0.105,0.125,0.07,68.8279,42.0814,64.4024,100.0,12.3875,36.8493,2/5/8,bursa_all
2026-09-26 06:01:40,2026-09-25,9385.KL,0.25,0.25,0.245,76.152,93.744,59.7121,75.0,40.7531,40.7531,2/5/8,bursa_all
2026-09-26 06:01:40,2026-09-25,9393.KL,0.03,0.035,0.03,23.9236,31.1928,40.578,0.0,68.1823,18.723,2/5/8,bursa_all
2026-09-26 06:01:40,2026-09-25,9407.KL,1.42,1.48,1.4,59.3111,31.8747,58.5587,87.5,24.552,63.0456,2/5/8,bursa_all
2026-09-26 06:01:40,2026-09-25,9423.KL,0.135,0.155,0.135,48.8938,28.8454,55.336,62.5,30.6867,27.5269,2/5/8,bursa_all
2026-09-26 06:01:40,2026-09-25,9431.KL,0.48,0.5,0.48,28.7088,29.393,44.2333,12.5,73.8828,63.6752,2/5/8,bursa_all
2026-09-26 06:01:40,2026-09-25,9466.KL,1.08,1.09,1.05,31.9781,40.8272,42.607,12.5,77.8843,31.4476,2/5/8,bursa_all
2026-09-26 06:01:40,2026-09-25,9539.KL,0.33,0.335,0.33,20.447,9.3934,39.4476,12.5,37.8382,54.4671,2/5/8,bursa_all
2026-09-26 06:01:40,2026-09-25,9571.KL,0.49,0.5,0.47,25.212,1.5797,24.0564,50.0,26.6696,15.6951,2/5/8,bursa_all
2026-09-26 06:01:40,2026-09-25,9598.KL,1.23,1.24,1.21,61.8064,51.1252,59.294,75.0,17.5539,35.7248,2/5/8,bursa_all
2026-09-26 06:01:40,2026-09-25,9601.KL,0.085,0.09,0.085,33.4106,32.4924,42.7394,25.0,74.9849,43.3606,2/5/8,bursa_all
2026-09-26 06:01:40,2026-09-25,9628.KL,0.86,0.86,0.86,41.9542,63.6335,49.7292,12.5,41.9542,41.9542,2/5/8,bursa_all
2026-09-26 06:01:40,2026-09-25,9679.KL,0.37,0.375,0.36,15.7644,1.2061,21.0871,25.0,17.6315,24.231,2/5/8,bursa_all
2026-09-26 06:01:40,2026-09-25,9687.KL,1.14,1.14,1.14,32.7682,12.8417,47.9628,37.5,25.9356,60.7877,2/5/8,bursa_all
2026-09-26 06:01:40,2026-09-25,9695.KL,0.2,0.21,0.185,61.6196,55.9212,53.9376,75.0,25.8399,82.4401,2/5/8,bursa_all
2026-09-26 06:01:40,2026-09-25,9717.KL,0.16,0.165,0.16,8.4073,0.0008,25.221,0.0,22.4089,22.4089,2/5/8,bursa_all
2026-09-26 06:01:40,2026-09-25,9741.KL,0.16,0.17,0.155,14.0214,0.1112,41.9531,0.0,16.7188,44.9435,2/5/8,bursa_all
2026-09-26 06:01:40,2026-09-25,9792.KL,0.635,0.635,0.625,46.5204,53.0981,48.9632,37.5,35.5814,79.026,2/5/8,bursa_all
2026-09-26 06:01:40,2026-09-25,9814.KL,0.13,0.13,0.13,51.0856,80.0,48.2569,25.0,83.7804,69.7193,2/5/8,bursa_all
2026-09-26 06:01:40,2026-09-25,9822.KL,4.07,4.19,4.0,35.5419,16.3397,40.2861,50.0,34.8468,55.0077,2/5/8,bursa_all
2026-09-26 06:01:40,2026-09-25,9873.KL,0.295,0.3,0.29,66.4724,64.3968,60.0204,75.0,19.5529,42.3309,2/5/8,bursa_all
2026-09-26 06:01:40,2026-09-25,9881.KL,0.38,0.38,0.38,42.6272,40.5317,49.8499,37.5,58.3304,20.1895,2/5/8,bursa_all
2026-09-26 06:01:40,2026-09-25,9938.KL,0.165,0.165,0.16,40.9733,21.3452,51.5747,50.0,30.0992,51.3268,2/5/8,bursa_all
2026-09-26 06:01:40,2026-09-25,9946.KL,0.125,0.13,0.1,40.6643,34.4201,50.0727,37.5,33.8313,75.7607,2/5/8,bursa_all
2026-09-26 06:01:40,2026-09-25,9954.KL,0.42,0.435,0.35,76.7744,85.3436,57.4795,87.5,68.2552,28.9785,2/5/8,bursa_all
2026-09-26 06:01:40,2026-09-25,9962.KL,0.26,0.26,0.255,25.72,32.1244,45.0357,0.0,74.8626,65.1693,2/5/8,bursa_all
2026-09-26 06:01:40,2026-09-25,9997.KL,0.425,0.425,0.395,76.8583,83.4061,59.6687,87.5,49.4735,60.2809,2/5/8,bursa_all
