ticker,date,resonance,red_ratio,ret_5d,exc_5d,ret_10d,exc_10d,ret_20d,exc_20d,ret_60d,exc_60d,sample,baseline_ret,baseline_exc,rule_ret,rule_exc,exited_early
7233.KL,2018-01-05,60.0,0.611,-0.0159995473147757,-0.0185848888319238,-0.0720016492782518,-0.0779753372525158,-0.0800000405499793,-0.0769636760223986,-0.2000000552954264,-0.1988834090748676,out_of_sample,-0.2000000552954264,-0.1988834090748676,-0.0159995473147757,-0.0185848888319238,True
7233.KL,2018-07-31,85.0,0.611,0.2656239445090109,0.2617904201596694,0.5234368021881823,0.5237002017695891,0.6562484289111108,0.6358532966995722,0.8855310898083215,0.9406299036481702,out_of_sample,0.8855310898083215,0.9406299036481702,0.8855310898083215,0.9406299036481702,False
7233.KL,2018-08-29,100.0,0.611,0.1084908637191917,0.1206130120746076,0.0754723043008995,0.0906867744978189,0.281334423875488,0.2936872174279893,0.7862471313028541,0.85451985288869,out_of_sample,0.7862471313028541,0.85451985288869,0.7862471313028541,0.85451985288869,False
7233.KL,2018-10-02,100.0,0.611,-0.0074347944341657,0.0059122565205067,-0.0148706471788818,0.0192255393246487,-0.1115239517250827,-0.049120881077862,0.1542749762714563,0.21326898493854,out_of_sample,0.1542749762714563,0.21326898493854,0.1542749762714563,0.21326898493854,False
7233.KL,2018-10-30,85.0,0.611,0.1757316586094357,0.1585661221832546,0.4518828869763864,0.4504177738292496,0.5690375093035889,0.5628688290566592,-0.0020931299907576,-0.0047445250159616,out_of_sample,-0.0020931299907576,-0.0047445250159616,-0.0020931299907576,-0.0047445250159616,False
7233.KL,2018-11-29,100.0,0.611,0.0319995842131819,0.0396631423807297,-0.0640005699549641,-0.0520100690942026,-0.1720002032216471,-0.1694830076020855,-0.327999971969428,-0.3306056076523525,out_of_sample,-0.327999971969428,-0.3306056076523525,-0.327999971969428,-0.3306056076523525,False
7233.KL,2018-12-28,85.0,0.611,-0.1932365085030815,-0.1856127679053354,-0.2512076303207866,-0.2418049976788751,-0.2318846283264712,-0.2309036333545935,-0.1835755364646136,-0.1549479129361151,out_of_sample,-0.1835755364646136,-0.1549479129361151,-0.1932365085030815,-0.1856127679053354,True
7233.KL,2019-11-01,100.0,0.611,-0.0199998254686282,-0.0302864027214615,-0.0599998438403515,-0.0608847988467751,0.0166669192778625,0.0364994573826031,0.396666910092001,0.4235726527689045,out_of_sample,0.396666910092001,0.4235726527689045,-0.0199998254686282,-0.0302864027214615,True
7233.KL,2019-11-29,85.0,0.611,0.0524587865124357,0.0481687310526472,0.0655736638459754,0.0595419018342344,0.0721311025127451,0.0375990715420557,0.5606557655513287,0.6032685239133256,out_of_sample,0.5606557655513287,0.6032685239133256,0.5606557655513287,0.6032685239133256,False
7233.KL,2019-12-30,85.0,0.667,-0.0061162656800097,-0.0032505785304811,0.1834862006474935,0.2051924076114707,0.2813455245142786,0.3217003441672909,-0.1743118864014217,0.005904392928919,out_of_sample,-0.1743118864014217,0.005904392928919,-0.0061162656800097,-0.0032505785304811,True
7233.KL,2020-01-29,100.0,0.667,-0.0238663771739576,-0.01504329004611,0.1002387578226697,0.1050953686820598,0.1360382906986654,0.1716920152734187,-0.2147971314860941,-0.1060688366851068,out_of_sample,-0.2147971314860941,-0.1060688366851068,-0.0238663771739576,-0.01504329004611,True
7233.KL,2020-02-26,100.0,0.667,-0.1113447136866099,-0.1078401487552496,-0.1890757825281021,-0.1547256414996936,-0.4327731155682598,-0.3186137457923279,0.0504201777973227,0.0794866928493336,out_of_sample,0.0504201777973227,0.0794866928493336,-0.1113447136866099,-0.1078401487552496,True
7233.KL,2020-03-30,60.0,0.667,0.0032466945666294,-0.0063929542175864,0.0032466945666294,-0.0171840623973575,0.0974026264521636,0.0663388515852108,0.6104693038078313,0.4708404071833481,out_of_sample,0.6104693038078313,0.4708404071833481,0.0032466945666294,-0.0063929542175864,True
7233.KL,2020-04-27,60.0,0.667,0.1893490280001317,0.1751973857359152,0.3313609824456585,0.3115895943270936,0.4497039924573762,0.3493289240013024,1.0844892569465483,0.9084076287080872,out_of_sample,1.0844892569465483,0.9084076287080872,1.0844892569465483,0.9084076287080872,False
7233.KL,2020-06-02,85.0,0.667,0.0714286919427815,0.0266051003878979,-0.0244898051004024,-0.0368464603855308,0.0122950685986968,0.0078245789313049,0.3933682958447102,0.3817478564890502,out_of_sample,0.3933682958447102,0.3817478564890502,0.3933682958447102,0.3817478564890502,False
7233.KL,2020-07-01,85.0,0.722,0.1795919768741116,0.133984095466968,0.2816328702999984,0.234664702500821,0.4204083120217108,0.3563644230373948,0.3682516158165574,0.3752047459865988,out_of_sample,0.3682516158165574,0.3752047459865988,0.3682516158165574,0.3752047459865988,False
7233.KL,2020-07-29,100.0,0.722,0.0344826965788671,0.0486627967595159,-0.0603447385696789,-0.0386247654742047,-0.0309513111098733,0.0225481369897918,-0.0338353710853039,0.035091454528356,out_of_sample,-0.0338353710853039,0.035091454528356,-0.0338353710853039,0.035091454528356,False
7233.KL,2020-08-28,85.0,0.778,-0.0178571399741001,-0.0120678019283008,-0.0476190668393324,-0.0385383658600231,-0.0059524338081643,0.0080193714312526,-0.0476190668393324,-0.095068268569371,out_of_sample,-0.0476190668393324,-0.095068268569371,-0.0178571399741001,-0.0120678019283008,True
7233.KL,2020-09-29,85.0,0.833,0.0179642323283419,0.014260564399197,0.0508982928250021,0.036735166013357,0.0029940793256828,0.0053546410455406,-0.0568861266420274,-0.1523711810038596,out_of_sample,-0.0568861266420274,-0.1523711810038596,-0.0568861266420274,-0.1523711810038596,False
7233.KL,2020-10-27,85.0,0.833,-0.059701455075356,-0.035880352788593,-0.0537311719253381,-0.1002069819719362,-0.0447761520311414,-0.1095810189294653,0.1343284560934246,0.0700834357868831,out_of_sample,0.1343284560934246,0.0700834357868831,-0.059701455075356,-0.035880352788593,True
7233.KL,2020-11-25,60.0,0.889,0.0125000264879555,0.0117864380105106,0.0,-0.0306401398294158,-0.015624927158122,-0.0468722170080727,0.1687501456837559,0.1938067364821398,out_of_sample,0.1687501456837559,0.1938067364821398,0.1687501456837559,0.1938067364821398,False
7233.KL,2020-12-23,60.0,0.944,0.0349206417545135,0.0472362952067139,-0.0095237644202101,-0.0008378411463103,0.2063492623870115,0.2371595869791967,0.1365078927711129,0.1638826882709233,out_of_sample,0.1365078927711129,0.1638826882709233,0.1365078927711129,0.1638826882709233,False
7233.KL,2021-01-22,85.0,1.0,0.0,0.0101769856704189,0.1000000214134184,0.1066448010371849,-0.0157894695517964,0.0087542518091857,0.0947367459327175,0.0948369715052379,out_of_sample,0.0947367459327175,0.0948369715052379,0.0947367459327175,0.0948369715052379,False
7233.KL,2021-02-24,85.0,1.0,0.0106951359729541,-0.0091436501816215,-0.1096257239080876,-0.1624522172130499,-0.0427808339844705,-0.071576040674414,0.1016042268820449,0.0924424683422959,out_of_sample,0.1016042268820449,0.0924424683422959,0.0106951359729541,-0.0091436501816215,True
7233.KL,2021-03-24,60.0,1.0,0.0614526041219183,0.0794818191795013,0.1005587172051774,0.1016883094207116,0.1620111697982378,0.1656432643256347,0.2563740235290981,0.2798637976647425,out_of_sample,0.2563740235290981,0.2798637976647425,0.2563740235290981,0.2798637976647425,False
7233.KL,2021-04-21,85.0,1.0,0.0600961325304032,0.0526301463139859,-0.0096153394761481,0.0018153439235718,-0.0096153394761481,0.0058928157350757,0.0860547193874223,0.1292470197015933,out_of_sample,0.0860547193874223,0.1292470197015933,0.0860547193874223,0.1292470197015933,False
7233.KL,2021-05-24,85.0,1.0,0.0672258047696567,0.0582679860587784,0.0574345569178247,0.051288793083682,0.0917035952285523,0.0961951634518119,0.0378524562189821,0.0720738803198666,out_of_sample,0.0378524562189821,0.0720738803198666,0.0378524562189821,0.0720738803198666,False
7233.KL,2021-06-23,85.0,1.0,0.0179368938727899,0.0384703972102282,0.0627799426593007,0.0848983410945639,0.0044840877841081,0.0282193663039116,-0.0448852616143017,-0.0229521420654991,out_of_sample,-0.0448852616143017,-0.0229521420654991,-0.0448852616143017,-0.0229521420654991,False
7233.KL,2021-07-22,85.0,1.0,0.0133927518138776,0.0230089793136513,0.017857182523018,0.0387000399889351,-0.0535714875342161,-0.0472937706602779,-0.0356933528526604,-0.0872113687358171,out_of_sample,-0.0356933528526604,-0.0872113687358171,-0.0356933528526604,-0.0872113687358171,False
7233.KL,2021-08-20,60.0,1.0,0.014151023285952,-0.0333645090096914,-0.002435448159189,-0.0443054608050372,0.0046728583657555,-0.0035021525825607,0.0023035074348281,-0.001490890340223,out_of_sample,0.0023035074348281,-0.001490890340223,0.014151023285952,-0.0333645090096914,True
7233.KL,2021-09-21,60.0,1.0,0.0023587727512277,-0.008344035271256,-0.0070752449075883,-0.0070622437695501,0.0141511211952327,-0.0354293966871546,-0.0165092625664046,0.0020670506043704,out_of_sample,-0.0165092625664046,0.0020670506043704,0.0023587727512277,-0.008344035271256,True
7233.KL,2021-10-20,60.0,1.0,0.0046512204146178,0.0191190668035419,0.0418605479325664,0.0885448902440827,-0.0162790846801649,0.0350991649750322,-0.1604652365943404,-0.1287218778990987,out_of_sample,-0.1604652365943404,-0.1287218778990987,-0.1604652365943404,-0.1287218778990987,False
7233.KL,2021-11-18,60.0,1.0,0.0023639056566719,0.0064261867570071,-0.0307328620162472,-0.0162623324400786,-0.0141843832489007,0.0001089437440194,-0.2056738419017213,-0.2577872630907923,out_of_sample,-0.2056738419017213,-0.2577872630907923,-0.2056738419017213,-0.2577872630907923,False
7233.KL,2021-12-17,60.0,1.0,-0.0023981112474531,-0.0120118563705653,0.0287768855843821,-0.0148446742622621,-0.1342926891086139,-0.1697917509939489,-0.3597121932674157,-0.4058569832973121,out_of_sample,-0.3597121932674157,-0.4058569832973121,-0.0023981112474531,-0.0120118563705653,True
7233.KL,2022-03-23,60.0,0.889,-0.058631873253213,-0.0494571954708455,-0.039087915502142,-0.0433685659886685,-0.1563515748081962,-0.1566269029961113,-0.0817670911202902,0.0226399704518475,out_of_sample,-0.0817670911202902,0.0226399704518475,-0.058631873253213,-0.0494571954708455,True
7233.KL,2022-06-03,60.0,0.722,-0.0394265377763594,0.0080429498042323,-0.0358423753925344,0.026966887387152,-0.0501792128164055,0.0150490239782419,0.0410208662471052,0.0577846879720382,out_of_sample,0.0410208662471052,0.0577846879720382,0.0410208662471052,0.0577846879720382,False
7233.KL,2022-07-18,60.0,0.667,0.0535713667227726,0.0258142346688516,0.1250000117010969,0.0742634774000863,0.1035713714032113,0.0514777128359684,-0.1355808925390903,-0.0962815010034879,out_of_sample,-0.1355808925390903,-0.0962815010034879,-0.1355808925390903,-0.0962815010034879,False
7233.KL,2022-08-15,60.0,0.611,-0.0744337162520197,-0.0633699503592445,-0.0763678614988463,-0.0747454896657341,-0.0763678614988463,-0.0656165740470877,-0.4321130456239264,-0.4083099800886751,out_of_sample,-0.4321130456239264,-0.4083099800886751,-0.0744337162520197,-0.0633699503592445,True
5211.KL,2024-11-01,85.0,0.611,0.0619265612517649,0.0511658223548987,0.0642201210718536,0.0714147489369267,0.1123852118757438,0.1184263978782138,-0.0114679106277862,0.020508822054071,out_of_sample,-0.0114679106277862,0.020508822054071,-0.0114679106277862,0.020508822054071,False
5211.KL,2024-11-29,85.0,0.611,0.0,-0.0118924163564675,-0.0329896332532358,-0.0420594766212613,-0.0041235788321014,-0.0313394640131645,-0.0494843496202114,-0.0371966934154818,out_of_sample,-0.0494843496202114,-0.0371966934154818,0.0,-0.0118924163564675,True
5211.KL,2024-12-30,85.0,0.667,-0.0062112313995787,-0.0013934315915156,-0.1200828674272176,-0.0827006616448888,-0.1076605053028428,-0.0557638530159066,-0.0600044860683215,0.0078720408074879,out_of_sample,-0.0600044860683215,0.0078720408074879,-0.0062112313995787,-0.0013934315915156,True
5211.KL,2025-01-28,60.0,0.722,0.0417633497055649,0.0208447479468354,0.0904872012848074,0.0654274432854433,0.0696056956637749,0.0554302900153742,0.0651102234592435,0.0731414281257921,out_of_sample,0.0651102234592435,0.0731414281257921,0.0651102234592435,0.0731414281257921,False
5211.KL,2025-02-28,60.0,0.778,-0.0021693909661906,0.0152497571199015,-0.0325380165541185,0.0071837899470269,-0.0151457601417471,0.0154505014538476,0.0395684170344288,0.0817034126801456,out_of_sample,0.0395684170344288,0.0817034126801456,0.0395684170344288,0.0817034126801456,False
5211.KL,2025-04-02,60.0,0.889,-0.1155555491294749,-0.0330606901694155,-0.0244444894270088,0.0080476986552465,0.0111111218212454,0.0021364926014584,0.0644443780416113,0.054611549402892,out_of_sample,0.0644443780416113,0.054611549402892,-0.1155555491294749,-0.0330606901694155,True
5211.KL,2025-04-30,85.0,0.889,0.0483516308915816,0.0467154882761216,0.0549451073252551,0.0344739863836915,0.0439560858602041,0.0646479322999296,0.0725274992995748,0.083175344883979,out_of_sample,0.0725274992995748,0.083175344883979,0.0725274992995748,0.083175344883979,False
5211.KL,2025-05-30,85.0,0.944,0.0168420800572584,0.0095095254295078,0.010526325401893,0.0028092737647782,0.0084209385642033,-0.0135766443893472,0.010526325401893,-0.0380300384525393,out_of_sample,0.010526325401893,-0.0380300384525393,0.010526325401893,-0.0380300384525393,False
5211.KL,2025-07-01,85.0,1.0,-0.0083506185186843,-0.0009618460446036,0.0271399629628326,0.0376035962208689,0.0187892438270129,0.0302778834715422,0.1565762604937384,0.1115431307099068,out_of_sample,0.1565762604937384,0.1115431307099068,-0.0083506185186843,-0.0009618460446036,True
5211.KL,2025-07-29,85.0,1.0,-0.0266393294885488,-0.0363649328286718,-0.0143443151162842,-0.0432716685298862,-0.0163934183373405,-0.0543047343507162,0.1306819825972394,0.0717904367008686,out_of_sample,0.1306819825972394,0.0717904367008686,-0.0266393294885488,-0.0363649328286718,True
5211.KL,2025-08-26,60.0,1.0,0.0979165944987732,0.0998576451853652,0.1020833050937228,0.1012866322563534,0.1541665850855698,0.1356029965537377,0.1621126341255987,0.1430495235434417,out_of_sample,0.1621126341255987,0.1430495235434417,0.1621126341255987,0.1430495235434417,False
5211.KL,2025-09-29,85.0,1.0,0.0379061915171559,0.021058979951896,0.0505042965425133,0.0478723151881015,-0.0040201572464267,-0.0056403859940524,0.0341469343071281,-0.0066302874984138,out_of_sample,0.0341469343071281,-0.0066302874984138,0.0341469343071281,-0.0066302874984138,False
5211.KL,2025-10-28,85.0,1.0,-0.0054745496244829,-0.0116348046167346,-0.0182481493609749,-0.0314301176104088,0.0109488372084898,0.0120768202356361,0.0164233868329726,-0.0477700440238617,out_of_sample,0.0164233868329726,-0.0477700440238617,-0.0054745496244829,-0.0116348046167346,True
5211.KL,2025-11-25,85.0,1.0,-0.0433212066879086,-0.0550228368924304,0.0054152588370344,0.0039075381589712,0.0270758621809885,-0.0131911938003084,0.0505415518039544,-0.0377295219382571,out_of_sample,0.0505415518039544,-0.0377295219382571,-0.0433212066879086,-0.0550228368924304,True
5211.KL,2025-12-23,85.0,1.0,-0.0123023348290706,-0.0143719327587447,-0.019332168340142,-0.0151153607382684,-0.0210895846563448,-0.045245038209976,-0.0755645271939375,-0.0994456458077597,out_of_sample,-0.0755645271939375,-0.0994456458077597,-0.0123023348290706,-0.0143719327587447,True
5211.KL,2026-01-22,85.0,1.0,0.0269298572319598,0.0189223564558422,0.0323159489880153,0.0231786967707217,0.0448832386123896,0.0234114921021109,-0.0412308950403028,-0.037299940113845,out_of_sample,-0.0412308950403028,-0.037299940113845,-0.0412308950403028,-0.037299940113845,False
5211.KL,2026-02-24,85.0,1.0,-0.046391754273074,-0.0224123822286863,-0.1237113995575925,-0.0938769312459323,-0.0962134161827423,-0.0749307804812074,-0.0686168221408992,-0.0425907309784192,out_of_sample,-0.0686168221408992,-0.0425907309784192,-0.046391754273074,-0.0224123822286863,True
5211.KL,2026-03-27,60.0,1.0,-0.0804386832285206,-0.070424947690269,-0.049360144658626,-0.0368999423311754,-0.0219378226986874,-0.026427906076277,-0.049360144658626,-0.0315397966037502,out_of_sample,-0.049360144658626,-0.0315397966037502,-0.0804386832285206,-0.070424947690269,True
5211.KL,2026-04-24,60.0,1.0,0.0186915712925486,0.0073972608091712,0.0261681998095681,0.0116535728930615,0.0074766285170195,0.0143589692494031,-0.0261681998095681,-0.0209541311479429,out_of_sample,-0.0261681998095681,-0.0209541311479429,-0.0261681998095681,-0.0209541311479429,False
6459.KL,2007-04-02,85.0,0.611,0.0088892335417265,-0.0328823579561543,0.0,-0.0614699368932847,0.0088892335417265,-0.0520511084275203,0.1444446715594258,0.0552767340412445,in_sample,0.1444446715594258,0.0552767340412445,0.0088892335417265,-0.0328823579561543,True
6459.KL,2007-04-30,85.0,0.611,-0.0176210915470894,-0.039243300524448,-0.0088109112935229,-0.0316205419833982,-0.0044053512124819,-0.0172093245238358,0.2224671554190946,0.1789958145465289,in_sample,0.2224671554190946,0.1789958145465289,-0.0176210915470894,-0.039243300524448,True
6459.KL,2007-05-30,85.0,0.667,0.0044248442052667,-0.0203664085317167,0.0265482260605207,0.0162060950322409,0.1393804420900102,0.1257527002867864,0.1009295183357308,0.1634976837070066,in_sample,0.1009295183357308,0.1634976837070066,0.0044248442052667,-0.0203664085317167,True
6459.KL,2007-06-27,100.0,0.722,0.0679613009105815,0.0534412445116407,0.029126140298239,0.0277706628537235,0.0776702291602777,0.0612421806602103,-0.0050873870749489,0.0308334396610769,in_sample,-0.0050873870749489,0.0308334396610769,-0.0050873870749489,0.0308334396610769,False
6459.KL,2007-07-25,100.0,0.778,-0.018018280462397,0.0111468393827945,-0.045045402154112,0.0075445520764875,-0.103387332503418,-0.0132682747309188,-0.0577969780648803,-0.0508681320886629,in_sample,-0.0577969780648803,-0.0508681320886629,-0.0577969780648803,-0.0508681320886629,False
6459.KL,2007-08-22,60.0,0.833,0.0699151056653391,0.0632956994039593,0.0550847990548239,0.0204661065127531,0.029660803780704,-0.0127802134929562,0.0381353735922405,-0.061052940858485,in_sample,0.0381353735922405,-0.061052940858485,0.0381353735922405,-0.061052940858485,False
6459.KL,2007-09-20,60.0,0.889,-0.0041149464471214,-0.024738930589837,0.0,-0.0467420509531859,0.0205762127983171,-0.0264180622556093,0.0330934451602349,-0.0302838299519903,in_sample,0.0330934451602349,-0.0302838299519903,-0.0041149464471214,-0.024738930589837,True
6459.KL,2007-10-19,85.0,0.944,0.028225788537068,0.007659048105725,-0.0120968571854199,-0.0320286434948041,-0.0120968571854199,-0.0192054567912977,0.0164651339828234,-0.0341270874683625,in_sample,0.0164651339828234,-0.0341270874683625,0.0164651339828234,-0.0341270874683625,False
6459.KL,2007-11-19,60.0,1.0,0.030612319820229,0.0418739518669428,0.0204084273663076,-0.0081658496981134,0.0246600339254781,0.0161812556848153,0.0374149453827703,0.0124786007972115,in_sample,0.0374149453827703,0.0124786007972115,0.0374149453827703,0.0124786007972115,False
6459.KL,2007-12-17,85.0,1.0,0.0041493746200511,-0.0191402212587106,0.0041493746200511,-0.0273034174639266,0.0041493746200511,-0.0302568206406967,-0.0562200178013321,0.0911416341325289,in_sample,-0.0562200178013321,0.0911416341325289,0.0041493746200511,-0.0191402212587106,True
6459.KL,2008-01-18,85.0,1.0,0.0,0.0236819749019318,0.0,0.0137756817964804,0.0082642785106814,0.0257496685558142,0.0192477551273082,0.1463413455051666,in_sample,0.0192477551273082,0.1463413455051666,0.0192477551273082,0.1463413455051666,False
6459.KL,2008-02-20,85.0,1.0,-0.008196540021123,0.0184593459195322,-0.0286884208920823,0.066120371257206,-0.0678236968900957,0.093228904979954,0.0108934501109674,0.0912500219333108,in_sample,0.0108934501109674,0.0912500219333108,0.0108934501109674,0.0912500219333108,False
6459.KL,2008-04-04,60.0,1.0,0.0346314491692421,0.0143282862776268,0.0562769946493939,0.0189031876515137,0.0649349724935715,0.0218655231375979,-0.038961223844026,-0.0003762836914256,in_sample,-0.038961223844026,-0.0003762836914256,-0.038961223844026,-0.0003762836914256,False
6459.KL,2008-05-05,85.0,1.0,-0.0040650699382132,-0.0185636072799342,-0.0121953834242888,-0.0222534156904011,-0.0569108055253354,-0.0435419795641924,-0.1341465267176136,-0.0370109809849412,in_sample,-0.1341465267176136,-0.0370109809849412,-0.0040650699382132,-0.0185636072799342,True
0225.KL,2025-12-09,85.0,0.778,0.0,-0.0211501971409364,0.105263248670683,0.0665622636428371,0.0909091327210418,0.0565881499029348,-0.1244018016435191,-0.1786154268398678,out_of_sample,-0.1244018016435191,-0.1786154268398678,0.0,-0.0211501971409364,True
0225.KL,2026-01-08,85.0,0.833,-0.0175437782869815,-0.044850264003233,0.0307017174031734,0.0022093092443487,-0.0964912021822214,-0.134381204877965,-0.1359648614293634,-0.151981029164128,out_of_sample,-0.1359648614293634,-0.151981029164128,-0.0175437782869815,-0.044850264003233,True
0225.KL,2026-02-06,60.0,0.889,-0.0048543462801232,-0.0087266725775575,-0.0048543462801232,-0.0170771576627012,-0.1116504310722958,-0.0936741130643407,-0.0097086925602465,-0.0247246030599082,out_of_sample,-0.0097086925602465,-0.0247246030599082,-0.0048543462801232,-0.0087266725775575,True
0225.KL,2026-03-11,60.0,0.944,0.020201986487911,0.0078949434886266,-0.0404040336612185,-0.0416388241640257,-0.0404040336612185,-0.0272133135708306,0.1010101751811414,0.1181335083568368,out_of_sample,0.1010101751811414,0.1181335083568368,0.1010101751811414,0.1181335083568368,False
0225.KL,2026-04-09,60.0,1.0,0.1052631712085412,0.1032053557592451,0.0421052558353023,0.0210762438661511,0.0684209853968669,0.0317594966898042,0.2210526089454798,0.2230155184616854,out_of_sample,0.2210526089454798,0.2230155184616854,0.2210526089454798,0.2230155184616854,False
0099.KL,2014-11-03,100.0,0.611,0.0492615645691396,0.0629718997359142,-0.0147780238591697,0.010506050415256,-0.0471458571136385,-0.0066406353661349,0.0540947576113288,0.0850982227052613,in_sample,0.0540947576113288,0.0850982227052613,0.0540947576113288,0.0850982227052613,False
0099.KL,2014-12-01,85.0,0.667,-0.0562501067052253,-0.0352015295488697,-0.2124999938013562,-0.1669726216653512,-0.0687497604666934,-0.0623165060391245,0.2308770953452719,0.2067075485404061,in_sample,0.2308770953452719,0.2067075485404061,-0.0562501067052253,-0.0352015295488697,True
0099.KL,2014-12-30,60.0,0.667,0.0067111076625343,0.0393401120249471,0.06711381520092,0.0811615429995166,0.1879190020630603,0.1714770978896709,0.3488593832727804,0.3126645740196097,in_sample,0.3488593832727804,0.3126645740196097,0.3488593832727804,0.3126645740196097,False
0099.KL,2015-01-28,85.0,0.722,0.0677966622679202,0.0602460817800427,0.1242936887115644,0.1214705901329968,0.1126574069502497,0.0985306306354574,0.1811286418452884,0.1481754080267521,in_sample,0.1811286418452884,0.1481754080267521,0.1811286418452884,0.1481754080267521,False
0099.KL,2015-03-03,85.0,0.833,-0.0256413650608199,-0.0083345595529269,-0.0256413650608199,-0.0073132910002502,0.0205126316183261,0.0152799456625951,0.1025638487371258,0.1386324507446756,in_sample,0.1025638487371258,0.1386324507446756,-0.0256413650608199,-0.0083345595529269,True
0099.KL,2015-03-31,85.0,0.833,0.0050249674899831,-0.0090291406262341,0.1557791807080952,0.1509561239162431,0.040201206240344,0.0269390835886129,0.0754244800399379,0.137676617860611,in_sample,0.0754244800399379,0.137676617860611,0.0050249674899831,-0.0090291406262341,True
0099.KL,2015-04-28,85.0,0.833,0.0241543667403949,0.0510861540840809,0.0241543667403949,0.0506710626547318,0.0386470952193103,0.09228417264926,0.0338619813054277,0.1062585855048263,in_sample,0.0338619813054277,0.1062585855048263,0.0338619813054277,0.1062585855048263,False
0099.KL,2015-05-28,85.0,0.889,-0.0233878798578198,-0.0153676027638658,0.0235645245298583,0.0354126232185391,-0.0046070642626426,0.0174656639304559,-0.1783310440169917,-0.075292692373622,in_sample,-0.1783310440169917,-0.075292692373622,-0.0233878798578198,-0.0153676027638658,True
0099.KL,2015-06-25,85.0,0.944,-0.0141506218205991,-0.0240934493358599,-0.0330189916074619,-0.024124577542951,0.0,-0.0023007502502114,-0.107785663357464,-0.060348812047733,in_sample,-0.107785663357464,-0.060348812047733,-0.0141506218205991,-0.0240934493358599,True
0099.KL,2015-07-24,85.0,1.0,-0.0141506218205991,-0.0155337344390382,-0.0613206547811707,-0.0391734726434633,-0.1745280416579001,-0.0896295287965914,-0.0600738041592873,-0.0509673373327791,in_sample,-0.0600738041592873,-0.0509673373327791,-0.0141506218205991,-0.0155337344390382,True
0099.KL,2015-09-09,60.0,1.0,0.0054052120745753,-0.0433549256519472,-0.0162160521098139,-0.0234820588210317,0.0648648025622384,0.0005124084314134,0.0756758208343719,0.0345871037123919,in_sample,0.0756758208343719,0.0345871037123919,0.0054052120745753,-0.0433549256519472,True
0099.KL,2015-10-09,85.0,1.0,0.0050762956342986,-0.0017561910595267,0.0710659071490493,0.0709194119047085,0.0558378013520497,0.0678094241931762,0.0255881364743759,0.0542602171703656,in_sample,0.0255881364743759,0.0542602171703656,0.0050762956342986,-0.0017561910595267,True
0099.KL,2015-11-09,85.0,1.0,-0.0144231927704476,0.000154715117075,0.009615461846965,0.0150006123612087,-0.043269261255381,-0.0332639856424321,0.0199173498518081,0.0339437328395889,in_sample,0.0199173498518081,0.0339437328395889,0.0199173498518081,0.0339437328395889,False
0099.KL,2015-12-08,60.0,1.0,-0.0202544319687657,0.0075426641261747,0.0152805216071871,0.030844479229064,0.0152805216071871,0.0222477671505794,0.1675725169994684,0.1564177428351056,in_sample,0.1675725169994684,0.1564177428351056,0.1675725169994684,0.1564177428351056,False
0099.KL,2016-01-08,85.0,1.0,-0.0250002040046937,-0.0074689772503651,-0.0350001332830666,-0.0154539042542937,0.0499997551943676,0.047073870559986,0.2206140486880321,0.1841338324504955,in_sample,0.2206140486880321,0.1841338324504955,-0.0250002040046937,-0.0074689772503651,True
0099.KL,2016-02-09,85.0,1.0,0.0476195509232619,0.0460976921378941,0.1190476856614122,0.1101331441340376,0.0952382728748768,0.0799596947371279,0.1240603735905798,0.1269957855688993,in_sample,0.1240603735905798,0.1269957855688993,0.1240603735905798,0.1269957855688993,False
0099.KL,2016-03-08,85.0,1.0,0.0,-0.0018129813019487,0.0482457771143662,0.0263896901352358,0.061403595913529,0.0434992845574953,0.0175439791576017,0.0538976968143313,in_sample,0.0175439791576017,0.0538976968143313,0.0,-0.0018129813019487,True
0099.KL,2016-04-05,85.0,1.0,-0.0247933324425524,-0.0230006591482546,-0.0495868431601352,-0.0455533104853588,-0.0330578954400901,0.0021558324116269,-0.0538267582085177,-0.0165758725471971,in_sample,-0.0538267582085177,-0.0165758725471971,-0.0247933324425524,-0.0230006591482546,True
0099.KL,2016-05-04,85.0,1.0,0.0,0.0078427589284695,-0.0042735101827963,0.0089143817627559,-0.0085469281806367,0.0102032720381586,-0.0042364518305488,-0.0047915043587554,in_sample,-0.0042364518305488,-0.0047915043587554,-0.0042364518305488,-0.0047915043587554,False
0099.KL,2016-06-01,85.0,1.0,-0.0086959214106276,-0.0279704222319849,-0.0347829418053411,-0.0356805507432447,-0.0130434637075336,-0.0300000920842242,-0.1130436310708967,-0.1461208206362979,in_sample,-0.1130436310708967,-0.1461208206362979,-0.0086959214106276,-0.0279704222319849,True
0099.KL,2016-06-30,60.0,1.0,-0.0264315939721287,-0.0243942105283286,0.0,-0.0004232402669683,0.0176209370368183,0.0149487300923274,-0.0617987652852033,-0.0682313531474104,in_sample,-0.0617987652852033,-0.0682313531474104,-0.0264315939721287,-0.0243942105283286,True
0099.KL,2016-07-28,85.0,1.0,-0.0259738167737028,-0.0240383564556443,-0.0173158161310321,-0.0295558214539896,-0.1168831012532076,-0.1300275382915705,-0.0912151593979559,-0.1005127439293473,in_sample,-0.0912151593979559,-0.1005127439293473,-0.0259738167737028,-0.0240383564556443,True
0099.KL,2016-08-30,60.0,1.0,-0.0137611587468555,-0.0206202026984516,-0.0230656365482564,-0.0081257252912158,-0.004457367630023,0.0107447162495032,-0.0231976761809429,0.0062410939995837,out_of_sample,-0.0231976761809429,0.0062410939995837,-0.0137611587468555,-0.0206202026984516,True
0099.KL,2016-09-30,60.0,1.0,-0.0373830698240158,-0.0451104590610274,-0.0327101491446346,-0.0334120414172454,0.0093460384327845,-0.0027019549841129,0.0141960301211876,0.0276600701457413,out_of_sample,0.0141960301211876,0.0276600701457413,-0.0373830698240158,-0.0451104590610274,True
0099.KL,2016-10-31,85.0,1.0,-0.0046295541513449,0.0084469891608957,-0.0277780082803239,0.0055979454601605,-0.0279094110024299,-0.001720487033655,0.004805083196179,-0.0020531334675,out_of_sample,0.004805083196179,-0.0020531334675,0.004805083196179,-0.0020531334675,False
0099.KL,2016-11-28,60.0,1.0,0.0048074634489165,0.0070731686293233,0.0096150273253128,-0.0005896776274667,0.0336537505546108,0.0326467788023607,0.0624999372328252,0.0224793495885446,out_of_sample,0.0624999372328252,0.0224793495885446,0.0624999372328252,0.0224793495885446,False
0099.KL,2016-12-28,85.0,1.0,-0.00930236941536,-0.0198341251417626,-0.0186046416729632,-0.046151664162263,0.0,-0.0328957880614444,0.1029146452590561,0.0325902271090587,out_of_sample,0.1029146452590561,0.0325902271090587,-0.00930236941536,-0.0198341251417626,True
0099.KL,2017-01-25,85.0,1.0,0.0093022722576032,0.0086609415489389,0.0232559721172782,0.0076318454111496,0.0279070110883232,0.0220220207423549,0.116994553044686,0.074166173707757,out_of_sample,0.116994553044686,0.074166173707757,0.116994553044686,0.074166173707757,False
0099.KL,2017-02-27,85.0,1.0,0.0045245772286419,-0.0152647890678467,0.0136153204799385,-0.0029624428811951,0.0729712253750622,0.0427971910017439,0.0638394604496712,0.0182802308279166,out_of_sample,0.0638394604496712,0.0182802308279166,0.0045245772286419,-0.0152647890678467,True
0099.KL,2017-03-27,85.0,1.0,0.0085103743972758,0.0082008875480183,0.0127660901468245,0.0158778880737383,0.0127660901468245,0.0064048202153887,0.0042919214869334,-0.0154794192193317,out_of_sample,0.0042919214869334,-0.0154794192193317,0.0042919214869334,-0.0154794192193317,False
0099.KL,2017-04-24,85.0,1.0,0.0084032736321957,-0.0043639717489718,0.0,-0.0059850286002034,-0.021008618987519,-0.029527716121159,-0.0931220323031545,-0.0948930440995654,out_of_sample,-0.0931220323031545,-0.0948930440995654,0.0084032736321957,-0.0043639717489718,True
0099.KL,2017-05-24,85.0,1.0,0.0085836921310897,0.0130444373389093,-0.0044022396798629,-0.0126235012442538,0.0129125433800258,0.0081469342870728,-0.1082907603432374,-0.1112325624272299,out_of_sample,-0.1082907603432374,-0.1112325624272299,-0.1082907603432374,-0.1112325624272299,False
0099.KL,2017-06-23,85.0,1.0,-0.0170940553289137,-0.0082261985981467,-0.025641039135695,-0.0146714148155041,-0.0854698380678132,-0.0740674847850894,-0.1456780936085946,-0.1495444596608017,out_of_sample,-0.1456780936085946,-0.1495444596608017,-0.0170940553289137,-0.0082261985981467,True
0099.KL,2017-07-24,60.0,1.0,0.0,0.0011123564539883,-0.0762332424662833,-0.0852685060225734,-0.0717487662443988,-0.0772141803138236,-0.158143735001161,-0.1538190821033463,out_of_sample,-0.158143735001161,-0.1538190821033463,-0.158143735001161,-0.1538190821033463,False
0099.KL,2017-08-24,60.0,1.0,-0.0234739178155586,-0.0221559984574553,-0.0328639474858322,-0.0370768342606843,-0.1138555070205513,-0.1113435605618073,-0.132912514611092,-0.1005892171464694,out_of_sample,-0.132912514611092,-0.1005892171464694,-0.0234739178155586,-0.0221559984574553,True
0099.KL,2018-02-13,60.0,0.667,0.0556753609532676,0.0431441444589715,0.0781361322165652,0.0571653075683542,0.1792117140641216,0.1622942721184765,0.145520001600039,0.1360274569313169,out_of_sample,0.145520001600039,0.1360274569313169,0.145520001600039,0.1360274569313169,False
0099.KL,2018-03-13,85.0,0.611,-0.042857266698616,-0.0387586124235455,0.0,0.000847667741488,-0.0857145333972319,-0.0840782674679349,-0.052332377806628,0.001245082613824,out_of_sample,-0.052332377806628,0.001245082613824,-0.042857266698616,-0.0387586124235455,True
5031.KL,2016-05-03,85.0,0.611,-0.0402682690893048,-0.0308219821279674,-0.0563757710051718,-0.0454459598111647,-0.0107382168650355,0.0046664858846068,0.0040269858654129,-0.0033121349125302,in_sample,0.0040269858654129,-0.0033121349125302,-0.0402682690893048,-0.0308219821279674,True
5031.KL,2016-05-31,85.0,0.611,-0.0189955487537509,-0.0402870586659203,-0.0312073746573904,-0.0312750163250179,0.0244232947363458,0.0144540690675267,0.0759838911019352,0.0415066102939709,in_sample,0.0759838911019352,0.0415066102939709,-0.0189955487537509,-0.0402870586659203,True
5031.KL,2016-06-29,85.0,0.667,-0.0450330833823928,-0.0502090354239621,-0.0437086501289838,-0.0547791308490976,-0.009271381331861,-0.0222722144555753,0.038883997458315,0.0222661229406615,in_sample,0.038883997458315,0.0222661229406615,-0.0450330833823928,-0.0502090354239621,True
5031.KL,2016-07-27,85.0,0.722,0.0093581442558152,0.0184110537170346,0.0427808544912662,0.0370882612757677,0.0601604914219722,0.0490397627747369,0.0853273090046973,0.0769897710567664,in_sample,0.0853273090046973,0.0769897710567664,0.0853273090046973,0.0769897710567664,False
5031.KL,2016-08-24,85.0,0.778,0.0163933188572529,0.0232361243247626,-0.0151323517662623,-0.020673144582456,-0.0108987910263346,-0.0034317219822895,-0.0057673958329098,0.0255870805041478,out_of_sample,-0.0057673958329098,0.0255870805041478,-0.0057673958329098,0.0255870805041478,False
5031.KL,2016-09-26,85.0,0.833,0.0505834594788374,0.0555250587600594,0.0440983489540709,0.0445655722525885,0.0350191438926046,0.0302691865934507,0.0207520852696916,0.044657466629193,out_of_sample,0.0207520852696916,0.044657466629193,0.0207520852696916,0.044657466629193,False
5031.KL,2016-10-25,85.0,0.889,0.002506163094692,0.0063811383794261,0.002506163094692,0.0106198292304369,-0.0288218885894009,-0.0001410459423754,-0.0062656913768539,0.0002442932994992,out_of_sample,-0.0062656913768539,0.0002442932994992,-0.0062656913768539,0.0002442932994992,False
5031.KL,2016-11-22,60.0,0.944,0.009031928591038,0.0104987323232137,0.0064515563759133,0.0061998966692846,0.0154838187472723,0.0153180934507368,0.0580645080537018,0.0106643011667968,out_of_sample,0.0580645080537018,0.0106643011667968,0.0580645080537018,0.0106643011667968,False
5031.KL,2016-12-21,60.0,0.944,-0.0025414382709805,-0.0076593440420968,0.0038118287155408,-0.0147388380796689,0.0076237396038141,-0.0150322933367958,0.1282123067307603,0.0514567542614392,out_of_sample,0.1282123067307603,0.0514567542614392,-0.0025414382709805,-0.0076593440420968,True
5031.KL,2017-01-19,85.0,0.944,0.0151325236514234,-0.0002949029987866,0.008827162749065,-0.0060122203472465,0.0340481170524464,0.0100218352852392,0.1068062961293281,0.0623481378307575,out_of_sample,0.1068062961293281,0.0623481378307575,0.0151325236514234,-0.0002949029987866,True
5031.KL,2017-02-21,85.0,1.0,0.0609757068956529,0.0684645170279141,0.0487802185071009,0.0358242636748677,0.0828085933097688,0.0546113569320656,0.111434189150577,0.0759122335192055,out_of_sample,0.111434189150577,0.0759122335192055,0.111434189150577,0.0759122335192055,False
5031.KL,2017-03-21,85.0,1.0,0.0103448966533659,0.0104873735827821,-0.0068965492126048,-0.0026335810466676,-0.0114942972439805,-0.0034756566978987,0.0747125679135805,0.0552046378689179,out_of_sample,0.0747125679135805,0.0552046378689179,0.0747125679135805,0.0552046378689179,False
5031.KL,2017-04-18,85.0,1.0,0.0337208703450226,0.0192430617757652,0.0267441283865526,0.0084113496738873,0.0383717860460888,0.0231068953577899,0.1046508346515544,0.0962686871018849,out_of_sample,0.1046508346515544,0.0962686871018849,0.1046508346515544,0.0962686871018849,False
5031.KL,2017-05-18,85.0,1.0,-0.0033591785722725,-0.0072014330375126,0.030235445493141,0.024701225817977,0.0470327575258477,0.0347362722254085,0.0649498667078793,0.0627373393267305,out_of_sample,0.0649498667078793,0.0627373393267305,-0.0033591785722725,-0.0072014330375126,True
5031.KL,2017-06-19,85.0,1.0,0.0352941072820662,0.0405767240371769,0.042780781280211,0.0540893956201186,0.0160425049528818,0.0348865334328154,-0.0128342886009474,-0.0093908126684647,out_of_sample,-0.0128342886009474,-0.0093908126684647,-0.0128342886009474,-0.0093908126684647,False
5031.KL,2017-07-17,85.0,1.0,0.0200003775279615,0.0161261251364073,0.0157896067352589,0.0130320203473452,0.0010528761260721,-0.0080002834628589,-0.0315786798620916,-0.0366152218807533,out_of_sample,-0.0315786798620916,-0.0366152218807533,-0.0315786798620916,-0.0366152218807533,False
5031.KL,2017-08-14,85.0,1.0,-0.0031545066608245,-0.0034594274300161,0.0157729330895175,0.0166706711136406,-0.029442728476687,-0.0360263014767799,-0.0031545066608245,0.0131010649150182,out_of_sample,-0.0031545066608245,0.0131010649150182,-0.0031545066608245,-0.0034594274300161,True
5031.KL,2017-09-11,60.0,1.0,0.008667409849697,0.0081513256476528,-0.0097510849451613,-0.0021223922247217,-0.0032502014599029,0.0072448572923496,-0.0086672725452819,0.0303793555288495,out_of_sample,-0.0086672725452819,0.0303793555288495,-0.0086672725452819,0.0303793555288495,False
5031.KL,2017-10-09,60.0,1.0,-0.0054347350692353,4.138156101152202e-05,-0.0282606085848096,-0.0154716774333698,0.0304348194424193,0.0427588671475711,-0.0108696078906077,-0.0214532836585547,out_of_sample,-0.0108696078906077,-0.0214532836585547,-0.0108696078906077,-0.0214532836585547,False
5031.KL,2017-11-06,85.0,1.0,-0.0400844639114362,-0.037329441084865,-0.0327005892568327,-0.0189657614299951,-0.0348101149484292,-0.0180735019127614,-0.0759492748639119,-0.1484342883580729,out_of_sample,-0.0759492748639119,-0.1484342883580729,-0.0400844639114362,-0.037329441084865,True
5031.KL,2017-12-04,60.0,1.0,-0.0054645713187568,-0.0091653796650248,0.0054644328138824,-0.0170148942983989,-0.0054645713187568,-0.0460744176764602,-0.0874317560513645,-0.1708696393403376,out_of_sample,-0.0874317560513645,-0.1708696393403376,-0.0054645713187568,-0.0091653796650248,True
5031.KL,2018-01-02,60.0,1.0,-0.0054945969355791,-0.0303164969815806,-0.0120880018455516,-0.0363938745733299,-0.0373624653462912,-0.0855365873158119,-0.0618783474735807,-0.1071804240863819,out_of_sample,-0.0618783474735807,-0.1071804240863819,-0.0054945969355791,-0.0303164969815806,True
5031.KL,2018-03-13,60.0,0.889,0.0072116331243026,0.0113102873993731,0.0024041014564526,0.0032517691979406,-0.0096154362496195,-0.0079791703203225,-0.0072115585415187,0.0463659018789333,out_of_sample,-0.0072115585415187,0.0463659018789333,-0.0072115585415187,0.0463659018789333,False
5031.KL,2018-04-10,60.0,0.833,-0.0230581421172095,-0.0335418711042945,-0.0364077196493078,-0.038750563418355,0.0194178822391479,0.0250922777910966,-0.0169900633308374,0.0755471819618943,out_of_sample,-0.0169900633308374,0.0755471819618943,-0.0230581421172095,-0.0335418711042945,True
5031.KL,2018-05-14,60.0,0.778,-0.0083336983863376,-0.0100413712575403,-0.0488096674210767,-0.008505262824385,-0.016667027410445,0.0299494205943596,-0.0119050617917155,0.0127866635417097,out_of_sample,-0.0119050617917155,0.0127866635417097,-0.0083336983863376,-0.0100413712575403,True
5031.KL,2018-06-12,60.0,0.722,0.0108960645854763,0.0417379571153609,-0.0871670141928302,-0.0315711066647436,-0.0193702639606203,0.0233639626332231,-0.0096852822294081,-0.0295304261434091,out_of_sample,-0.0096852822294081,-0.0295304261434091,-0.0096852822294081,-0.0295304261434091,False
5031.KL,2018-07-11,60.0,0.667,0.0098762880374487,-0.0281987168561483,-0.0061729577291286,-0.050589905506568,0.0246912180487115,-0.0439741180221449,-0.0395061480599746,-0.0669877078004593,out_of_sample,-0.0395061480599746,-0.0669877078004593,0.0098762880374487,-0.0281987168561483,True
5031.KL,2018-08-08,60.0,0.611,-0.0253013489397556,-0.0148897974800632,-0.024096252230726,-0.0204281161722404,-0.014457945720931,-0.0113771876110705,-0.0602408548643098,-0.0140788597597574,out_of_sample,-0.0602408548643098,-0.0140788597597574,-0.0253013489397556,-0.0148897974800632,True
5031.KL,2021-01-04,85.0,0.611,-0.0059701124087104,-0.0151304325213713,-0.0074628374749625,-0.0117996673639051,0.0373133119789261,0.0495311600048592,0.1069956124282756,0.1194318444234999,out_of_sample,0.1069956124282756,0.1194318444234999,-0.0059701124087104,-0.0151304325213713,True
5031.KL,2021-02-03,85.0,0.667,0.0,-0.0087555735898938,-0.0201437207248688,-0.0156269363748907,0.0115108060593867,0.0126036622867933,0.0229557873786629,0.0111679464606513,out_of_sample,0.0229557873786629,0.0111679464606513,0.0,-0.0087555735898938,True
5031.KL,2021-03-04,85.0,0.722,0.0,-0.0304504155652423,0.0302587667143303,0.0007063969711176,0.0550314878625122,0.0541587630264386,0.0492029607426034,0.0386544541481077,out_of_sample,0.0492029607426034,0.0386544541481077,0.0,-0.0304504155652423,True
5031.KL,2021-04-01,85.0,0.778,-0.0193368363541728,-0.0318223097295029,-0.0607733548363679,-0.0769551682080281,-0.0414364394036624,-0.0534480210581601,-0.0234805514652184,0.0071076010720729,out_of_sample,-0.0234805514652184,0.0071076010720729,-0.0193368363541728,-0.0318223097295029,True
5031.KL,2021-04-30,85.0,0.778,-0.0072045377260848,0.0016613649528617,-0.0057634816864282,0.0006861658442669,0.0374643221484571,0.0397807351920431,0.0374643221484571,0.1043016756254051,out_of_sample,0.0374643221484571,0.1043016756254051,0.0374643221484571,0.1043016756254051,False
5031.KL,2021-06-02,85.0,0.889,-0.0152780786202321,-0.0039885948763614,-0.0180557954343406,-0.0011090032846582,-0.0180557954343406,0.0218142643136075,-0.0416667859434106,-0.0438195974399023,out_of_sample,-0.0416667859434106,-0.0438195974399023,-0.0152780786202321,-0.0039885948763614,True
5031.KL,2021-07-01,85.0,0.944,-0.0028287119404181,0.0138050521341522,0.0014143964602026,0.0101549597071745,0.0183878018225356,0.0442183522532503,-0.041018307145755,-0.0497653946855334,out_of_sample,-0.041018307145755,-0.0497653946855334,-0.041018307145755,-0.0497653946855334,False
5031.KL,2021-07-30,85.0,0.944,-0.0416667859434106,-0.0384552732736538,-0.0375002107222477,-0.0430535687870845,-0.0416667859434106,-0.1131106712914037,-0.062500059638372,-0.110847450877487,out_of_sample,-0.062500059638372,-0.110847450877487,-0.0416667859434106,-0.0384552732736538,True
5031.KL,2021-08-30,60.0,1.0,0.0021737826282093,0.0133516569362954,-0.0043478141818282,0.0242962271933131,-0.0173913397024495,0.0161609591303824,-0.0565217503140401,-0.0008447505339584,out_of_sample,-0.0565217503140401,-0.0008447505339584,-0.0565217503140401,-0.0008447505339584,False
5031.KL,2021-09-30,60.0,1.0,0.0219779602151062,0.0067028987711457,0.0109889381640804,-0.0245943424742731,-0.0065935138949496,-0.0225318732312643,-0.0039032595614759,-0.0052623216982635,out_of_sample,-0.0039032595614759,-0.0052623216982635,-0.0039032595614759,-0.0052623216982635,False
5031.KL,2021-10-29,60.0,1.0,-0.0420352424202045,-0.0248171337188655,-0.0287611108943721,-0.0031771414680887,-0.0221238340221407,0.0109938637229913,-0.022077896635137,0.0077177566489653,out_of_sample,-0.022077896635137,0.0077177566489653,-0.0420352424202045,-0.0248171337188655,True
5031.KL,2021-11-29,60.0,1.0,0.0090498351023138,0.0173910414243985,-0.0068658507172278,0.0127624375434973,0.0253937514610054,0.0059838138865131,-0.0483422970445012,-0.1020637580158515,out_of_sample,-0.0483422970445012,-0.1020637580158515,-0.0483422970445012,-0.1020637580158515,False
5031.KL,2021-12-28,60.0,1.0,0.011236137681152,0.0099308433117462,-0.0157302222047053,-0.0315755255588108,-0.0247190649770984,-0.009049111504271,0.0299226664429899,-0.0112556213415206,out_of_sample,0.0299226664429899,-0.0112556213415206,0.0299226664429899,-0.0112556213415206,False
5031.KL,2022-01-26,60.0,1.0,-0.0115208378037529,-0.0161389831268258,-0.0092164111925344,-0.0508654878775526,-0.0483870006748264,-0.0985004490097284,0.0607836017599889,0.0118180859626686,out_of_sample,0.0607836017599889,0.0118180859626686,-0.0115208378037529,-0.0161389831268258,True
5031.KL,2022-02-28,60.0,1.0,-0.030588411444119,-0.0083783671406145,-0.0017611058037306,0.0236325365636871,0.0468149750780426,0.0532380344562756,0.0759606059713584,0.1165381226828953,out_of_sample,0.0759606059713584,0.1165381226828953,-0.030588411444119,-0.0083783671406145,True
5031.KL,2022-03-28,85.0,1.0,0.0208818388087381,0.0202747529780924,0.0116009654035644,0.0074331038414403,0.0348028962106932,0.0355976003627264,0.0092808734051736,0.0989019287032293,out_of_sample,0.0092808734051736,0.0989019287032293,0.0092808734051736,0.0989019287032293,False
5031.KL,2022-04-26,85.0,1.0,-0.0179372266665581,0.0023173558438587,-0.0089687354366314,0.0237679543026598,-0.0067265922785909,0.0268806630102648,0.0269057992987198,0.1058008117845732,out_of_sample,0.0269057992987198,0.1058008117845732,0.0269057992987198,0.1058008117845732,False
5031.KL,2022-05-30,85.0,1.0,0.0045146545565615,0.0155903150172107,-0.0361172364524918,0.0038951998431375,-0.0180585362727432,0.0391539614132513,-0.0090293910666257,0.0400691357228322,out_of_sample,-0.0090293910666257,0.0400691357228322,-0.0090293910666257,0.0400691357228322,False
5031.KL,2022-06-28,60.0,1.0,0.0229883263546293,0.0325638736923915,0.0390802966860268,0.0689275850240047,0.0528735094965735,0.041895622856809,0.1098491948965463,0.1303064655878059,out_of_sample,0.1098491948965463,0.1303064655878059,0.1098491948965463,0.1303064655878059,False
5031.KL,2022-07-27,85.0,1.0,-0.0131005412199438,-0.0266042135136317,-0.0218341296740028,-0.0365345095527153,-0.0414848622344909,-0.0391390896052801,0.033756013775124,0.0516384837769234,out_of_sample,0.033756013775124,0.0516384837769234,-0.0131005412199438,-0.0266042135136317,True
5031.KL,2022-08-24,60.0,1.0,0.0797267484979984,0.0628995050360887,0.0865603516546331,0.0678384001802567,0.0997368974708945,0.1285525327471729,0.1563758077331998,0.1725692632949174,out_of_sample,0.1563758077331998,0.1725692632949174,0.1563758077331998,0.1725692632949174,False
5031.KL,2022-09-23,85.0,1.0,-0.008583630956208,0.0127148967437767,-0.0321887664858181,-0.0188692948238327,-0.0193133200515059,-0.0329486370224475,0.0515022369373618,0.0210667250623663,out_of_sample,0.0515022369373618,0.0210667250623663,0.0515022369373618,0.0210667250623663,False
5031.KL,2022-10-25,85.0,1.0,-0.0109409193727832,-0.0119863356534052,0.0087528275154065,0.0108713800879715,0.0722101752137462,0.0728402138856973,0.1312910324733995,0.0931855667886185,out_of_sample,0.1312910324733995,0.0931855667886185,-0.0109409193727832,-0.0119863356534052,True
5031.KL,2022-11-23,85.0,1.0,-0.0204081618057806,-0.0536676074348939,-0.0183675029620448,-0.033906161577173,0.0,-0.0172150852690942,0.0918365135757737,0.0826227630886764,out_of_sample,0.0918365135757737,0.0826227630886764,-0.0204081618057806,-0.0536676074348939,True
5031.KL,2022-12-22,85.0,1.0,0.0,-0.0184833419141832,0.0142854701071084,-0.0027881627298933,0.0551019367521627,0.0339217167071921,0.1257142824449486,0.1724674581561193,out_of_sample,0.1257142824449486,0.1724674581561193,0.0,-0.0184833419141832,True
5031.KL,2023-01-25,85.0,1.0,0.0251450954927452,0.0315807236617335,0.0058025996367572,0.0223820028586744,0.0348161400752311,0.0632598385864202,0.1026873803438777,0.152212214238859,out_of_sample,0.1026873803438777,0.152212214238859,0.1026873803438777,0.152212214238859,False
5031.KL,2023-02-24,85.0,1.0,0.0560750357064139,0.0583059527101677,0.0448598975624661,0.0611422231928904,0.0310282431920372,0.070223805892754,0.1387507520371733,0.1760380025442495,out_of_sample,0.1387507520371733,0.1760380025442495,0.1387507520371733,0.1760380025442495,False
5031.KL,2023-03-24,85.0,1.0,0.0335194363050026,0.017165920946748,0.0297951744946449,0.0102623540014135,0.0335194363050026,0.0153083974226808,0.0962383888409625,0.1025325496116774,out_of_sample,0.0962383888409625,0.1025325496116774,0.0962383888409625,0.1025325496116774,False
5031.KL,2023-04-25,85.0,1.0,0.0162161922928827,0.0156548293440708,0.0162161922928827,0.0162231301016794,0.0686597840299814,0.0845944747527435,0.0686597840299814,0.0605204495320097,out_of_sample,0.0686597840299814,0.0605204495320097,0.0686597840299814,0.0605204495320097,False
5031.KL,2023-05-25,85.0,1.0,-0.0055970743773682,0.0082854558364445,-0.0242535671527557,-0.0054297516390121,-0.0074625741020183,0.0008013341046705,0.0447762498968948,0.0098024538276411,out_of_sample,0.0447762498968948,0.0098024538276411,0.0447762498968948,0.0098024538276411,False
5031.KL,2023-06-23,85.0,1.0,-0.0075189146410611,-0.0111137351857063,0.0037593993677116,0.0093888567455234,0.007518682829785,-0.025481787322892,0.0457675433614581,0.0021479592776314,out_of_sample,0.0457675433614581,0.0021479592776314,-0.0075189146410611,-0.0111137351857063,True
5031.KL,2023-07-25,85.0,1.0,0.0074626891427018,-0.0025944178659906,0.0074626891427018,-0.0024273856428749,0.0447762498968948,0.0345172768850881,0.0110532239173721,0.0069677312861609,out_of_sample,0.0110532239173721,0.0069677312861609,0.0074626891427018,-0.0025944178659906,True
5031.KL,2023-08-22,85.0,1.0,-0.0160714871658673,-0.0180762077370184,-0.0010016738976136,-0.0072640078740698,-0.0065208453215982,-0.0065415333516555,-0.0506755380377321,-0.0569723520642837,out_of_sample,-0.0506755380377321,-0.0569723520642837,-0.0160714871658673,-0.0180762077370184,True
5031.KL,2023-09-20,85.0,1.0,0.0,0.0078881153930896,0.0222221434075873,0.0469955468881502,-0.0259259632807788,-0.0197946121448949,-0.0222222542406675,-0.029724453349587,out_of_sample,-0.0222222542406675,-0.029724453349587,-0.0222222542406675,-0.029724453349587,False
5031.KL,2023-10-19,60.0,1.0,-0.0019010866050311,-0.0004731281498561,0.0,0.0020032541139054,-0.0190114349653838,-0.0314953253754108,0.0437262435288754,0.0082293421631849,out_of_sample,0.0437262435288754,0.0082293421631849,-0.0019010866050311,-0.0004731281498561,True
5031.KL,2023-11-17,60.0,1.0,-0.0155038993464418,-0.0108827324867668,-0.0193798741830522,-0.0164428391693728,0.0232558490196626,0.0220372937176349,0.0717054764832356,0.0218105634021392,out_of_sample,0.0717054764832356,0.0218105634021392,-0.0155038993464418,-0.0108827324867668,True
5031.KL,2023-12-15,85.0,1.0,0.0208331940048118,0.0263512948345845,0.0189394218480345,0.0253327863378383,0.0397727292048639,0.0182882032420197,0.0235771062930205,-0.0382233025417502,out_of_sample,0.0235771062930205,-0.0382233025417502,0.0235771062930205,-0.0382233025417502,False
5031.KL,2024-01-16,85.0,1.0,-0.0036429926109945,-0.0051424472099198,0.0018214417974233,-0.0109708262138659,0.007285985221989,-0.0192759337138181,-0.0249516159082031,-0.056112325327548,out_of_sample,-0.0249516159082031,-0.056112325327548,-0.0036429926109945,-0.0051424472099198,True
5031.KL,2024-02-16,85.0,1.0,-0.0036165335845945,-0.0137628842272279,-0.041591218498868,-0.0445060048187151,-0.0226967353251758,-0.0352688109749371,-0.0189738140067514,-0.0695492331674796,out_of_sample,-0.0189738140067514,-0.0695492331674796,-0.0036165335845945,-0.0137628842272279,True
5031.KL,2024-03-15,60.0,1.0,-0.0133334455509445,-0.0066102745008606,-0.0152381918464898,-0.0095647203314109,-0.0095238422187902,-0.0015320385695966,-0.0400001151707062,-0.0743245746006014,out_of_sample,-0.0400001151707062,-0.0743245746006014,-0.0133334455509445,-0.0066102745008606,True
5031.KL,2024-04-17,60.0,1.0,0.0211537853056431,0.0009904950099086,-0.0076923567148882,-0.0335814023940602,0.013461428590755,-0.0324286139882803,-0.0096153061362536,-0.0700663470605778,out_of_sample,-0.0096153061362536,-0.0700663470605778,-0.0096153061362536,-0.0700663470605778,False
5031.KL,2024-05-16,85.0,1.0,-0.02087280749802,-0.0260183525805246,0.0018976282460105,0.0108541437985327,-0.0436432432420506,-0.0405522187222917,-0.0664135686652716,-0.0671832183140535,out_of_sample,-0.0664135686652716,-0.0671832183140535,-0.02087280749802,-0.0260183525805246,True
5031.KL,2024-07-01,60.0,1.0,0.0138612728355547,0.0037122969445566,0.0138612728355547,-0.0035082745388335,0.0217821152970083,0.0131849493264424,-0.0221614582703733,-0.0692019137877271,out_of_sample,-0.0221614582703733,-0.0692019137877271,-0.0221614582703733,-0.0692019137877271,False
5031.KL,2024-07-30,60.0,1.0,-0.029069756960688,-0.0057748898299349,-0.0523254949256766,-0.0508242467632364,-0.0213177691906231,-0.0463497797635782,-0.0107712755169644,-0.0291280933676412,out_of_sample,-0.0107712755169644,-0.0291280933676412,-0.029069756960688,-0.0057748898299349,True
5031.KL,2024-08-27,60.0,1.0,-0.0257425940911604,-0.0404857595013836,-0.0345131878383218,-0.0393912276091181,-0.0221614582703733,-0.0349255404361648,-0.0324546046192807,0.006043470081729,out_of_sample,-0.0324546046192807,0.006043470081729,-0.0257425940911604,-0.0404857595013836,True
5031.KL,2024-09-25,60.0,1.0,-0.0105264273288927,0.0098335304748629,0.0063158328501249,0.0293052139774673,0.0336841671498751,0.0527174862363953,-0.0357894643892588,0.0080081421607444,out_of_sample,-0.0357894643892588,0.0080081421607444,-0.0357894643892588,0.0080081421607444,False
5031.KL,2024-10-23,85.0,1.0,-0.0081467717366271,0.016007537783404,-0.002036635984434,0.0090810406186659,-0.0427699251703422,-0.0105743669760307,-0.0509166399572467,-0.0087669002377734,out_of_sample,-0.0509166399572467,-0.0087669002377734,-0.0509166399572467,-0.0087669002377734,False
5031.KL,2024-11-21,60.0,1.0,0.0319149974155681,0.0263695532571557,0.0212765856179932,0.0043065475826284,-0.0255317956518718,-0.0327138031824144,0.0319149974155681,0.0388452850716051,out_of_sample,0.0319149974155681,0.0388452850716051,0.0319149974155681,0.0388452850716051,False
5031.KL,2024-12-23,60.0,0.944,0.0,-0.0288998911752538,-0.0277185243004443,-0.0393899974571343,0.012793265959059,0.0180557033733586,0.1153421055110563,0.1670899930644267,out_of_sample,0.1153421055110563,0.1670899930644267,0.0,-0.0288998911752538,True
5031.KL,2025-01-22,60.0,0.944,-0.0210526780537052,-0.0016043823406503,-0.0105264273288927,-0.0124851030159591,0.0505261918567858,0.0527620204995328,0.1739134581139272,0.2251038012285175,out_of_sample,0.1739134581139272,0.2251038012285175,-0.0210526780537052,-0.0016043823406503,True
5031.KL,2025-02-24,85.0,0.889,0.0360721721384829,0.0441895686046734,0.0541082582077243,0.0842739764103438,0.0482875014723644,0.0928827512208653,0.1260985015448759,0.1576275854469588,out_of_sample,0.1260985015448759,0.1576275854469588,0.1260985015448759,0.1576275854469588,False
5031.KL,2025-03-25,85.0,0.889,0.0350516096565818,0.0315433784994727,0.0082474312773752,0.0415917570683341,0.0659793433080535,0.0706569042018734,0.0824743127737521,0.0820184040213123,out_of_sample,0.0824743127737521,0.0820184040213123,0.0824743127737521,0.0820184040213123,False
5031.KL,2025-04-24,85.0,0.889,0.034816335266393,0.0109401369837329,0.0251451198819905,-0.0013928483829048,0.007736952248794,-0.010702915085673,-0.0174081676331965,-0.0328543742747056,out_of_sample,-0.0174081676331965,-0.0328543742747056,-0.0174081676331965,-0.0328543742747056,False
5031.KL,2025-05-26,85.0,0.889,0.0038388254619265,0.024076098381158,0.0172745155314089,0.0285826671993318,0.0076776509238529,0.0207194348831953,-0.0019194127309632,-0.0370558986813812,out_of_sample,-0.0019194127309632,-0.0370558986813812,-0.0019194127309632,-0.0370558986813812,False
5031.KL,2025-06-24,85.0,0.889,-0.0019048871956558,-0.0256255225748848,-0.0114286318165247,-0.0213012128850303,-0.0323811070192628,-0.0426169268425221,-0.0228571648677052,-0.0818022859892085,out_of_sample,-0.0228571648677052,-0.0818022859892085,-0.0019048871956558,-0.0256255225748848,True
5031.KL,2025-07-23,60.0,0.889,0.0236220737663503,0.0270800901786822,0.001968633735321,-0.0056728994867241,0.0236220737663503,-0.0145661222496213,-0.0492125771270216,-0.0968661115874925,out_of_sample,-0.0492125771270216,-0.0968661115874925,-0.0492125771270216,-0.0968661115874925,False
5031.KL,2025-08-20,85.0,0.889,0.0019231039611893,0.0021119497468155,-0.0096153203758977,-0.0032811852357936,-0.0134614285832519,-0.0231201565020531,-0.0749999576211146,-0.0974655349619568,out_of_sample,-0.0749999576211146,-0.0974655349619568,-0.0749999576211146,-0.0974655349619568,False
5031.KL,2025-09-23,60.0,0.889,-0.0058480347861946,-0.0110427314286694,-0.0311892156327638,-0.0477025639302503,-0.0584796403324175,-0.0579432632966627,0.1257660017910604,0.1021372459528406,out_of_sample,0.1257660017910604,0.1021372459528406,-0.0058480347861946,-0.0110427314286694,True
5031.KL,2025-11-05,60.0,0.833,-0.0336633264858137,-0.039867227827439,-0.0475247022550815,-0.0489677448685386,0.0772277823451865,0.0764322984234169,0.2301426807880202,0.1565526265427468,out_of_sample,0.2301426807880202,0.1565526265427468,-0.0336633264858137,-0.039867227827439,True
5031.KL,2025-12-03,85.0,0.833,0.0424856957154677,0.0497815265242238,0.0616139619386744,0.0501525880646733,0.071178047392364,0.042265742461794,0.1725573913278038,0.1261079530156843,out_of_sample,0.1725573913278038,0.1261079530156843,0.1725573913278038,0.1261079530156843,False
5031.KL,2026-01-02,85.0,0.833,0.0,-0.0100493658961386,-0.0017856956947809,-0.0275259099874821,0.0660713635826102,0.0234784192665165,0.1009948481949551,0.0839025481664583,out_of_sample,0.1009948481949551,0.0839025481664583,0.0,-0.0100493658961386,True
5031.KL,2026-01-30,85.0,0.833,0.0083752896320088,0.0023897857971171,0.0016751080068644,0.0014568247927735,0.0268007265005776,0.0513055941882039,0.0572651727108219,0.0680987656630439,out_of_sample,0.0572651727108219,0.0680987656630439,0.0572651727108219,0.0680987656630439,False
5031.KL,2026-03-04,85.0,0.833,0.0244698911022214,0.0182515808856846,0.0450120681408559,0.026410185913817,0.0058028036845303,0.0057556495311335,0.0279645795269836,0.0368856996853985,out_of_sample,0.0279645795269836,0.0368856996853985,0.0279645795269836,0.0368856996853985,False
5031.KL,2026-04-02,85.0,0.833,-0.0033898272208872,0.0037114259422813,0.0,0.0050580507823411,0.0237287905462104,0.0097619001139264,0.0457627078919053,0.0659240393704044,out_of_sample,0.0457627078919053,0.0659240393704044,0.0457627078919053,0.0659240393704044,False
5681.KL,2004-12-01,85.0,0.611,-0.0136052483376737,-0.0001351652539989,0.006802462269053,0.0175828797147695,0.006802462269053,0.0144996240028085,0.0829932291081887,0.107834114748584,in_sample,0.0829932291081887,0.107834114748584,-0.0136052483376737,-0.0001351652539989,True
5681.KL,2004-12-29,85.0,0.611,0.0067569034378212,0.0063382021931299,0.0540543430700775,0.025682189083515,0.0810817156125007,0.0674520687667583,0.0864866433808992,0.119354287586524,in_sample,0.0864866433808992,0.119354287586524,0.0864866433808992,0.119354287586524,False
5681.KL,2005-01-27,100.0,0.667,-0.0312500650761026,-0.0177384693254153,-0.0125000409049788,-0.0119347715703956,-0.0050002989782085,0.0254904748907701,0.0199994853409943,0.0701109435826179,in_sample,0.0199994853409943,0.0701109435826179,-0.0312500650761026,-0.0177384693254153,True
5681.KL,2005-03-02,85.0,0.778,0.080402207621252,0.0672617542270226,0.0251254189257845,0.018835492703114,0.0100501077731591,0.0259151419997906,0.040200804824853,0.0647999771993799,in_sample,0.040200804824853,0.0647999771993799,0.040200804824853,0.0647999771993799,False
5681.KL,2005-03-30,85.0,0.778,0.0099501821169643,0.0281786070671209,0.0199005122393449,0.0239107879798747,0.0149253101768005,0.0193685165727703,0.0199005122393449,0.0045430864703333,in_sample,0.0199005122393449,0.0045430864703333,0.0199005122393449,0.0045430864703333,False
5681.KL,2005-04-28,85.0,0.833,0.0196075672061484,-0.0117135930408782,0.0196075672061484,-0.0004302084473717,0.0147058941479236,0.0191574061030197,0.004902037630412,-0.0706144161238875,in_sample,0.004902037630412,-0.0706144161238875,0.0196075672061484,-0.0117135930408782,True
5681.KL,2005-05-30,85.0,0.889,-0.0338159488465114,-0.0361263409101731,-0.0193236867716862,-0.0477387519226938,-0.0096617715281375,-0.0341111231751978,-0.0442063575099063,-0.1062896111840232,in_sample,-0.0442063575099063,-0.1062896111840232,-0.0338159488465114,-0.0361263409101731,True
5681.KL,2005-06-27,85.0,0.944,0.0146337941660585,0.0062633150123696,0.0,-0.0202978212716251,0.0,-0.0545426516746574,-0.0248803959676199,-0.0594394317979961,in_sample,-0.0248803959676199,-0.0594394317979961,-0.0248803959676199,-0.0594394317979961,False
5681.KL,2005-07-25,60.0,1.0,-0.0097561771986299,-0.0080324198505159,-0.0048781248786908,-0.0135817259618986,-0.0348816040708361,-0.0179956918955035,-0.0198796467985082,-0.0015786469309251,in_sample,-0.0198796467985082,-0.0015786469309251,-0.0097561771986299,-0.0080324198505159,True
5681.KL,2005-09-16,85.0,1.0,-0.0149257028328436,-0.0148172682652274,-0.0099506610589373,-0.0159702359477688,-0.0149257028328436,-0.0188303402575716,-0.0372809419090943,-0.0121288223773939,in_sample,-0.0372809419090943,-0.0121288223773939,-0.0149257028328436,-0.0148172682652274,True
5681.KL,2005-10-14,85.0,1.0,-0.0252524075560898,-0.0079553221283046,-0.0202020579537069,0.0011897551100014,-0.0202020579537069,0.0109024680536756,0.0131233168799045,0.0279138851057914,in_sample,0.0131233168799045,0.0279138851057914,-0.0252524075560898,-0.0079553221283046,True
5681.KL,2005-11-16,60.0,1.0,0.0,-0.0068020034613358,-0.005154480720622,-0.00440739896407,-0.0025432840330842,-0.0047734357137526,0.0287903282806467,0.0025748843849757,in_sample,0.0287903282806467,0.0025748843849757,0.0,-0.0068020034613358,True
5681.KL,2005-12-14,60.0,1.0,0.0366489900991375,0.0412662168851509,0.0209423121928125,0.01906202462677,0.0366489900991375,0.0220739602827026,0.073298130167033,0.0475304015352628,in_sample,0.073298130167033,0.0475304015352628,0.073298130167033,0.0475304015352628,False
5681.KL,2006-01-13,85.0,1.0,0.0,0.007117064476121,-0.0252523966597578,-0.0275662307370386,-0.0050503925318335,-0.0142728653022835,0.0353534710571517,0.0004702637899591,in_sample,0.0353534710571517,0.0004702637899591,0.0353534710571517,0.0004702637899591,False
5681.KL,2006-02-10,85.0,1.0,0.0050760284681001,-0.0016173391589737,0.025380723945287,0.0203824346752146,0.0406089547507841,0.0388160540777069,0.0203049135789814,-0.0243213617338693,in_sample,0.0203049135789814,-0.0243213617338693,0.0050760284681001,-0.0016173391589737,True
5681.KL,2006-03-10,85.0,1.0,0.0195124602625065,0.0187966232101373,0.0195124602625065,0.0150328681062481,0.0,-0.0235910446024145,-0.0292680616221343,-0.0387695025975529,in_sample,-0.0292680616221343,-0.0387695025975529,-0.0292680616221343,-0.0387695025975529,False
5681.KL,2006-04-07,85.0,1.0,-0.0048779404068417,0.0008335753373385,-0.0146339609475532,-0.019381161215052,-0.0195116917638532,-0.0382356456254645,-0.0048779404068417,0.0258730518000533,in_sample,-0.0048779404068417,0.0258730518000533,-0.0048779404068417,0.0258730518000533,False
5681.KL,2006-05-05,60.0,1.0,0.0,-0.0048575827315291,-0.0049749400399305,0.0126871502703622,-0.0099505213640256,0.0219411697715985,0.0248747714534491,0.052605776929205,in_sample,0.0248747714534491,0.052605776929205,0.0,-0.0048575827315291,True
5681.KL,2006-06-02,60.0,1.0,-0.0351758812052747,-0.0187155636325371,-0.0251256397137582,0.0148648750218465,0.0251254957738895,0.0423486872453358,0.0750922780506597,0.053818372416974,in_sample,0.0750922780506597,0.053818372416974,-0.0351758812052747,-0.0187155636325371,True
5681.KL,2006-06-30,85.0,1.0,-0.0245096779637908,-0.03639348022267,-0.0147054838307918,-0.0135466239375334,0.0098034920732539,-0.0120946025907924,0.0741973245626412,0.0189436562242455,in_sample,0.0741973245626412,0.0189436562242455,-0.0245096779637908,-0.03639348022267,True
5681.KL,2006-07-28,85.0,1.0,-0.0048540540472895,-0.0083524488968081,-0.0048540540472895,-0.0129313917150036,0.0385605920029845,0.0216570815149828,0.0839349221093894,0.0363591420553595,in_sample,0.0839349221093894,0.0363591420553595,-0.0048540540472895,-0.0083524488968081,True
5681.KL,2006-08-25,85.0,1.0,0.0097088814991221,-0.0009905069421349,0.0097088814991221,0.0032071850079435,0.0242721368047758,0.0087964386235273,0.131067691118166,0.0360986029597001,in_sample,0.131067691118166,0.0360986029597001,0.0097088814991221,-0.0009905069421349,True
5681.KL,2006-09-22,85.0,1.0,0.0189573596004457,0.016553779758166,0.0,-0.0059571295093916,0.0189573596004457,0.0044944624099991,0.1378507088651244,0.0092907093507599,in_sample,0.1378507088651244,0.0092907093507599,0.1378507088651244,0.0092907093507599,False
5681.KL,2006-10-20,85.0,1.0,0.0279068681524143,0.0169692340405944,0.0372092644377928,0.0179790669859243,0.0837203478942658,0.0208111714652716,0.3423939403929801,0.1857134365810175,in_sample,0.3423939403929801,0.1857134365810175,0.3423939403929801,0.1857134365810175,False
5681.KL,2006-11-17,100.0,1.0,-0.008582873056031,-0.0274531676508259,0.0171677584257645,-0.0206111833524256,0.0304147011589861,-0.0162132501137568,0.216766668793406,0.0199450545411619,in_sample,0.216766668793406,0.0199450545411619,-0.008582873056031,-0.0274531676508259,True
5681.KL,2006-12-15,85.0,1.0,0.0127663289653103,0.0215791443540686,0.0595749764788458,0.0532223488886811,0.2021279895415586,0.1623875632233091,0.2127665587201734,0.1275023485134085,in_sample,0.2127665587201734,0.1275023485134085,0.2127665587201734,0.1275023485134085,False
5681.KL,2007-01-16,100.0,1.0,-0.0265487689737816,-0.0587840575884165,-0.0619466497968357,-0.1050418539933617,-0.0176990837541234,-0.1174951572116521,0.2123898651050606,0.057358593889657,in_sample,0.2123898651050606,0.057358593889657,-0.0265487689737816,-0.0587840575884165,True
5681.KL,2007-02-14,100.0,1.0,0.0810812756482028,0.0507113809677044,0.0090095278546669,0.074004197249861,0.0270272215941487,0.077956914547588,0.333333268477626,0.2526839960103688,in_sample,0.333333268477626,0.2526839960103688,0.333333268477626,0.2526839960103688,False
5681.KL,2007-03-16,85.0,1.0,0.0263155950413411,-0.0188967848011756,0.0789469745709217,0.0242438392161898,0.2017546003390342,0.0951736451671951,0.3596489283746744,0.2087607434225515,in_sample,0.3596489283746744,0.2087607434225515,0.0263155950413411,-0.0188967848011756,True
5681.KL,2007-04-13,100.0,1.0,-0.0072993724827049,-0.0127802196107679,0.014598508502535,0.0019321967934331,0.0802915208905885,0.0513203958113437,0.1605832782440519,0.1122344001208406,in_sample,0.1605832782440519,0.1122344001208406,-0.0072993724827049,-0.0127802196107679,True
5681.KL,2007-05-15,100.0,1.0,0.0135136357752918,-0.002391597541697,-0.0067561977049153,-0.0044532665392059,0.0472973968814878,0.0365404094872587,0.1472589601447229,0.1888383165953923,in_sample,0.1472589601447229,0.1888383165953923,0.0135136357752918,-0.002391597541697,True
5681.KL,2007-06-12,100.0,1.0,0.0193552558162153,0.0074411577614288,0.0258061949665313,0.0210949435981995,0.0258061949665313,0.0178169584142691,0.1350409878751242,0.1810874565629459,in_sample,0.1350409878751242,0.1810874565629459,0.1350409878751242,0.1810874565629459,False
5681.KL,2007-07-10,85.0,1.0,0.0062897395855476,0.0018929117671337,0.1383650344485014,0.1232495703213933,0.067889009037986,0.1271838788358785,0.1193532622064563,0.1226271623808946,in_sample,0.1193532622064563,0.1226271623808946,0.1193532622064563,0.1226271623808946,False
5681.KL,2007-08-07,85.0,1.0,0.0240962874642678,0.0254837748149419,-0.0301204865251124,0.0153400672114002,0.0361439860146797,0.0300980458391906,0.0722892439771365,-0.0199727984886435,in_sample,0.0722892439771365,-0.0199727984886435,0.0722892439771365,-0.0199727984886435,False
5681.KL,2007-09-05,85.0,1.0,-0.0058136876320452,0.0034241848329664,-0.0116274366430008,-0.0110341692869916,0.0116282345688356,-0.0415563781375252,0.0,-0.0763137631913344,in_sample,0.0,-0.0763137631913344,0.0,-0.0763137631913344,False
5681.KL,2007-10-03,85.0,1.0,0.034482808833147,0.0271891842513416,0.034482808833147,0.0276355085324542,0.0229888425890281,-0.0078826345925313,0.0085759404177641,-0.0416962655993802,in_sample,0.0085759404177641,-0.0416962655993802,0.0085759404177641,-0.0416962655993802,False
5681.KL,2007-11-01,85.0,1.0,0.0112356711682499,0.0161393258363373,-0.0393262132170257,-0.0233450478525399,-0.0337084962527399,-0.02506501118681,-0.0710778972925377,-0.0597874591635929,in_sample,-0.0710778972925377,-0.0597874591635929,-0.0710778972925377,-0.0597874591635929,False
5681.KL,2007-11-30,60.0,1.0,0.0116282345688356,-0.0149004624145776,-0.009184617389345,-0.0137874419114114,0.0203038980334258,-0.0073987704251456,-0.0386730100542951,0.0207122081287622,in_sample,-0.0386730100542951,0.0207122081287622,0.0116282345688356,-0.0149004624145776,True
5681.KL,2008-01-02,85.0,1.0,-0.0057804118465235,-0.0447723727113787,0.0,-0.0174341819139056,-0.0578032762605292,-0.0282493003581236,-0.0693636788512231,0.0671779055987228,in_sample,-0.0693636788512231,0.0671779055987228,-0.0057804118465235,-0.0447723727113787,True
5681.KL,2008-01-31,60.0,1.0,0.0368096479089647,0.0193899317551875,0.0429444934549623,0.0198043605036792,0.0,0.0568670234837609,0.0122694356995591,0.0936546965274346,in_sample,0.0122694356995591,0.0936546965274346,0.0122694356995591,0.0936546965274346,False
5681.KL,2008-03-04,60.0,1.0,-0.0429448765436157,0.0388499050207407,-0.0429448765436157,0.0590322607969566,-0.0122696272438859,0.0443276802641972,-0.0122696272438859,0.0165884140200818,in_sample,-0.0122696272438859,0.0165884140200818,-0.0122696272438859,0.0165884140200818,False
5681.KL,2008-04-02,60.0,1.0,-0.0062116346203445,0.0033959432807787,0.0062107296430859,-0.0050747057288751,0.0248438881908354,-0.0075926544991109,-0.0745345734279802,-0.0349185653737916,in_sample,-0.0745345734279802,-0.0349185653737916,-0.0745345734279802,-0.0349185653737916,False
5681.KL,2008-04-30,60.0,1.0,0.0060608652383256,0.0056780184894755,0.0,-0.0111653143516121,-0.0242416318008126,-0.0213038028127517,-0.0909090679730095,0.0170011619992364,in_sample,-0.0909090679730095,0.0170011619992364,-0.0909090679730095,0.0170011619992364,False
5681.KL,2008-05-30,60.0,1.0,-0.0248450517330249,-0.0032714839690775,-0.062112597011946,-0.0254775363627722,-0.0745345734279802,-0.00748658490016,-0.1366716048259075,0.0126113695840947,in_sample,-0.1366716048259075,0.0126113695840947,-0.0248450517330249,-0.0032714839690775,True
5681.KL,2008-07-23,60.0,1.0,0.0132453932423193,-0.0047726218801671,-0.0102861510553362,-0.005178184489494,-0.1071812074061004,-0.0490809000046057,-0.0864179908912463,0.1191094721695246,in_sample,-0.0864179908912463,0.1191094721695246,0.0132453932423193,-0.0047726218801671,True
5681.KL,2008-10-03,60.0,0.833,-0.0510950931893368,0.0302366678498949,-0.036496588591655,0.0731424695375019,-0.0218978659290062,0.0935246138704704,0.0849815895017127,0.205312095439148,in_sample,0.0849815895017127,0.205312095439148,0.0849815895017127,0.205312095439148,False
5681.KL,2008-11-03,60.0,0.778,0.0,-0.0054372766789163,-0.0074627059779753,0.0095384375617041,0.037313009680137,0.0939316612534373,0.124468131988507,0.149541783409109,in_sample,0.124468131988507,0.149541783409109,0.0,-0.0054372766789163,True
5681.KL,2008-12-01,60.0,0.778,-0.0287767784368169,-0.013147899354165,0.0034510182868148,-0.0040569613605074,0.0693708407510167,0.015235563742566,0.0986685316637197,0.0871295972650569,in_sample,0.0986685316637197,0.0871295972650569,-0.0287767784368169,-0.013147899354165,True
5681.KL,2009-01-02,85.0,0.833,0.0136989329910157,-0.0139297874094648,0.0136989329910157,0.0113397203852179,0.0136989329910157,0.0333330823785145,0.0479458300011703,0.0338016099765121,in_sample,0.0479458300011703,0.0338016099765121,0.0136989329910157,-0.0139297874094648,True
5681.KL,2009-02-04,85.0,0.833,0.0135130812516424,-0.024169445576017,0.0,-0.0147240355376645,0.0135130812516424,0.0347037944684757,0.0675675211262094,-0.0836186095810529,in_sample,0.0675675211262094,-0.0836186095810529,0.0135130812516424,-0.024169445576017,True
5681.KL,2009-03-06,85.0,0.833,-0.0133329125214193,0.0038770790894645,-0.0133329125214193,-0.0117016717828015,0.0200007381597415,-0.0368495341807251,0.0666674969876952,-0.170544505849072,in_sample,0.0666674969876952,-0.170544505849072,0.0666674969876952,-0.170544505849072,False
5681.KL,2009-04-03,85.0,0.833,0.0,-0.0378937329766282,0.0130714094746797,-0.0510513372627681,0.0326793867391921,-0.0801638834385924,0.0849668146727107,-0.1011722072089924,in_sample,0.0849668146727107,-0.1011722072089924,0.0,-0.0378937329766282,True
5681.KL,2009-05-04,85.0,0.833,-0.0126583187491371,-0.0286486640002576,0.0126586282828371,0.0100331780445463,0.0126586282828371,-0.0392951486031145,0.0696200721461146,-0.0760861877549554,in_sample,0.0696200721461146,-0.0760861877549554,-0.0126583187491371,-0.0286486640002576,True
5681.KL,2009-06-01,85.0,0.833,0.0187494547711126,0.008342667947164,0.0187494547711126,-0.0089111157379979,0.0374994597381592,0.024276709364694,0.1272576908068801,0.0211266527356139,in_sample,0.1272576908068801,0.0211266527356139,0.1272576908068801,0.0211266527356139,False
5681.KL,2009-06-29,85.0,0.833,-0.0120482218777697,-0.0027438549796758,-0.0060244350169799,0.0052968878819495,0.0180722444317196,-0.0568367480309057,0.0777411497513025,-0.0544533190282587,in_sample,0.0777411497513025,-0.0544533190282587,-0.0120482218777697,-0.0027438549796758,True
5681.KL,2009-07-27,85.0,0.833,0.0248522884054487,0.0119850986994538,0.054917355242753,0.0276178690457662,0.0672268187744293,0.0516098461218388,0.1078475506840346,0.0182701780726117,in_sample,0.1078475506840346,0.0182701780726117,0.1078475506840346,0.0182701780726117,False
5681.KL,2009-08-24,85.0,0.833,-0.008074311913371,-0.0053412439739334,0.0011532871938915,-0.0223292084288968,-0.008074311913371,-0.0451713231451826,0.0242210918689294,-0.0627613728852409,in_sample,0.0242210918689294,-0.0627613728852409,-0.008074311913371,-0.0053412439739334,True
5681.KL,2009-09-24,85.0,0.833,-0.0011625656485469,0.0068091948071917,0.0046517934368401,-0.005224490693559,0.0465118109977922,0.0120636237828344,0.0300543777179291,-0.0008143592714,in_sample,0.0300543777179291,-0.0008143592714,0.0300543777179291,-0.0008143592714,False
5681.KL,2009-10-22,85.0,0.833,0.0,0.0144997851209116,-0.0244444110089028,-0.0196349171121277,-0.0133333625894321,-0.0265315694631603,-0.0055553152376002,-0.042538835232206,in_sample,-0.0055553152376002,-0.042538835232206,-0.0055553152376002,-0.042538835232206,False
5681.KL,2009-11-19,85.0,0.833,0.0022522396112694,0.006983402378663,0.0078830504355322,0.0129353929873979,-0.0024249593219136,0.0140165006185337,-0.0058609272750473,0.0021366310318962,in_sample,-0.0058609272750473,0.0021366310318962,-0.0058609272750473,0.0021366310318962,False
5681.KL,2009-12-21,85.0,0.833,0.005740569201369,-0.0098368450596622,0.0080369242684774,-0.0218358189459149,0.0103331731801183,-0.0302510291918172,0.0229622768054762,-0.0162122927971832,in_sample,0.0229622768054762,-0.0162122927971832,0.005740569201369,-0.0098368450596622,True
5681.KL,2010-01-20,85.0,0.833,-0.0113640303752482,0.0198998227255714,-0.0125005700034651,0.0193296223827935,-0.0136365842828662,0.0171145551923365,0.0215908907037005,-0.0008180953873542,in_sample,0.0215908907037005,-0.0008180953873542,0.0215908907037005,-0.0008180953873542,False
5681.KL,2010-02-22,60.0,0.889,0.0311062347539865,0.0140268580100766,0.0218897067439309,-0.0187754667998019,0.0264978642265942,-0.0038312756906426,0.0391707233933764,-0.0111515228146015,in_sample,0.0391707233933764,-0.0111515228146015,0.0391707233933764,-0.0111515228146015,False
5681.KL,2010-03-23,85.0,0.944,0.0089787176901379,-0.0021336709149113,0.0202020369733513,-0.0100849847308133,0.0089787176901379,-0.0148171587777159,0.0258136447286523,0.0307797179094716,in_sample,0.0258136447286523,0.0307797179094716,0.0089787176901379,-0.0021336709149113,True
5681.KL,2010-04-20,85.0,1.0,0.0122359643553615,0.0093765091422082,0.0022248329909655,-0.0030075871801777,0.0033370437881319,0.0076262722962781,0.0567301557948765,0.0528526712930725,in_sample,0.0567301557948765,0.0528526712930725,0.0567301557948765,0.0528526712930725,False
5681.KL,2010-05-18,85.0,1.0,-0.0077605040806534,0.0524122831707415,0.0088693232471825,0.0495784225541046,0.0133036773495112,0.0372104319579711,0.2065379430497274,0.1894423917419203,in_sample,0.2065379430497274,0.1894423917419203,0.2065379430497274,0.1894423917419203,False
5681.KL,2010-06-16,85.0,1.0,0.0700222129918182,0.0458919911193851,0.0251642707294112,0.0131106770135076,0.0393878488723451,0.0064927872965845,0.2822892107660679,0.1749160931617099,in_sample,0.2822892107660679,0.1749160931617099,0.2822892107660679,0.1749160931617099,False
5681.KL,2010-07-14,85.0,1.0,0.0189469858718078,0.0189916786011018,0.0494735396532193,0.0389521793958693,0.1455755344533875,0.1367542273630908,0.2028549535391433,0.093741341435442,in_sample,0.2028549535391433,0.093741341435442,0.2028549535391433,0.093741341435442,False
5681.KL,2010-08-11,100.0,1.0,-0.011538375271701,-0.0356345640516919,-0.019231135210965,-0.0517979248793945,0.0769229266097821,0.0141914862530352,0.1057689497487233,-0.0225618266746023,in_sample,0.1057689497487233,-0.0225618266746023,-0.011538375271701,-0.0356345640516919,True
5681.KL,2010-09-09,85.0,1.0,0.0,-0.0221938762948181,-0.0178572485149333,-0.0365874653018465,-0.0249993432311748,-0.0595178397129234,0.0994566529814189,0.0413740478095663,in_sample,0.0994566529814189,0.0413740478095663,0.0,-0.0221938762948181,True
5681.KL,2010-10-11,85.0,1.0,0.0018308398487265,0.0063420928681491,0.0036623270090183,0.0009529818157241,0.0531127230787367,0.0268119759960654,0.1371228408821594,0.0826926843838877,in_sample,0.1371228408821594,0.0826926843838877,0.1371228408821594,0.0826926843838877,False
5681.KL,2010-11-09,85.0,1.0,-0.0278253481558781,-0.0127650546843083,-0.0521733825608312,-0.0272868821282958,0.0707752977495039,0.0742079129839311,0.1301630037881038,0.1239135905377259,in_sample,0.1301630037881038,0.1239135905377259,-0.0278253481558781,-0.0127650546843083,True
5681.KL,2010-12-09,100.0,1.0,-0.0084034765137993,0.0072214332147217,-0.0033613475527172,0.0011151549017041,0.0084031177404453,-0.0225442722021724,0.1932766591025285,0.1961557977088075,in_sample,0.1932766591025285,0.1961557977088075,0.1932766591025285,0.1961557977088075,False
5681.KL,2011-01-06,85.0,1.0,0.0233331464283161,0.0212991471255405,0.0100000825418096,0.0233514865290335,0.0466670755806888,0.0672617368715098,0.3750002490485633,0.3791063856274953,in_sample,0.3750002490485633,0.3791063856274953,0.3750002490485633,0.3791063856274953,False
5681.KL,2011-02-09,85.0,1.0,0.0111461312382985,0.0290553988219608,0.0445856806831097,0.0746624042616732,0.1305724622601494,0.1430457953630219,0.2468150293021722,0.260206311605922,in_sample,0.2468150293021722,0.260206311605922,0.2468150293021722,0.260206311605922,False
5681.KL,2011-03-10,100.0,1.0,0.0281699567244666,0.0445322114397221,0.0605637984140783,0.0625876945517521,0.1619723954688741,0.1322936284247917,0.1464790245022369,0.1232541926566215,in_sample,0.1464790245022369,0.1232541926566215,0.1464790245022369,0.1232541926566215,False
5681.KL,2011-04-07,100.0,1.0,-0.0181819649646048,0.0049496757877914,-0.0412123159188604,-0.0184199395434466,-0.0509090878981619,-0.0211830104719508,-0.0181819649646048,-0.0312554837348499,in_sample,-0.0181819649646048,-0.0312554837348499,-0.0181819649646048,-0.0312554837348499,False
5681.KL,2011-05-06,85.0,1.0,0.0089399011984863,-0.00771466180671,-0.0229883641042977,-0.0318831054231693,0.0395909442851067,0.0154140952924064,0.1405294496123186,0.1124792947026354,in_sample,0.1405294496123186,0.1124792947026354,0.0089399011984863,-0.00771466180671,True
5681.KL,2011-06-06,85.0,1.0,-0.0233410556758693,-0.0193079080818728,-0.0208841024468304,-0.0254261712623227,-0.0049138015586998,-0.0243772266700887,0.1310442890418437,0.1986090667857772,in_sample,0.1310442890418437,0.1986090667857772,-0.0233410556758693,-0.0193079080818728,True
5681.KL,2011-07-04,85.0,1.0,0.0753083827266458,0.0713712129697194,0.1111113922241191,0.1236054800278803,0.1025119696161815,0.117894132978177,0.0361110390759027,0.1718774367561232,in_sample,0.0361110390759027,0.1718774367561232,0.0361110390759027,0.1718774367561232,False
5681.KL,2011-08-01,85.0,1.0,-0.0324445828533827,0.0067207749740868,0.0139052856416588,0.051305571368973,0.030945234139255,0.1020230767334974,-0.0637339376496205,-0.0108652175509745,in_sample,-0.0637339376496205,-0.0108652175509745,-0.0637339376496205,-0.0108652175509745,False
5681.KL,2011-08-29,85.0,1.0,-0.0011340004153147,-0.0167219254182414,-0.0170067601338245,-0.0057165616222815,-0.0884355236782755,-0.0333317773671139,-0.0578233554373914,-0.084072769659818,in_sample,-0.0578233554373914,-0.084072769659818,-0.0011340004153147,-0.0167219254182414,True
5681.KL,2011-10-03,60.0,1.0,0.0,-0.0215865355604583,-0.0049748414203164,-0.0765130673018074,-0.0037317415251628,-0.0827945658882375,0.1167266528329664,-0.0026207487454352,in_sample,0.1167266528329664,-0.0026207487454352,0.0,-0.0215865355604583,True
5681.KL,2011-11-01,60.0,1.0,0.016230021782118,0.0067426130231902,0.0112363417520282,0.010423168376433,0.0374535193454805,0.0309343174929344,0.1549149880560381,0.1132720734143426,in_sample,0.1549149880560381,0.1132720734143426,0.1549149880560381,0.1132720734143426,False
5681.KL,2011-12-01,85.0,1.0,0.042809719845638,0.0511180064346372,0.0440235537524851,0.0582635011522673,0.0804431975245703,0.0498290488878609,0.1095787550420963,0.0395843027213171,in_sample,0.1095787550420963,0.0395843027213171,0.1095787550420963,0.0395843027213171,False
5681.KL,2011-12-30,85.0,1.0,-0.0370785285353274,-0.0311989807935082,-0.0325842359834769,-0.0184276426250818,0.0303373174788703,0.0261824466442277,0.072742779398649,0.0250204183289617,in_sample,0.072742779398649,0.0250204183289617,-0.0370785285353274,-0.0311989807935082,True
5681.KL,2012-02-02,85.0,1.0,0.02399092537816,0.0072515145167935,-0.0141769744027293,-0.0294525802494041,-0.0032717591214213,-0.0371864980384708,0.0642448810896831,0.0347735750272892,in_sample,0.0642448810896831,0.0347735750272892,0.0642448810896831,0.0347735750272892,False
5681.KL,2012-03-05,85.0,1.0,0.0125866967781211,0.0279841692200881,0.0136893501814823,0.0235180682980037,0.0445744688495755,0.035412704674596,0.1317142512163653,0.1405550202834671,in_sample,0.1317142512163653,0.1405550202834671,0.1317142512163653,0.1405550202834671,False
5681.KL,2012-04-02,85.0,1.0,-0.0147834188582969,-0.0069893325299615,-0.0084476072544193,-0.0037149832336846,0.0221753406135716,0.0355125902723139,0.1607225543002834,0.1619010292868227,in_sample,0.1607225543002834,0.1619010292868227,-0.0147834188582969,-0.0069893325299615,True
5681.KL,2012-05-02,85.0,1.0,0.0175619669908204,0.0159757526300183,0.0175619669908204,0.0468530868518334,0.0599172942576258,0.0644799941206738,0.1118862293360276,0.0785822077711648,in_sample,0.1118862293360276,0.0785822077711648,0.1118862293360276,0.0785822077711648,False
5681.KL,2012-05-30,100.0,1.0,0.0212217687652895,0.0248658135821895,0.0566054937490647,0.0559325908281949,0.0713491893707172,0.0543859600318707,0.1289574604335286,0.0825815615021059,in_sample,0.1289574604335286,0.0825815615021059,0.1289574604335286,0.0825815615021059,False
5681.KL,2012-06-27,100.0,1.0,-0.0208317388299273,-0.0282354839329675,-0.0124382972913368,-0.0296429344832891,-0.0208317388299273,-0.0415572261407158,0.0244527920407073,0.0140338860898434,in_sample,0.0244527920407073,0.0140338860898434,-0.0208317388299273,-0.0282354839329675,True
5681.KL,2012-07-25,85.0,1.0,0.0095242578859426,0.0111266132131451,0.0504763100394258,0.049968644930868,0.0761906256445206,0.0681604834766398,0.0606455368538727,0.042414088299423,in_sample,0.0606455368538727,0.042414088299423,0.0606455368538727,0.042414088299423,False
5681.KL,2012-08-24,85.0,1.0,-0.0061943005602284,-0.0096404751072546,-0.0429854934435876,-0.0264950175825106,-0.027822830560938,-0.0098397851087019,-0.0215797160681717,-0.0010120582211424,in_sample,-0.0215797160681717,-0.0010120582211424,-0.0061943005602284,-0.0096404751072546,True
5681.KL,2012-09-25,85.0,1.0,0.0137611553288023,-0.0062873279857229,0.0146793084917489,-0.0129621991563684,0.0137611553288023,-0.0148565649055942,0.088772590281847,0.0638927445994572,in_sample,0.088772590281847,0.0638927445994572,0.0137611553288023,-0.0062873279857229,True
5681.KL,2012-10-23,85.0,1.0,-0.0009048443731791,-0.0058119990102123,-0.0135743565005103,-0.0019400272115762,-0.0072397413454133,0.0231405081490275,0.032055219813492,0.0538222867261909,in_sample,0.032055219813492,0.0538222867261909,-0.0009048443731791,-0.0058119990102123,True
5681.KL,2012-11-23,60.0,1.0,0.0537829425819307,0.0559448375906603,0.0774835118097618,0.0753463436169767,0.0818253386259431,0.0542409496705573,0.0790704289303343,0.0729625273061607,in_sample,0.0790704289303343,0.0729625273061607,0.0790704289303343,0.0729625273061607,False
5681.KL,2012-12-21,85.0,1.0,-0.0025465383340972,-0.02069162440513,-0.032257770372815,-0.0503787933924719,-0.0390486485975868,-0.0208493286768167,-0.0036152329424277,1.3798989241475825e-05,in_sample,-0.0036152329424277,1.3798989241475825e-05,-0.0025465383340972,-0.02069162440513,True
5681.KL,2013-01-22,60.0,1.0,0.0061837393112507,0.0068652721838379,-0.0088341668612247,-0.0058501276820412,0.0379853883448089,0.0407361038868688,0.0413233910727182,-0.0027189375676346,in_sample,0.0413233910727182,-0.0027189375676346,0.0413233910727182,-0.0027189375676346,False
5681.KL,2013-02-26,85.0,1.0,-0.0025527766765327,-0.0135736621398483,0.0049307425735671,-0.0149931478089222,-0.0010714230281436,-0.0187110327981876,0.11051895256643,0.0121924457194881,in_sample,0.11051895256643,0.0121924457194881,-0.0025527766765327,-0.0135736621398483,True
5681.KL,2013-03-26,85.0,1.0,-0.0008582684480148,-0.0203218822501888,-0.0025752003740143,-0.0252272967614323,0.0042918689467006,-0.0244830563984788,0.1016720894405789,0.0354160239787537,in_sample,0.1016720894405789,0.0354160239787537,-0.0008582684480148,-0.0203218822501888,True
5681.KL,2013-04-23,85.0,1.0,0.0245445937824855,0.0143939756202202,0.0670529763878884,0.023762916626639,0.1069591407684418,0.0578586464611772,0.1519864186943818,0.0983810554372304,in_sample,0.1519864186943818,0.0983810554372304,0.1519864186943818,0.0983810554372304,False
5681.KL,2013-05-22,85.0,1.0,-0.0188084963543176,-0.0137857588871254,0.0007841068413085,0.0087891460018955,-0.0090293100795513,0.0030455150227767,0.1037959654504996,0.1253556896652606,in_sample,0.1037959654504996,0.1253556896652606,-0.0188084963543176,-0.0137857588871254,True
5681.KL,2013-06-20,85.0,1.0,0.0015923633492878,0.0077035676232242,0.0270697586026167,0.0219629119245918,0.0501587582374698,0.0335898363446975,0.1226848279954748,0.11754390242523,in_sample,0.1226848279954748,0.11754390242523,0.1226848279954748,0.11754390242523,False
5681.KL,2013-07-18,85.0,1.0,0.0166795505834866,0.0072574865967696,0.0136470498789684,0.0213053173328273,0.0606522904007535,0.086395502448262,0.135449345947735,0.1321672507923907,in_sample,0.135449345947735,0.1321672507923907,0.135449345947735,0.1321672507923907,False
5681.KL,2013-08-20,85.0,1.0,-0.0493202739163914,-0.0240082844819893,-0.0300210922832461,-0.0178692420272643,0.007928814187887,-0.0069558438397734,0.08906961311928,0.0636029918746876,in_sample,0.08906961311928,0.0636029918746876,-0.0493202739163914,-0.0240082844819893,True
5681.KL,2013-09-18,85.0,1.0,0.0335475474816875,0.0264006388189335,0.0349751094891832,0.0355678885417138,0.062098681168627,0.0474097237492792,0.083374028804835,0.0444500420025417,in_sample,0.083374028804835,0.0444500420025417,0.083374028804835,0.0444500420025417,False
5681.KL,2013-10-17,85.0,1.0,0.038306369562999,0.0263392115032665,0.0282261047414122,0.022979734160206,0.0173277951000709,0.02152828727415,0.0382824126077336,0.0234778679264837,in_sample,0.0382824126077336,0.0234778679264837,0.0382824126077336,0.0234778679264837,False
5681.KL,2013-11-15,85.0,1.0,0.0059801408835391,0.0033821731949652,0.0365446485261933,0.0237783718422592,0.002657577643399,-0.0255455771144663,0.0033221691162126,-0.0131594748470231,in_sample,0.0033221691162126,-0.0131594748470231,0.0033221691162126,-0.0131594748470231,False
5681.KL,2013-12-13,85.0,1.0,0.0225315996440274,0.0237922002470859,0.0543405583927145,0.0368601637003571,0.0178925761473198,0.0267604254724823,0.0098200050628611,0.0289630924843355,in_sample,0.0098200050628611,0.0289630924843355,0.0098200050628611,0.0289630924843355,False
5681.KL,2014-01-15,85.0,1.0,-0.0013016815760358,0.0073165815285385,-0.005858966957388,0.0051057648062164,-0.0169268806947965,-0.0143720794553213,-0.0092401724633959,-0.0249361886599324,in_sample,-0.0092401724633959,-0.0249361886599324,-0.0092401724633959,-0.0249361886599324,False
5681.KL,2014-02-14,60.0,1.0,0.0158123362620274,0.0095629229224087,0.0211408266618768,0.0121871563769875,0.0091511094826584,0.0169834910423434,-0.1000900635571186,-0.125763764378205,in_sample,-0.1000900635571186,-0.125763764378205,-0.1000900635571186,-0.125763764378205,False
5681.KL,2014-03-14,60.0,1.0,-0.0092408587666418,-0.017749980261673,0.0118809929123151,-0.0133860173002671,-0.0013199697586403,-0.027656190725166,-0.2007686751051699,-0.240372685047863,in_sample,-0.2007686751051699,-0.240372685047863,-0.0092408587666418,-0.017749980261673,True
5681.KL,2014-04-11,60.0,1.0,0.0013217143816537,0.0013055715243508,0.0118969885199693,0.0074061773967368,-0.1070719222515449,-0.1143155188248051,-0.2229572063300023,-0.2445423808879895,in_sample,-0.2229572063300023,-0.2445423808879895,-0.2229572063300023,-0.2445423808879895,False
8869.KL,2015-02-04,60.0,0.611,0.1235967902593961,0.1258541519721259,0.1198508115908778,0.1171608938232435,0.2030027455074134,0.2008175554576245,0.0895107754582933,0.0759779116244208,in_sample,0.0895107754582933,0.0759779116244208,0.0895107754582933,0.0759779116244208,False
8869.KL,2015-03-06,85.0,0.667,0.0817598519619011,0.0957114399785058,0.0220124275015236,0.0238441983182495,0.04402523239453,0.0287730634535807,-0.1296036571750611,-0.0933051407506669,in_sample,-0.1296036571750611,-0.0933051407506669,-0.1296036571750611,-0.0933051407506669,False
8869.KL,2015-04-03,85.0,0.722,0.0150592672251492,0.009722700189483,0.0331327736458908,0.0269513388838924,-0.132531094583563,-0.1286608857494552,-0.208904693482262,-0.1391970841232276,in_sample,-0.208904693482262,-0.1391970841232276,-0.208904693482262,-0.1391970841232276,False
8869.KL,2015-05-07,60.0,0.722,0.0170639587332974,0.016637378742347,-0.072574508432858,-0.067001445079305,-0.0622317554083768,-0.0269871728491553,-0.1518721340055108,-0.1064674683105286,in_sample,-0.1518721340055108,-0.1064674683105286,-0.1518721340055108,-0.1064674683105286,False
8869.KL,2015-09-18,60.0,0.667,-0.0956526429718862,-0.059101743426737,-0.0608691509932315,-0.0477750265864365,-0.065218152691332,-0.0865306083897041,-0.0892680852129936,-0.0681114484032051,in_sample,-0.0892680852129936,-0.0681114484032051,-0.0956526429718862,-0.059101743426737,True
8869.KL,2015-10-20,60.0,0.611,0.0837215747227553,0.0884605400114383,0.0604647410331327,0.076575877043126,0.0651167094365767,0.0935795684261558,-0.0866194146523786,-0.0382976764819291,in_sample,-0.0866194146523786,-0.0382976764819291,-0.0866194146523786,-0.0382976764819291,False
8869.KL,2017-04-03,100.0,0.611,0.0265153237161943,0.0299355499773162,0.0378788751273162,0.0445016209397315,0.0757577502546325,0.0568633534644671,0.0211111131316033,0.0106956688651504,out_of_sample,0.0211111131316033,0.0106956688651504,0.0211111131316033,0.0106956688651504,False
8869.KL,2017-05-02,100.0,0.667,-0.0281690180525431,-0.0214722999152858,-0.0316902744356185,-0.0301046720158332,-0.0950707293966683,-0.08643410038151,-0.018921963639478,-0.0125175740034054,out_of_sample,-0.018921963639478,-0.0125175740034054,-0.0281690180525431,-0.0214722999152858,True
8869.KL,2017-06-01,60.0,0.722,0.0410959231075929,0.0283570916540227,0.0489236636262293,0.0329291576246286,0.0489236636262293,0.0486060098222107,0.3855187890056095,0.3820816474522754,out_of_sample,0.3855187890056095,0.3820816474522754,0.3855187890056095,0.3820816474522754,False
8869.KL,2017-06-30,85.0,0.722,0.0,0.0021205725227427,0.0074629375987134,0.0123788480180556,0.0335822298345751,0.0316488114374768,0.4014273293582182,0.3972485459500128,out_of_sample,0.4014273293582182,0.3972485459500128,0.4014273293582182,0.3972485459500128,False
8869.KL,2017-07-28,85.0,0.778,0.0252708389848856,0.0210548026834944,0.1732852607576045,0.1733531666363262,0.2779783673409219,0.2767955754228406,0.4501536424586545,0.4651104821591253,out_of_sample,0.4501536424586545,0.4651104821591253,0.4501536424586545,0.4651104821591253,False
8869.KL,2017-08-25,100.0,0.833,0.0184153761470007,0.0161600868671318,0.0666412154220161,0.0605762356844994,0.0609674154410859,0.0599104254001414,0.3049332496543147,0.3317876551583079,out_of_sample,0.3049332496543147,0.3317876551583079,0.3049332496543147,0.3317876551583079,False
8869.KL,2017-09-22,100.0,0.889,0.0080216059392612,0.0167509867927829,0.0187167040098994,0.0226917914767116,0.0695189140214249,0.0866783310747651,0.3355734566495403,0.3457200893495835,out_of_sample,0.3355734566495403,0.3457200893495835,0.3355734566495403,0.3457200893495835,False
8869.KL,2017-10-20,100.0,0.944,0.072500306771164,0.069352068818739,0.2649997897652163,0.2648389134874194,0.1499998448817137,0.1609095567525806,0.429305039053834,0.3803233318928409,out_of_sample,0.429305039053834,0.3803233318928409,0.429305039053834,0.3803233318928409,False
8869.KL,2017-11-17,100.0,1.0,0.0347830059901783,0.0373561351928019,0.1304346079188914,0.1326418083839562,0.0858792346723884,0.067635265778529,0.2276109324053823,0.1618197673190538,out_of_sample,0.2276109324053823,0.1618197673190538,0.2276109324053823,0.1618197673190538,False
8869.KL,2017-12-15,100.0,1.0,0.0080322902741722,0.0039422971963203,0.0823294159809582,0.0573788357732045,0.1445785820040712,0.103028563965821,0.0050232604360096,-0.0475702333018521,out_of_sample,0.0050232604360096,-0.0475702333018521,0.0050232604360096,-0.0475702333018521,False
8869.KL,2018-01-15,100.0,1.0,-0.0157896263269858,-0.0197547670507058,0.0175437932122459,-0.0068878515656984,-0.0122805536487631,-0.0172205667723026,-0.1694381863067102,-0.1955676012529041,out_of_sample,-0.1694381863067102,-0.1955676012529041,-0.0157896263269858,-0.0197547670507058,True
8869.KL,2018-02-14,85.0,1.0,0.0213140601690713,0.0103382234948643,0.0284192767925215,0.0142879852001338,-0.1110099624708932,-0.1166450360255505,-0.1163544446598333,-0.1290688018133964,out_of_sample,-0.1163544446598333,-0.1290688018133964,-0.1163544446598333,-0.1290688018133964,False
8869.KL,2018-03-15,60.0,1.0,-0.0020039527866156,-0.0191288045706189,-0.0901799791747114,-0.0961844966368777,-0.0541081978825274,-0.0694717898153433,-0.1151852622847166,-0.069939856815232,out_of_sample,-0.1151852622847166,-0.069939856815232,-0.0020039527866156,-0.0191288045706189,True
8869.KL,2018-04-12,60.0,1.0,0.1080512036938188,0.0965440364721104,-0.0021189192555425,0.0092761211697184,0.0508476121846197,0.0590456381405724,-0.1092161422191381,-0.0282552527102906,out_of_sample,-0.1092161422191381,-0.0282552527102906,-0.1092161422191381,-0.0282552527102906,False
8869.KL,2018-05-16,60.0,1.0,-0.0524192771767737,-0.0233544479915204,-0.1229837945859478,-0.0596772529662554,-0.1098337086242552,-0.0579141817756315,0.0115527096611292,0.0398103321088338,out_of_sample,0.0115527096611292,0.0398103321088338,-0.0524192771767737,-0.0233544479915204,True
8869.KL,2018-06-29,60.0,1.0,-0.0688071652685311,-0.0524666304482902,-0.0389905110340684,-0.0569804925362484,0.0321097585153098,-0.0137903388234057,0.118122494251043,0.0580278892176038,out_of_sample,0.118122494251043,0.0580278892176038,-0.0688071652685311,-0.0524666304482902,True
8869.KL,2018-07-27,60.0,1.0,0.0444449274885563,0.0382555071593513,0.1111116793983015,0.0904180174787063,0.0844448158976172,0.0604444764185865,0.047671765481412,0.0963281495674355,out_of_sample,0.047671765481412,0.0963281495674355,0.047671765481412,0.0963281495674355,False
8869.KL,2018-08-27,85.0,1.0,0.0154223541599785,0.0147820173332393,-0.0380206906937968,-0.0275327241139482,-0.0010217256036483,0.0091626149905866,-0.0215763965521584,0.0483231434066316,out_of_sample,-0.0215763965521584,0.0483231434066316,-0.0215763965521584,0.0483231434066316,False
8869.KL,2018-09-28,85.0,1.0,0.0452674702833746,0.0541903154341746,-0.0102880077787218,0.0245166841488712,-0.0329214746738202,0.0284732576806496,-0.0350737780053462,0.0321543106580751,out_of_sample,-0.0350737780053462,0.0321543106580751,-0.0350737780053462,0.0321543106580751,False
8869.KL,2018-10-26,60.0,1.0,0.0319147024030501,0.0136087980081824,0.0148936609296699,0.0071221283643874,0.0127660584833264,0.011631273007536,-0.0748686724741544,-0.0855456359083289,out_of_sample,-0.0748686724741544,-0.0855456359083289,-0.0748686724741544,-0.0855456359083289,False
8869.KL,2018-11-27,60.0,1.0,0.0210079467380774,0.0150612416302893,-0.0148026593275082,0.0043905407784955,-0.0148026593275082,-0.0074612850999156,-0.1139553563740315,-0.1308577231603461,out_of_sample,-0.1139553563740315,-0.1308577231603461,-0.1139553563740315,-0.1308577231603461,False
8869.KL,2018-12-26,60.0,1.0,-0.0321201062660189,-0.0340512198113353,-0.0042828216872794,-0.0080374727625762,-0.0728051331144125,-0.0898026544141351,-0.0310096750737776,-0.0131512537218798,out_of_sample,-0.0310096750737776,-0.0131512537218798,-0.0321201062660189,-0.0340512198113353,True
8869.KL,2019-02-21,60.0,0.889,-0.0116824524857219,0.0015782730845402,0.0397192828684582,0.0649868662356416,0.0947951143736309,0.1335197875953192,0.0080553722440639,0.0804662537878032,out_of_sample,0.0080553722440639,0.0804662537878032,0.0080553722440639,0.0804662537878032,False
8869.KL,2019-03-21,85.0,0.889,-0.0256960349464302,-0.0122737745890066,-0.0235546617590114,-0.0123804509775452,-0.0364029008835242,-0.0099972333742975,-0.065874654861223,-0.0593228208385724,out_of_sample,-0.065874654861223,-0.0593228208385724,-0.0256960349464302,-0.0122737745890066,True
8869.KL,2019-04-18,60.0,0.833,0.0444448303750601,0.0345974648051696,0.0222221276564422,0.0113745983946265,-0.0444441978066668,-0.035572351702399,-0.0216709880672297,-0.052052571127919,out_of_sample,-0.0216709880672297,-0.052052571127919,-0.0216709880672297,-0.052052571127919,False
8869.KL,2019-05-23,60.0,0.833,0.0346416936241908,0.0130232071125691,-0.0023098765420292,-0.0286665539452015,0.0306347600501444,-0.0152866061143854,0.1116959478131653,0.115079520738455,out_of_sample,0.1116959478131653,0.115079520738455,0.1116959478131653,0.115079520738455,False
8869.KL,2019-06-20,60.0,0.778,-0.0089887603962912,-0.0073592668026819,-0.0224716690406754,-0.0296638085938145,-0.0112360084828773,0.0045808260912099,0.1107339989835949,0.1579756156889606,out_of_sample,0.1107339989835949,0.1579756156889606,-0.0089887603962912,-0.0073592668026819,True
8869.KL,2019-07-18,60.0,0.722,0.0568182204715339,0.0521789076477221,0.1022727499315889,0.1157178587131401,0.0909091762130405,0.1227359371001717,0.1051268388159372,0.1502652323720688,out_of_sample,0.1051268388159372,0.1502652323720688,0.1051268388159372,0.1502652323720688,False
8869.KL,2019-08-19,85.0,0.722,-0.0104167159459843,-0.0129724353545414,0.0083334372678944,0.0114214962684325,0.0297429533442772,0.0298493906772329,-0.00367681053647,-0.0026119784253054,out_of_sample,-0.00367681053647,-0.0026119784253054,-0.0104167159459843,-0.0129724353545414,True
8869.KL,2019-09-19,85.0,0.722,-0.0081140356601587,-0.0060592399872969,-0.0486816036369123,-0.0285347411883146,-0.0162274448425479,-0.0025832039216935,-0.0481838670488876,-0.0324472828304831,out_of_sample,-0.0481838670488876,-0.0324472828304831,-0.0081140356601587,-0.0060592399872969,True
8869.KL,2019-10-17,85.0,0.611,-0.0082474530985606,-0.0060943793301024,-0.0268042491041387,-0.0387699307937623,-0.0164946939265898,-0.0293559197125535,0.023334474995009,0.0194602447086085,out_of_sample,0.023334474995009,0.0194602447086085,-0.0082474530985606,-0.0060943793301024,True
8869.KL,2021-09-01,85.0,0.611,0.0815213321476875,0.0747533834333877,0.0416447025977675,0.0615767738760784,0.0416447025977675,0.0725794021466761,-0.0509055820105673,-0.0028114685843869,out_of_sample,-0.0509055820105673,-0.0028114685843869,-0.0509055820105673,-0.0028114685843869,False
8869.KL,2021-09-30,85.0,0.611,0.0278746995528011,0.0125996381088406,0.0801394189815949,0.0445561383432413,-0.0313589376390182,-0.0472972969753329,-0.0016628535319077,-0.0030219156686953,out_of_sample,-0.0016628535319077,-0.0030219156686953,-0.0016628535319077,-0.0030219156686953,False
8869.KL,2021-10-29,60.0,0.667,-0.0287770282696263,-0.0115589195682873,-0.0449641066712911,-0.0193801372450077,-0.0593524384514184,-0.0262347407062862,0.0937225584690668,0.1235182117531692,out_of_sample,0.0937225584690668,0.1235182117531692,-0.0287770282696263,-0.0115589195682873,True
8869.KL,2021-11-29,60.0,0.722,0.0325046398158477,0.0408458461379324,0.0152371678449687,0.034865456105694,0.0956893016271416,0.0762793640526493,0.2929901583658543,0.2392686973945039,out_of_sample,0.2929901583658543,0.2392686973945039,0.2929901583658543,0.2392686973945039,False
8869.KL,2021-12-28,85.0,0.778,-0.0034963225449109,-0.0048016169143167,0.0524478459912469,0.0366025426371414,0.0611891831448625,0.0768591366176899,0.0943385176607989,0.0531602298762883,out_of_sample,0.0943385176607989,0.0531602298762883,-0.0034963225449109,-0.0048016169143167,True
8869.KL,2022-01-26,85.0,0.833,0.0230640490741902,0.0184459037511173,0.1021416938545221,0.0604926171695039,0.1120261076772457,0.0619126593423438,0.0180381861543346,-0.0309273296429857,out_of_sample,0.0180381861543346,-0.0309273296429857,0.0180381861543346,-0.0309273296429857,False
8869.KL,2022-02-25,85.0,0.889,0.0696297657902358,0.0619525543912189,-0.0355555852088034,-0.0207916817380069,-0.0726495492627199,-0.0799247473742852,-0.1868991234741498,-0.1586529735451272,out_of_sample,-0.1868991234741498,-0.1586529735451272,-0.1868991234741498,-0.1586529735451272,False
8869.KL,2022-03-25,60.0,0.944,-0.0191999882298427,-0.018644874014579,0.0160001383963548,0.0135115273361285,-0.0127998843679053,-0.0044919769558705,-0.2473190556582929,-0.1442940143806668,out_of_sample,-0.2473190556582929,-0.1442940143806668,-0.0191999882298427,-0.018644874014579,True
8869.KL,2022-04-25,60.0,1.0,-0.0534847481110684,-0.0490821769554641,-0.222042052320968,-0.1898530107799945,-0.1118315450547129,-0.0846488312884785,-0.2684476573318058,-0.1890189597294198,out_of_sample,-0.2684476573318058,-0.1890189597294198,-0.0534847481110684,-0.0490821769554641,True
8869.KL,2022-05-30,60.0,1.0,-0.0581817510386891,-0.0471060905780399,-0.091793409344032,-0.0517809730484025,-0.1136777184591059,-0.0564652207731113,-0.1519756498260676,-0.1028771230366096,out_of_sample,-0.1519756498260676,-0.1028771230366096,-0.0581817510386891,-0.0471060905780399,True
8869.KL,2022-07-28,60.0,0.889,0.0248446103787751,0.0137729832957333,0.0124224094777241,0.002792508799019,0.0124224094777241,0.0095455055057727,-0.1023907058234606,-0.0781015615845132,out_of_sample,-0.1023907058234606,-0.0781015615845132,-0.1023907058234606,-0.0781015615845132,False
8869.KL,2022-08-25,60.0,0.833,-0.0572595601362846,-0.0543776040205088,0.0224946322156063,0.021799181848642,-0.1811305845662447,-0.1259981853457369,0.0015245290544334,-0.0027483277952711,out_of_sample,0.0015245290544334,-0.0027483277952711,-0.0572595601362846,-0.0543776040205088,True
8869.KL,2022-10-06,60.0,0.722,-0.0500003593270522,-0.0232760001031396,0.0,-0.018297268609936,0.0,-0.0152699820378934,0.1200005201686851,0.0776753138270414,out_of_sample,0.1200005201686851,0.0776753138270414,-0.0500003593270522,-0.0232760001031396,True
8869.KL,2022-11-07,60.0,0.667,0.0727271109523228,0.057554999784809,0.0727271109523228,0.0733026220453647,0.0909090597985236,0.0737398853543311,0.1998378579453541,0.1842219455334193,out_of_sample,0.1998378579453541,0.1842219455334193,0.1998378579453541,0.1842219455334193,False
8869.KL,2022-12-07,60.0,0.611,0.0162124473156894,0.005107217843425,-0.0590626843303865,-0.0561108709303304,0.0266671727664764,0.0173480437990019,0.066395589570203,0.078223397930931,out_of_sample,0.066395589570203,0.078223397930931,0.066395589570203,0.078223397930931,False
1066.KL,2011-07-01,85.0,0.611,-0.0109288468234994,-0.0183833613754805,-0.0131145324815342,-0.009519992185081,-0.0043713713160696,0.0171897011666801,-0.2349726132718591,-0.1112724453744693,in_sample,-0.2349726132718591,-0.1112724453744693,-0.0109288468234994,-0.0183833613754805,True
1066.KL,2011-07-29,85.0,0.611,-0.0120745241979165,0.0036665957331797,-0.0230515650094174,0.0190065390731333,-0.1108673660377707,-0.0437190417981752,-0.1447127952291262,-0.1079619724736276,in_sample,-0.1447127952291262,-0.1079619724736276,-0.1447127952291262,-0.1079619724736276,False
1066.KL,2011-10-27,60.0,0.611,-0.0458112192626439,-0.0399917320802628,-0.0484291801336645,-0.0469470881025462,-0.0314133013464913,-0.0046411208587362,-0.0589004044217037,-0.0928720882397468,in_sample,-0.0589004044217037,-0.0928720882397468,-0.0458112192626439,-0.0399917320802628,True
1066.KL,2011-11-25,60.0,0.611,-0.0067566556817418,-0.0475515286179389,-0.0675675796620137,-0.0924007503827398,-0.0472972929778522,-0.0957482607999978,0.0743244910549043,-0.0221443510222461,in_sample,0.0743244910549043,-0.0221443510222461,-0.0067566556817418,-0.0475515286179389,True
1066.KL,2011-12-28,60.0,0.611,0.0280507471587188,0.0211895013323619,0.0238432478776065,0.0095822739786972,0.0,-0.0062761789819221,0.0883593426654028,0.0342875282058519,in_sample,0.0883593426654028,0.0342875282058519,0.0883593426654028,0.0342875282058519,False
1066.KL,2012-01-30,60.0,0.611,0.0098181396928243,-0.0243861454585128,0.0238432478776065,-0.0005629099728399,0.0939692532420268,0.054393487386033,0.0168304615649601,-0.019012423209153,in_sample,0.0168304615649601,-0.019012423209153,0.0098181396928243,-0.0243861454585128,True
7103.KL,2014-04-01,85.0,0.611,0.1573033088929472,0.1548408414707291,0.1179778632845811,0.1146657474877013,0.0786522185728042,0.0723851947204174,0.0898871594692884,0.0670433049024532,in_sample,0.0898871594692884,0.0670433049024532,0.0898871594692884,0.0670433049024532,False
7103.KL,2014-04-29,85.0,0.611,-0.0208342113956481,-0.0214204881985264,0.0312503634024323,0.0202303290832457,-0.0624997423495982,-0.0717933785939261,0.1718752451524345,0.1621943904777174,in_sample,0.1718752451524345,0.1621943904777174,-0.0208342113956481,-0.0214204881985264,True
7103.KL,2014-05-29,60.0,0.667,0.0277766602390505,0.0318371493828378,0.0333333836499221,0.0347987842143172,0.0777764731926013,0.0706626325532215,0.2777766438314673,0.285663189251762,in_sample,0.2777766438314673,0.285663189251762,0.2777766438314673,0.285663189251762,False
7103.KL,2014-06-26,85.0,0.722,-0.005153841272942,-0.0044765663338069,0.0154639595867134,0.0140618079889942,0.1597951421775985,0.1664777906210093,0.1082477171069946,0.1330417540906241,in_sample,0.1082477171069946,0.1330417540906241,-0.005153841272942,-0.0044765663338069,True
7103.KL,2014-07-25,100.0,0.778,0.0088880278188623,0.0092342753956982,-0.0222225372478417,-0.0078671452237343,0.0222213821539036,0.0304884088053436,-0.0844451375008072,-0.0555798587591536,in_sample,-0.0844451375008072,-0.0555798587591536,-0.0844451375008072,-0.0555798587591536,False
7103.KL,2014-08-26,85.0,0.833,-0.0043475625728711,-0.0059857708401122,-0.0086946115165927,-0.0135447203119537,-0.065217444900433,-0.0551681589988654,-0.1043477680245309,-0.0892819036729748,in_sample,-0.1043477680245309,-0.0892819036729748,-0.0043475625728711,-0.0059857708401122,True
7103.KL,2014-09-25,60.0,0.889,-0.0093014326388733,-0.0063553623100377,-0.0372084778743576,-0.0186366179523786,-0.0418603480677172,-0.0310308473346436,-0.0702302615854162,-0.0164841816928793,in_sample,-0.0702302615854162,-0.0164841816928793,-0.0093014326388733,-0.0063553623100377,True
7103.KL,2014-10-27,60.0,0.944,0.0242720924212462,0.0077128729374011,-0.0291263962116152,-0.0317482480794621,0.0,-0.0058250802045765,0.039704727486767,0.0688082339910125,in_sample,0.039704727486767,0.0688082339910125,0.039704727486767,0.0688082339910125,False
7103.KL,2014-11-24,60.0,0.944,-0.0048543037903689,0.0254112144637613,0.0050468748154144,0.0557239241297512,-0.0296093721416134,0.0193171397696563,0.039704727486767,0.0479336578649448,in_sample,0.039704727486767,0.0479336578649448,0.039704727486767,0.0479336578649448,False
7103.KL,2014-12-22,60.0,0.944,0.0306120024806455,0.0175505039061814,0.0612244777353554,0.08121816721727,0.0714290695298178,0.0564983529430522,0.0459180628177262,0.0057873393437049,in_sample,0.0459180628177262,0.0057873393437049,0.0459180628177262,0.0057873393437049,False
7103.KL,2015-01-21,85.0,0.944,0.0095227368524863,-0.0050471661244779,-0.0095242812470456,-0.0317547759370154,0.0,-0.0274506317921003,-0.0380959115353146,-0.0904718273350789,in_sample,-0.0380959115353146,-0.0904718273350789,0.0095227368524863,-0.0050471661244779,True
7103.KL,2015-02-24,85.0,0.944,0.0,-0.0014130832324348,0.0,0.0159181782321283,-0.0238102618620257,-0.0212589529393981,-0.0476200824684631,-0.0346216363700407,in_sample,-0.0476200824684631,-0.0346216363700407,0.0,-0.0014130832324348,True
7103.KL,2015-03-24,60.0,0.944,-0.0146340912172852,-0.0238621070680412,0.0097567011707273,-0.0136551143287109,-0.0146340912172852,-0.041513326909803,-0.1219505153008181,-0.069074039655394,in_sample,-0.1219505153008181,-0.069074039655394,-0.0146340912172852,-0.0238621070680412,True
7103.KL,2015-04-21,60.0,0.944,0.0148514283748293,0.0190064584540072,-0.0099013727536497,0.021073542282715,-0.0099013727536497,0.0264739804723995,-0.0742573138984139,-0.0012113267861761,in_sample,-0.0742573138984139,-0.0012113267861761,-0.0742573138984139,-0.0012113267861761,False
7103.KL,2015-05-21,60.0,0.833,-0.0399991868753809,-0.0180052593809451,0.0,0.0298378071955002,-0.0999989806984833,-0.057147544367578,-0.0999989806984833,0.0104275771831795,in_sample,-0.0999989806984833,0.0104275771831795,-0.0399991868753809,-0.0180052593809451,True
7103.KL,2015-06-30,60.0,0.778,-0.0155441574390055,-0.0188606355076704,-0.0207249831086778,-0.0291977487847355,-0.0569956240402794,-0.0525131178594793,-0.0414513465705604,0.0160944510754246,in_sample,-0.0414513465705604,0.0160944510754246,-0.0155441574390055,-0.0188606355076704,True
7103.KL,2015-07-31,60.0,0.778,-0.0053185560887899,0.0181792385710571,-0.0425520221806535,0.0307560475557151,-0.0478724266161681,0.016196670192884,0.0425539321389358,0.0751456157527282,in_sample,0.0425539321389358,0.0751456157527282,0.0425539321389358,0.0751456157527282,False
7103.KL,2015-09-08,60.0,0.667,0.0157065697400393,-0.0221166758126338,-0.0052350785252681,-0.0216484870314104,-0.0366488850874642,-0.1028568317946876,0.1467209517879135,0.0932404303755769,in_sample,0.1467209517879135,0.0932404303755769,0.0157065697400393,-0.0221166758126338,True
7103.KL,2015-10-08,60.0,0.611,0.0380431231356301,0.023494017930812,0.0652176458449818,0.0541491533030149,0.0760877570930882,0.0799289107318758,0.1792204839237856,0.2011268468588459,in_sample,0.1792204839237856,0.2011268468588459,0.1792204839237856,0.2011268468588459,False
7103.KL,2015-11-26,85.0,0.611,-0.0185859437658393,-0.0131376777425012,-0.0045655903364051,0.0158967391323968,-0.0139129862648307,-0.006569359006297,0.1122689252345841,0.1270809270567651,in_sample,0.1122689252345841,0.1270809270567651,-0.0185859437658393,-0.0131376777425012,True
7103.KL,2015-12-30,85.0,0.611,-0.0093462876522175,0.0131031314370344,0.1214958164085124,0.1567557906136485,0.0934583284503258,0.1084245838108277,0.1121496345254076,0.1066745884860669,in_sample,0.1121496345254076,0.1066745884860669,0.1121496345254076,0.1066745884860669,False
7103.KL,2016-01-29,85.0,0.611,0.0,0.0032018753653216,0.017093752536113,0.0277905311476499,0.0299142120316733,0.0377389202976878,0.0897437001138403,0.0617367690849555,in_sample,0.0897437001138403,0.0617367690849555,0.0897437001138403,0.0617367690849555,False
7103.KL,2016-02-29,85.0,0.611,-0.0663896919263359,-0.0924843006049506,-0.0207472776740959,-0.0482801730321559,-0.0124480848460861,-0.0412500393284476,0.066389691926336,0.0838606296387926,in_sample,0.066389691926336,0.0838606296387926,-0.0663896919263359,-0.0924843006049506,True
7103.KL,2016-03-28,85.0,0.611,0.0210087969611829,0.0075984224942067,0.0378148834970173,0.0302550155105782,0.0714289586349099,0.0643214020868379,-0.0168064669490791,0.0212102807638906,in_sample,-0.0168064669490791,0.0212102807638906,-0.0168064669490791,0.0212102807638906,False
7103.KL,2016-04-25,85.0,0.611,0.0156858526242087,0.0524719127814176,0.0078423937337541,0.0537272491718783,0.0078423937337541,0.0595598193773838,-0.0627458070994114,-0.0365575526370182,in_sample,-0.0627458070994114,-0.0365575526370182,-0.0627458070994114,-0.0365575526370182,False
7103.KL,2016-05-24,85.0,0.611,0.0,-9.843169257228725e-05,-0.011673198700052,-0.0330652360641519,-0.0894935839285556,-0.0967821091432489,-0.0233463974001039,-0.0654661520551683,in_sample,-0.0233463974001039,-0.0654661520551683,0.0,-9.843169257228725e-05,True
7103.KL,2016-06-23,60.0,0.611,-0.0124999469502025,-0.0210975979909837,0.0208324904309953,0.0142897395459002,0.0,-0.0107074835076528,0.0,-0.0096342937208349,in_sample,0.0,-0.0096342937208349,-0.0124999469502025,-0.0210975979909837,True
7103.KL,2016-07-21,60.0,0.611,0.0,-0.0005791479631724,0.0125000412609534,0.0138574745337404,0.058332519903105,0.0358112201607463,0.0416663012125062,0.0351928645437795,in_sample,0.0416663012125062,0.0351928645437795,0.0,-0.0005791479631724,True
7103.KL,2016-08-18,85.0,0.611,-0.0078731863694453,0.0007233114923597,-0.0078731863694453,0.005744351330307,-0.0551173840037021,-0.0320536883025992,-0.0855158268859632,-0.0458431732735392,out_of_sample,-0.0855158268859632,-0.0458431732735392,-0.0855158268859632,-0.0458431732735392,False
7103.KL,2016-09-21,60.0,0.611,-0.0040979736292205,-0.0078538474255025,-0.0122951268288329,-0.0171180938543273,0.016393007693348,0.0112987046170875,0.0274484269981656,0.0400725078629321,out_of_sample,0.0274484269981656,0.0400725078629321,-0.0040979736292205,-0.0078538474255025,True
7103.KL,2016-10-20,85.0,0.667,-0.0120968235080012,-0.0132064670535916,-0.0201604902507859,-0.0087039606373614,-0.0757694074791647,-0.051530853227187,-0.0427607711023358,-0.0377582593028089,out_of_sample,-0.0427607711023358,-0.0377582593028089,-0.0120968235080012,-0.0132064670535916,True
7103.KL,2016-12-01,60.0,0.667,0.0560339361653643,0.0453910232897845,0.0560339361653643,0.0490554444502404,0.051724220125509,0.0423232956442276,-0.012930864340196,-0.0677930822846918,out_of_sample,-0.012930864340196,-0.0677930822846918,-0.012930864340196,-0.0677930822846918,False
7103.KL,2017-01-02,85.0,0.667,-0.0204921666475985,-0.036432695392673,-0.049180402177423,-0.0596023263398101,-0.0409832454177241,-0.0591409564593647,-0.0573773776242098,-0.1228692799530876,out_of_sample,-0.0573773776242098,-0.1228692799530876,-0.0204921666475985,-0.036432695392673,True
7103.KL,2017-01-31,60.0,0.667,-0.0085474593853883,-0.0186937679039759,-0.0042744859377182,-0.0258413798890181,-0.0213677976878186,-0.0477686040409606,0.0,-0.0576594054766814,out_of_sample,0.0,-0.0576594054766814,-0.0085474593853883,-0.0186937679039759,True
7103.KL,2017-03-20,60.0,0.667,0.0087339910076182,0.0112834693578461,0.0043663676386309,0.0066071481696232,0.0043663676386309,0.0132150538621603,0.1029022729781992,0.0789513274620385,out_of_sample,0.1029022729781992,0.0789513274620385,0.1029022729781992,0.0789513274620385,False
7103.KL,2017-04-17,60.0,0.667,0.0043486356271129,-0.0084085082206717,0.0391304113661579,0.0134431485513379,0.1217399659002953,0.0976790352913377,0.0672361235283345,0.0550845686002861,out_of_sample,0.0672361235283345,0.0550845686002861,0.0043486356271129,-0.0084085082206717,True
7103.KL,2017-05-17,85.0,0.667,-0.027132527661997,-0.0245193918612253,-0.05426394074196,-0.0472017162663694,-0.0210676581302543,-0.0298869828645048,-0.1075605100155913,-0.1026664918492411,out_of_sample,-0.1075605100155913,-0.1026664918492411,-0.027132527661997,-0.0245193918612253,True
7103.KL,2024-12-02,85.0,0.611,-0.0034364249387344,-0.0134334624681564,0.0206185496324067,0.0134921705763391,0.0549827990197511,0.0256186100863538,0.0515463740810167,0.0666452572479712,out_of_sample,0.0515463740810167,0.0666452572479712,-0.0034364249387344,-0.0134334624681564,True
7103.KL,2024-12-31,85.0,0.611,0.0130293117268924,0.0297738154111961,-0.0390879351806771,0.0097511915988073,0.0097719837951693,0.0617773142675868,-0.0097719837951693,0.0653773011703728,out_of_sample,-0.0097719837951693,0.0653773011703728,-0.0097719837951693,0.0653773011703728,False
7103.KL,2025-01-31,85.0,0.667,0.0129032216539841,-0.0089283363419181,0.0258065237620253,0.0092096754390806,-0.0129032216539841,-0.0221971932740407,0.0129032216539841,0.0221715548397853,out_of_sample,0.0129032216539841,0.0221715548397853,0.0129032216539841,-0.0089283363419181,True
7103.KL,2025-03-03,85.0,0.778,0.0392157549950387,0.0614445164007501,0.0130718911630984,0.0408052709405164,-0.0065359455815492,0.0268612250632516,0.0457516190708442,0.0891145105320594,out_of_sample,0.0457516190708442,0.0891145105320594,0.0457516190708442,0.0891145105320594,False
7103.KL,2025-04-03,60.0,0.833,-0.0263157808376878,0.010407940805905,-0.0065790272513873,0.0168851765832297,0.0328947260471097,0.017370464883464,0.0664730257503476,0.0458661918671832,out_of_sample,0.0664730257503476,0.0458661918671832,0.0664730257503476,0.0458661918671832,False
7103.KL,2025-05-02,85.0,0.889,0.0063694247279193,0.0037697256757291,0.0254776989116773,0.016628354993414,0.019108274183758,0.0445476549789699,0.0455786787975123,0.0572416330781048,out_of_sample,0.0455786787975123,0.0572416330781048,0.0455786787975123,0.0572416330781048,False
7103.KL,2025-06-03,85.0,0.944,0.0195617378844812,0.0104481831385141,-0.0253246896980017,-0.0309059400877822,0.0131493910869837,-0.0180895651328731,0.1221591307647054,0.0658411303125601,out_of_sample,0.1221591307647054,0.0658411303125601,0.1221591307647054,0.0658411303125601,False
7103.KL,2025-07-02,85.0,0.944,0.0,0.0135271809829187,0.0253164138238324,0.0502871996611843,0.0126582453760701,0.0292430703903229,0.2848100593917309,0.2450283230467926,out_of_sample,0.2848100593917309,0.2450283230467926,0.2848100593917309,0.2450283230467926,False
7103.KL,2025-07-30,85.0,0.944,0.0124999411258053,0.001361875879003,0.006250008546254,-0.0344846425432425,0.0937499762604052,0.0521559886056413,0.7562498945961997,0.6991557397503487,out_of_sample,0.7562498945961997,0.6991557397503487,0.7562498945961997,0.6991557397503487,False
7103.KL,2025-08-27,85.0,1.0,0.0685714543691013,0.0747179044547745,0.1257143214341403,0.1180186897924913,0.1599999444357818,0.1449046492445098,0.6000000000000001,0.5769571543521264,out_of_sample,0.6000000000000001,0.5769571543521264,0.6000000000000001,0.5769571543521264,False
7103.KL,2025-09-30,100.0,1.0,0.0344828081726107,0.0232226496253979,0.0394088637506029,0.0396694563158311,0.3842364664748063,0.384447379085722,0.325123200786521,0.2839104222237847,out_of_sample,0.325123200786521,0.2839104222237847,0.325123200786521,0.2839104222237847,False
7103.KL,2025-10-29,100.0,1.0,-0.0071174478819725,-0.0133289037086911,-0.010676128567894,-0.0231300209953748,-0.0035586806859214,-0.0116006533476987,0.0604982637417015,-0.0067975828045405,out_of_sample,0.0604982637417015,-0.0067975828045405,-0.0071174478819725,-0.0133289037086911,True
7103.KL,2025-11-26,100.0,1.0,0.0428572023902338,0.0438790763081701,-0.0178571242530519,-0.0095468749455727,-0.0392857254481688,-0.0724097996825487,0.0464285925132077,-0.0294778763041205,out_of_sample,0.0464285925132077,-0.0294778763041205,0.0464285925132077,-0.0294778763041205,False
7103.KL,2025-12-24,85.0,1.0,-0.0111523867936813,-0.0060579474293072,0.0037175225107703,-0.001186208135786,0.1078067069033028,0.0829722423613048,-0.0706319336421734,-0.0900442918580242,out_of_sample,-0.0706319336421734,-0.0900442918580242,-0.0111523867936813,-0.0060579474293072,True
7103.KL,2026-01-23,85.0,1.0,-0.0201341745345738,-0.0322796025702282,-0.0436241807832177,-0.0618278091598477,-0.0167785059704731,-0.0329530584488769,-0.1107382046651102,-0.1117323737865636,out_of_sample,-0.1107382046651102,-0.1117323737865636,-0.0201341745345738,-0.0322796025702282,True
7103.KL,2026-02-25,85.0,1.0,-0.0273037916438576,0.0010689068921171,-0.0614334482316321,-0.039102629671017,-0.1467576726681156,-0.1256340707276293,-0.1194539639913057,-0.099348796112417,out_of_sample,-0.1194539639913057,-0.099348796112417,-0.1194539639913057,-0.099348796112417,False
7103.KL,2026-04-08,60.0,1.0,0.0354331695865957,0.0430320248684675,0.0433071966384959,0.0350068532057865,0.0236220811557008,-0.0132461297443944,0.1641192896004997,0.1716533068823813,out_of_sample,0.1641192896004997,0.1716533068823813,0.1641192896004997,0.1716533068823813,False
5263.KL,2025-01-02,85.0,0.611,0.0583154296721755,0.0779495319701583,-0.2267818196675597,-0.1794235141772701,-0.2440603492576823,-0.195532303258106,-0.0570219257516195,0.0218147121030133,out_of_sample,-0.0570219257516195,0.0218147121030133,-0.0570219257516195,0.0218147121030133,False
5263.KL,2025-03-27,85.0,0.611,-0.1358575324080815,-0.0759967933395082,-0.046770606378266,-0.0110416723761834,-0.0044545250258137,0.0047528322754493,0.3299105639657926,0.3348397809410007,out_of_sample,0.3299105639657926,0.3348397809410007,-0.1358575324080815,-0.0759967933395082,True
5263.KL,2025-04-29,85.0,0.611,0.0602678740689397,0.0376096061727959,0.1093749953353315,0.0714616440222759,0.301339250929187,0.2990827109421321,0.1887843996531457,0.1796656938580842,out_of_sample,0.1887843996531457,0.1796656938580842,0.1887843996531457,0.1796656938580842,False
5263.KL,2025-05-29,85.0,0.611,-0.001715336066113,-0.0002736176534884,0.0553789362090073,0.055951685770143,0.0380776527030375,0.0288741209590339,0.0519187162132339,-0.0030326141376548,out_of_sample,0.0519187162132339,-0.0030326141376548,-0.001715336066113,-0.0002736176534884,True
5263.KL,2025-06-30,85.0,0.667,-0.0199999522653072,-0.0229876872627686,-0.0083333281768078,-0.0113014740802026,-0.1199998903870019,-0.1176645677785118,0.0094728613686403,-0.0401631955601338,out_of_sample,0.0094728613686403,-0.0401631955601338,-0.0199999522653072,-0.0229876872627686,True
5263.KL,2025-07-28,60.0,0.722,0.0113635073744164,0.0129327866944023,0.0378785588182852,0.0157388778734197,0.151515038887396,0.1037375433952527,0.124147352718853,0.0659538365777683,out_of_sample,0.124147352718853,0.0659538365777683,0.124147352718853,0.0659538365777683,False
5263.KL,2025-08-25,85.0,0.778,0.0444079184106651,0.0604770630233683,0.0643769309890878,0.0716782205946189,-0.0038097029309291,-0.0079284572492299,0.019473520898452,0.009282826260496,out_of_sample,0.019473520898452,0.009282826260496,0.019473520898452,0.009282826260496,False
5263.KL,2025-09-26,85.0,0.778,-0.0116861326083398,-0.0278509559365937,0.0333890003484333,0.0251854325467428,-0.0200332951273891,-0.0258317201431197,-0.0175746467351256,-0.0562558489014004,out_of_sample,-0.0175746467351256,-0.0562558489014004,-0.0116861326083398,-0.0278509559365937,True
5263.KL,2025-10-27,60.0,0.778,0.0051107527847364,0.0026144051714993,-0.0357751801349577,-0.0413362967904071,0.0442928929403896,0.0440457171146531,0.0204109315458118,-0.0336122604407131,out_of_sample,0.0204109315458118,-0.0336122604407131,0.0204109315458118,-0.0336122604407131,False
5263.KL,2025-11-24,85.0,0.778,-0.037520259326221,-0.0410969756727294,-0.0244697492246028,-0.0207632542769192,-0.0400117467939543,-0.072449761110472,0.081701056929081,-0.0042895956936457,out_of_sample,0.081701056929081,-0.0042895956936457,-0.037520259326221,-0.0410969756727294,True
5263.KL,2025-12-22,60.0,0.778,0.0107143315549205,0.0027923132786662,0.0767858645411281,0.0734711095538398,0.0178572192582007,-0.0027974957968914,0.1673504179341602,0.1449306285335463,out_of_sample,0.1673504179341602,0.1449306285335463,0.1673504179341602,0.1449306285335463,False
5263.KL,2026-01-21,60.0,0.778,0.0456140516800807,0.0159038671344431,0.0298245116264244,0.01504563234236,0.1070174682722246,0.0764338041578225,0.25,0.2444191339399266,out_of_sample,0.25,0.2444191339399266,0.25,0.2444191339399266,False
5263.KL,2026-02-23,85.0,0.778,0.1014263451832866,0.134287936426121,0.0412044552027466,0.0888784545966933,0.0360003638837469,0.0639983907384105,0.2207136076700364,0.2436319796140429,out_of_sample,0.2207136076700364,0.2436319796140429,0.2207136076700364,0.2436319796140429,False
5263.KL,2026-03-24,85.0,0.778,-0.0124030895289158,-0.0016350329797775,-0.0279069323509839,-0.0092384100121226,0.0899225327081787,0.0860776707898782,0.200980873126741,0.1990671933164916,out_of_sample,0.200980873126741,0.1990671933164916,-0.0124030895289158,-0.0016350329797775,True
5263.KL,2026-04-21,85.0,0.778,0.0028449299836452,-0.0054741805646667,0.0099572899710771,-0.0142596479514922,0.0810810299586701,0.0797052099053723,0.0872036998311285,0.0778060938135294,out_of_sample,0.0872036998311285,0.0778060938135294,0.0028449299836452,-0.0054741805646667,True
4863.KL,2011-11-01,85.0,0.611,0.002364142878068,-0.0071232658808597,0.0047281009275161,0.003914927551921,0.0307329332717853,0.0242137314192392,0.1371160358696903,0.0954731212279949,in_sample,0.1371160358696903,0.0954731212279949,0.002364142878068,-0.0071232658808597,True
4863.KL,2011-12-01,85.0,0.667,0.0321098758216222,0.0404181624106214,0.0619264580610505,0.0761664054608327,0.1376145604507186,0.1070004118140093,0.1857799121361387,0.1157854598153595,in_sample,0.1857799121361387,0.1157854598153595,0.1857799121361387,0.1157854598153595,False
4863.KL,2011-12-30,100.0,0.667,-0.0201610780359167,-0.0142815302940975,-0.0322580873973263,-0.0181014940389313,-0.0302417352733944,-0.034396606108037,0.0766127900909974,0.0288904290213101,in_sample,0.0766127900909974,0.0288904290213101,-0.0201610780359167,-0.0142815302940975,True
4863.KL,2012-02-02,85.0,0.778,0.012473927317101,-0.0042654835442654,0.0103950207017,-0.0048805851449746,0.0748440515273014,0.0409293126102519,0.1247399233372708,0.0952686172748769,in_sample,0.1247399233372708,0.0952686172748769,0.012473927317101,-0.0042654835442654,True
4863.KL,2012-03-05,100.0,0.833,-0.0135398621462667,0.0018576102957001,0.0019339203674244,0.0117626384839458,0.032881712229897,0.0237199480549175,0.0579559874898936,0.0667967565569953,in_sample,0.0579559874898936,0.0667967565569953,0.0579559874898936,0.0667967565569953,False
4863.KL,2012-04-02,100.0,0.889,0.0074907343102585,0.0152848206385939,0.0149813222113091,0.0197139462320438,0.0131087484406504,0.0264459980993927,0.085312645517027,0.0864911205035662,in_sample,0.085312645517027,0.0864911205035662,0.085312645517027,0.0864911205035662,False
4863.KL,2012-05-02,100.0,0.944,0.0036969053528499,0.0021106909920478,-0.0092423717682245,0.0200487480927884,0.011022794102611,0.0155854939656591,0.1578751208595334,0.1245710992946707,in_sample,0.1578751208595334,0.1245710992946707,0.1578751208595334,0.1245710992946707,False
4863.KL,2012-05-30,85.0,0.944,0.0055863502202193,0.0092303950371193,0.0297949637084491,0.0291220607875792,0.0595899988865036,0.0426267695476572,0.1173182145577582,0.0709423156263355,in_sample,0.1173182145577582,0.0709423156263355,0.1173182145577582,0.0709423156263355,False
4863.KL,2012-06-27,100.0,1.0,-0.0017574835878376,-0.0091612286908778,0.0087873504889435,-0.0084172867030087,0.0808437728888191,0.0601182855780306,0.0629115856115947,0.0524926796607307,in_sample,0.0629115856115947,0.0524926796607307,-0.0017574835878376,-0.0091612286908778,True
4863.KL,2012-07-25,100.0,1.0,-0.0715448501002726,-0.0699424947730702,-0.047154536182271,-0.0476622012908288,-0.0243903139180016,-0.0324204560858824,0.0015900838675633,-0.0166413646868863,in_sample,0.0015900838675633,-0.0166413646868863,-0.0715448501002726,-0.0699424947730702,True
4863.KL,2012-08-24,85.0,1.0,0.029999794031704,0.0265536194846778,0.0100001445615991,0.0264906204226761,0.0079943843575651,0.0259774298098012,-0.0902636227878717,-0.0696959649408424,in_sample,-0.0902636227878717,-0.0696959649408424,-0.0902636227878717,-0.0696959649408424,False
4863.KL,2012-09-25,85.0,1.0,0.0386553147916668,0.0186068314771414,0.0605045393412322,0.0328630316931148,0.018487727285938,-0.0101299929484586,-0.0067225503212434,-0.0316023960036332,in_sample,-0.0067225503212434,-0.0316023960036332,-0.0067225503212434,-0.0316023960036332,False
4863.KL,2012-10-23,85.0,1.0,-0.0132012302713954,-0.0181083849084285,-0.075907775004187,-0.0642734457152529,-0.1138614132818668,-0.0834811637874258,-0.084158660747753,-0.0623915938350541,in_sample,-0.084158660747753,-0.0623915938350541,-0.0132012302713954,-0.0181083849084285,True
4863.KL,2012-12-11,60.0,1.0,0.0228876983307924,0.0120017807629273,0.0457745324932288,0.0274932464393109,0.031690250153473,0.005495813481916,-0.0686618984515764,-0.0681563116768162,in_sample,-0.0686618984515764,-0.0681563116768162,-0.0686618984515764,-0.0681563116768162,False
4863.KL,2013-01-10,85.0,1.0,-0.0341298212581586,-0.0320640237076229,-0.0494879122180518,-0.0213264568206339,-0.0972696490929532,-0.0654039899917229,-0.06484645420617,-0.078185225221845,in_sample,-0.06484645420617,-0.078185225221845,-0.0341298212581586,-0.0320640237076229,True
4863.KL,2013-03-27,60.0,1.0,0.0018520757295361,-0.0088401762894441,0.0055557377394201,-0.0116129603092129,0.0111112657149023,-0.0127438231738123,0.0279095813943861,-0.0250297447750076,in_sample,0.0279095813943861,-0.0250297447750076,0.0018520757295361,-0.0088401762894441,True
4863.KL,2013-04-24,60.0,1.0,0.0091575083975867,0.0055788716570639,0.0334635898035933,-0.0009288731025387,0.0259748109047541,-0.012511781737309,-0.0152139916858807,-0.0681556942898925,in_sample,-0.0152139916858807,-0.0681556942898925,-0.0152139916858807,-0.0681556942898925,False
4863.KL,2013-05-23,85.0,1.0,0.0018248465454631,0.0039906433959492,-0.012773858416065,-0.0142007177118348,-0.0091240979229614,0.0005823318871275,-0.0401460173805949,-0.0242356240066747,in_sample,-0.0401460173805949,-0.0242356240066747,-0.0401460173805949,-0.0242356240066747,False
4863.KL,2013-06-21,60.0,1.0,-0.0055248817967386,-0.0155998105905037,-0.0073668038278892,-0.0167184250789206,-0.0313075728177529,-0.0551649724993279,0.0091051951207501,-0.0120014250968358,in_sample,0.0091051951207501,-0.0120014250968358,-0.0055248817967386,-0.0155998105905037,True
4863.KL,2013-08-06,60.0,1.0,-0.0112567323175984,-0.0132739321766113,-0.0225138111305248,0.0131068562520216,0.0075048116073717,0.0415957012663137,-0.0063573576792962,-0.0166731827356531,in_sample,-0.0063573576792962,-0.0166731827356531,-0.0112567323175984,-0.0132739321766113,True
4863.KL,2013-09-06,85.0,1.0,0.0222767746752503,-0.0049885685598607,0.0108968563136306,-0.0311961559082714,-0.0137589112498155,-0.0445164793894508,0.0052072754385681,-0.0517018629807211,in_sample,0.0052072754385681,-0.0517018629807211,0.0222767746752503,-0.0049885685598607,True
4863.KL,2013-10-07,60.0,1.0,-0.0076923822630738,-0.0121610756121921,-0.0096154603932315,-0.0246760802503612,0.0,-0.0147623863598811,0.0365384147305525,0.0039408270761138,in_sample,0.0365384147305525,0.0039408270761138,-0.0076923822630738,-0.0121610756121921,True
4863.KL,2013-11-06,60.0,1.0,-0.0096154603932315,0.0017874724355675,-0.0038462957452017,-0.0014281113888059,0.0192307813015766,0.0087762874852852,0.049999891899213,0.0595226691268735,in_sample,0.049999891899213,0.0595226691268735,0.049999891899213,0.0595226691268735,False
4863.KL,2013-12-04,85.0,0.944,0.0377358722958085,0.0262533970805574,0.0490560181456254,0.0350047665715054,0.0169810741065665,0.0099335052782814,0.0735848825502794,0.0696274969413632,in_sample,0.0735848825502794,0.0696274969413632,0.0735848825502794,0.0696274969413632,False
4863.KL,2014-01-03,85.0,0.944,0.0259741107343804,0.0304052589766847,0.0241188892004884,0.0346926078294611,0.0129869544412011,0.03961742285178,0.0871985071565946,0.07779117431516,in_sample,0.0871985071565946,0.07779117431516,0.0871985071565946,0.07779117431516,False
4863.KL,2014-02-05,85.0,0.944,0.0183145667469457,-0.0039489726044754,0.0201468005518021,-0.0042501052705021,0.0421246393235965,0.0179180966944423,0.1355311681335718,0.0875772101888681,in_sample,0.1355311681335718,0.0875772101888681,0.0183145667469457,-0.0039489726044754,True
4863.KL,2014-03-05,85.0,0.944,0.0193323652183268,0.0250783344874219,0.0369070051261994,0.0432871812986397,0.0298769324589365,0.0173626414475964,0.1140531598136751,0.0898501212398406,in_sample,0.1140531598136751,0.0898501212398406,0.1140531598136751,0.0898501212398406,False
4863.KL,2014-04-02,85.0,0.944,0.0,-0.002024838012959,0.0136517007643044,0.0172316170077236,0.0580204554263668,0.0474804880768797,0.1114906327396114,0.0958696534140512,in_sample,0.1114906327396114,0.0958696534140512,0.0,-0.002024838012959,True
4863.KL,2014-04-30,85.0,0.944,-0.0193546183206374,-0.0147166483174571,0.0403223749738825,0.0340066817588973,0.0224133691252179,0.0214195323870844,0.0422661195091118,0.0386220514692889,in_sample,0.0422661195091118,0.0386220514692889,-0.0193546183206374,-0.0147166483174571,True
4863.KL,2014-05-30,85.0,0.944,-0.0016181663024591,0.0040827879530046,0.0032363326049182,0.0014427908019711,0.0275080261826676,0.0234778514138294,0.0145629246084626,0.0150967191388802,in_sample,0.0145629246084626,0.0150967191388802,0.0145629246084626,0.0150967191388802,False
4863.KL,2014-06-27,85.0,0.944,-0.0047245362407654,-0.006840500341024,-0.011023583816754,-0.0122038354155549,-0.007873892989577,-0.0064968678920648,0.042048439358485,0.0635431534395174,in_sample,0.042048439358485,0.0635431534395174,-0.0047245362407654,-0.006840500341024,True
4863.KL,2014-07-30,85.0,0.944,-0.0079367199515288,-0.0034540799458775,-0.006349375961223,0.0044580003003723,-0.0047621442141636,-0.0015891504824899,0.1147551379907245,0.1427904846625808,in_sample,0.1147551379907245,0.1427904846625808,-0.0079367199515288,-0.0034540799458775,True
4863.KL,2014-08-27,85.0,0.944,0.0111642369086011,0.0128572927717516,0.0191387079547908,0.022487397598399,0.0553442365589822,0.0723706974267951,0.213969534651472,0.2320320786867995,in_sample,0.213969534651472,0.2320320786867995,0.213969534651472,0.2320320786867995,False
4863.KL,2014-09-26,85.0,0.944,0.024539832718516,0.024365996103975,0.0414110745784059,0.0649373168104761,0.0613495817962899,0.0694017123526944,0.0398773350334986,0.0895648933990922,in_sample,0.0398773350334986,0.0895648933990922,0.0398773350334986,0.0895648933990922,False
4863.KL,2014-10-28,100.0,0.944,0.0592484534970747,0.0473734639026177,0.0289018860101206,0.029214135880089,0.0838150868122873,0.0767601787758918,-0.0158958258592949,0.0081664700625144,in_sample,-0.0158958258592949,0.0081664700625144,-0.0158958258592949,0.0081664700625144,False
4863.KL,2014-11-25,100.0,0.944,-0.0933330756848348,-0.0647291213865731,-0.0799999516909065,-0.025359319997509,-0.0959999234486672,-0.0473150793788531,-0.0693332109502965,-0.0569865524138601,in_sample,-0.0693332109502965,-0.0569865524138601,-0.0933330756848348,-0.0647291213865731,True
4863.KL,2014-12-23,60.0,0.944,0.0147494407889936,0.0077742537838825,0.0,0.012000794516108,0.0044247705760156,-0.0142710644538532,0.057522120256007,0.0174718502224271,in_sample,0.057522120256007,0.0174718502224271,0.057522120256007,0.0174718502224271,False
4863.KL,2015-01-22,60.0,0.944,0.0279003000901396,0.0276589341796935,0.0264317716982154,0.0096898291952338,0.0249633456213749,0.0058192539409693,0.0998530755402491,0.0588708841378358,in_sample,0.0998530755402491,0.0588708841378358,0.0998530755402491,0.0588708841378358,False
4863.KL,2015-02-25,85.0,0.944,0.0358167506262656,0.0304859135633721,0.012893958352778,0.0336554440818531,0.0272205787447537,0.0254363055846467,0.0840738631514272,0.0996917993251085,in_sample,0.0840738631514272,0.0996917993251085,0.0840738631514272,0.0996917993251085,False
4863.KL,2015-03-25,85.0,0.944,0.0237100529493354,0.0197465088315966,0.0418410241076079,0.0246841424481709,0.0446303220583295,0.0250216999792582,-0.029876186578893,0.0236282702189458,in_sample,-0.029876186578893,0.0236282702189458,-0.029876186578893,0.0236282702189458,False
4863.KL,2015-04-22,85.0,0.944,-0.0026701292235378,0.0037133930976309,-0.0146861293470764,0.0107186349207306,0.010258550334629,0.046527208347686,-0.0903592641520895,-0.0199246478531621,in_sample,-0.0903592641520895,-0.0199246478531621,-0.0903592641520895,-0.0199246478531621,False
4863.KL,2015-05-22,85.0,1.0,-0.0201882275072714,0.0021781951325886,-0.0780618277646576,-0.054470194788259,-0.0807534625181733,-0.0439814454727188,-0.1682367946130104,-0.0479794738088146,in_sample,-0.1682367946130104,-0.0479794738088146,-0.1682367946130104,-0.0479794738088146,False
4863.KL,2015-06-22,60.0,1.0,-0.0520230888123189,-0.0284537741985563,-0.030346801807186,-0.0212803639571892,-0.0332368086280807,-0.0352162700776146,-0.0017216851554534,0.0278380752351692,in_sample,-0.0017216851554534,0.0278380752351692,-0.0520230888123189,-0.0284537741985563,True
4863.KL,2015-08-25,60.0,1.0,0.0030864526657172,-0.0136980793390071,0.0237955544227874,-0.0014100451668406,0.0425808627264991,0.0099261123698746,0.0331882613651997,-0.039122755763078,in_sample,0.0331882613651997,-0.039122755763078,0.0030864526657172,-0.0136980793390071,True
4863.KL,2015-09-25,85.0,1.0,0.0195192943252604,0.0109806233702109,0.0240239416099197,-0.0326506478622272,0.0165165674551233,-0.0403128198191973,-0.0120120214394556,-0.0295041730850667,in_sample,-0.0120120214394556,-0.0295041730850667,-0.0120120214394556,-0.0295041730850667,False
4863.KL,2015-10-26,85.0,1.0,-0.0280650505933229,-0.0030355555788672,-0.0295420693824246,-0.0174257262836,-0.0251108137680148,-0.0076745684862158,-0.0310192874186312,0.0167780844067926,in_sample,-0.0310192874186312,0.0167780844067926,-0.0280650505933229,-0.0030355555788672,True
4863.KL,2015-11-24,60.0,1.0,-0.0090909927005956,-0.0122751729043045,0.0,0.0046451398760976,-0.0030303309001985,0.0171064698375966,0.0090908905109787,0.0089418174498929,in_sample,0.0090908905109787,0.0089418174498929,-0.0090909927005956,-0.0122751729043045,True
4863.KL,2015-12-22,60.0,1.0,0.0303951096731924,0.0004241983704678,0.0075986492930149,-0.0011339770111962,-0.0030395417173871,0.0079447509209393,0.0170702852253303,-0.0325201567924229,in_sample,0.0170702852253303,-0.0325201567924229,0.0170702852253303,-0.0325201567924229,False
4863.KL,2016-01-22,60.0,0.944,0.00609761739723,-0.0111125237203539,0.0121953376071899,-0.0107247778826957,0.0152439406803446,-0.0167950386582624,0.0403571837619218,-0.0125221767774315,in_sample,0.0403571837619218,-0.0125221767774315,0.00609761739723,-0.0111125237203539,True
4863.KL,2016-02-23,85.0,0.944,-0.0075074754237879,-0.0036559521867762,0.0017941827242999,-0.0045136226927373,0.0048532151537703,-0.0234485411862397,0.0170887372577024,0.0418669841024896,in_sample,0.0170887372577024,0.0418669841024896,-0.0075074754237879,-0.0036559521867762,True
4863.KL,2016-03-22,85.0,0.889,0.0060884152010332,0.011718193973319,0.0045660342560907,0.0084332868696941,0.0197869210888459,0.0276721076874472,0.022830977519535,0.0789492781790508,in_sample,0.022830977519535,0.0789492781790508,0.022830977519535,0.0789492781790508,False
4863.KL,2016-04-19,85.0,0.889,-0.0014927433697933,0.009406373684802,-0.0074628274288851,0.0238436434211611,-0.0074628274288851,0.0366186690119465,0.0089551755008645,0.0418979299717882,in_sample,0.0089551755008645,0.0418979299717882,0.0089551755008645,0.0418979299717882,False
4863.KL,2016-05-18,85.0,0.889,0.0030075361651593,0.0059175756895767,0.0060149727628102,0.0116516164843891,0.0105263765780578,0.0152704708635176,0.0225564216711868,-0.0037806524592229,in_sample,0.0225564216711868,-0.0037806524592229,0.0225564216711868,-0.0037806524592229,False
4863.KL,2016-06-15,85.0,0.889,0.0074405187110102,5.703274104318368e-05,0.0074405187110102,-0.0086040989355722,0.0059524149688081,-0.0105222336729986,0.0238094628145506,-0.0121127845821684,in_sample,0.0238094628145506,-0.0121127845821684,0.0238094628145506,-0.0121127845821684,False
4863.KL,2016-07-14,85.0,0.889,0.004437601191823,0.0027696998896797,0.0103548925175105,0.0081068772905528,0.0059170954310514,-0.0085984408372079,0.0047053891593866,-0.0026974074559464,in_sample,0.0047053891593866,-0.0026974074559464,0.0047053891593866,-0.0026974074559464,False
4863.KL,2016-08-11,85.0,0.889,0.0,-0.009572281285243,0.0029411933673488,0.0020476980395121,0.0117646760982323,0.0072138705490796,-0.0325102840988702,-0.0139374625572563,in_sample,-0.0325102840988702,-0.0139374625572563,0.0,-0.009572281285243,True
4863.KL,2016-09-09,85.0,0.889,-0.030499564807497,-0.0123193074757067,0.0004419292289605,0.01332111346188,-0.0128184498523886,-0.0013090497054792,-0.0997494515342605,-0.0677471433713491,out_of_sample,-0.0997494515342605,-0.0677471433713491,-0.030499564807497,-0.0123193074757067,True
4863.KL,2016-10-12,60.0,0.889,0.0014921604545308,0.0007483284823508,-0.0149255040891591,-0.019058611788091,-0.0313434610986379,-0.0196999790745773,-0.0731344825938985,-0.0782093527454989,out_of_sample,-0.0731344825938985,-0.0782093527454989,-0.0731344825938985,-0.0782093527454989,False
4863.KL,2017-01-06,60.0,0.667,-0.0289853456640467,-0.0272007989035156,-0.0289853456640467,-0.022658852729013,-0.0338163067286884,-0.0417841105733834,0.054298088073269,0.0130086419326447,out_of_sample,0.054298088073269,0.0130086419326447,-0.0289853456640467,-0.0272007989035156,True
4863.KL,2017-02-10,60.0,0.611,0.0048856105864327,-0.0002588398391973,-0.0032575701645635,-0.0029103149108997,0.0480471918962224,0.0370756359311488,0.0762830126577376,0.0355457968674455,out_of_sample,0.0762830126577376,0.0355457968674455,0.0048856105864327,-0.0002588398391973,True
5142.KL,2007-09-03,85.0,0.611,0.0655737641619513,0.060465336382576,0.032786785550736,0.0373034650108904,0.0436870767631634,-0.0053029348103881,-0.0112436492755212,-0.0754422105428607,in_sample,-0.0112436492755212,-0.0754422105428607,-0.0112436492755212,-0.0754422105428607,False
5142.KL,2007-10-01,85.0,0.667,-0.0210523988944898,-0.0337393557267026,-0.0210523988944898,-0.0398564188911659,-0.010526153202426,-0.0593290839410173,0.0210527688530415,-0.0531760917014434,in_sample,0.0210527688530415,-0.0531760917014434,-0.0210523988944898,-0.0337393557267026,True
5142.KL,2007-10-30,85.0,0.667,-0.0106382252811754,0.0061229728135189,-0.0159576183424278,0.0040100217370082,-0.0425531815453664,-0.0098447947857339,0.031914862790636,0.0491078202654908,in_sample,0.031914862790636,0.0491078202654908,0.031914862790636,0.0491078202654908,False
5142.KL,2007-11-28,60.0,0.722,0.0888889648217265,0.0441129067466337,0.0722221191705139,0.0304096994908045,0.0777777343875849,0.0189007673639352,-0.3888889160077594,-0.3821714666554892,in_sample,-0.3888889160077594,-0.3821714666554892,-0.3888889160077594,-0.3821714666554892,False
5142.KL,2007-12-28,85.0,0.778,0.0103093894776506,-0.0060895903903315,0.0309277155198377,-0.0096170657517369,0.0,0.040455023691277,-0.4560850462129896,-0.318203568060862,in_sample,-0.4560850462129896,-0.318203568060862,0.0103093894776506,-0.0060895903903315,True
5142.KL,2008-01-29,60.0,0.833,-0.0670102163611239,-0.086772507615175,-0.0773197870040205,-0.1051843468932896,-0.4329896930562531,-0.4105914391232769,-0.3457257910014316,-0.278610240834885,in_sample,-0.3457257910014316,-0.278610240834885,-0.0670102163611239,-0.086772507615175,True
